{"stats":{"minecraft:broken":{"minecraft:iron_boots":1,"minecraft:iron_chestplate":1,"minecraft:stone_axe":2,"minecraft:iron_sword":2,"minecraft:stone_shovel":2,"minecraft:iron_axe":1,"minecraft:iron_pickaxe":1,"minecraft:iron_helmet":1},"minecraft:mined":{"minecraft:spruce_planks":20,"minecraft:jungle_slab":1,"minecraft:jungle_leaves":70,"minecraft:granite":10,"minecraft:budding_amethyst":1,"minecraft:acacia_log":135,"minecraft:grass_block":1522,"minecraft:jungle_log":98,"minecraft:crimson_fungus":1,"minecraft:spawner":3,"minecraft:tall_seagrass":3,"minecraft:iron_ore":6,"minecraft:fire":1,"minecraft:pumpkin":8,"minecraft:anvil":1,"vampirism:tent":1,"iceandfire:gold_pile":102,"minecraft:dirt_path":17,"minecraft:small_amethyst_bud":2,"minecraft:iron_bars":2,"minecraft:light_gray_concrete":10,"minecraft:tripwire":3,"iceandfire:chared_cobblestone":1,"minecraft:deepslate_redstone_ore":6,"minecraft:crimson_nylium":4,"minecraft:medium_amethyst_bud":1,"minecraft:amethyst_cluster":2,"minecraft:chiseled_quartz_block":16,"minecraft:clay":1,"minecraft:torch":13,"minecraft:note_block":3,"minecraft:blast_furnace":1,"minecraft:poppy":1,"minecraft:chest":1,"minecraft:nether_quartz_ore":10,"minecraft:cobblestone":8,"minecraft:sugar_cane":27,"minecraft:wall_torch":18,"minecraft:amethyst_block":1,"minecraft:seagrass":3,"minecraft:stone_stairs":8,"minecraft:repeater":2,"minecraft:acacia_sapling":4,"minecraft:light_gray_stained_glass":1,"minecraft:birch_log":68,"minecraft:wheat":19,"minecraft:stone_brick_stairs":3,"minecraft:grass":162,"minecraft:oak_log":10,"minecraft:dirt":168,"minecraft:acacia_fence":9,"minecraft:sand":145,"minecraft:smooth_quartz":15,"minecraft:crimson_planks":1,"minecraft:dispenser":1,"minecraft:netherrack":12,"minecraft:piston":1,"minecraft:oak_leaves":27,"minecraft:deepslate":27,"iceandfire:chared_stone":9,"minecraft:nether_gold_ore":1,"minecraft:tuff":1,"iceandfire:silver_ore":3,"minecraft:deepslate_diamond_ore":24,"minecraft:stripped_birch_log":1,"minecraft:jungle_planks":3,"minecraft:crimson_roots":5,"minecraft:weeping_vines":1,"iceandfire:chared_dirt":7,"minecraft:acacia_slab":39,"minecraft:hay_block":15,"minecraft:black_stained_glass_pane":3,"minecraft:furnace":5,"minecraft:jungle_sapling":1,"minecraft:acacia_stairs":102,"iceandfire:chared_gravel":4,"minecraft:andesite":3,"minecraft:black_concrete":3,"minecraft:deepslate_iron_ore":10,"minecraft:shroomlight":9,"minecraft:vine":32,"minecraft:stone":131,"minecraft:orange_glazed_terracotta":1,"minecraft:acacia_leaves":26,"minecraft:redstone_block":1,"minecraft:gray_concrete":5,"minecraft:soul_sand":2,"minecraft:stone_brick_slab":1,"travelersbackpack:standard":8,"minecraft:tall_grass":21,"minecraft:copper_ore":3,"minecraft:deepslate_gold_ore":16,"minecraft:diorite":2,"minecraft:spruce_stairs":1,"minecraft:gray_wool":2,"minecraft:birch_planks":9,"minecraft:birch_leaves":12,"iceandfire:ash":1,"minecraft:coal_ore":39,"minecraft:gravel":118,"minecraft:acacia_door":3,"minecraft:cobweb":8,"minecraft:acacia_planks":81},"minecraft:custom":{"minecraft:animals_bred":49,"minecraft:interact_with_crafting_table":26,"minecraft:open_barrel":13,"minecraft:leave_game":14,"minecraft:time_since_death":79202,"minecraft:sprint_one_cm":1643341,"minecraft:damage_blocked_by_shield":3880,"minecraft:drop":213,"minecraft:play_noteblock":9,"minecraft:talked_to_villager":25,"minecraft:play_time":881569,"minecraft:deaths":10,"minecraft:jump":4761,"minecraft:walk_on_water_one_cm":188696,"minecraft:interact_with_furnace":131,"minecraft:sleep_in_bed":42,"minecraft:waystone_activated":6,"minecraft:damage_dealt":41764,"minecraft:crouch_one_cm":69988,"tombstone:undead_killed":66,"minecraft:inspect_dispenser":5,"minecraft:interact_with_smithing_table":4,"minecraft:interact_with_anvil":9,"minecraft:mob_kills":207,"minecraft:damage_dealt_resisted":318,"minecraft:climb_one_cm":19061,"minecraft:walk_one_cm":2673623,"minecraft:raid_win":1,"minecraft:sneak_time":25066,"minecraft:walk_under_water_one_cm":88554,"minecraft:boat_one_cm":777737,"minecraft:interact_with_blast_furnace":1,"minecraft:total_world_time":881569,"tombstone:raider_killed":22,"minecraft:tune_noteblock":3,"minecraft:raid_trigger":1,"minecraft:interact_with_grindstone":3,"minecraft:time_since_rest":26208,"minecraft:damage_taken":11454,"minecraft:swim_one_cm":68346,"minecraft:fly_one_cm":981679,"minecraft:open_chest":343,"minecraft:fall_one_cm":86592},"minecraft:used":{"minecraft:iron_shovel":1824,"minecraft:chest":11,"minecraft:shield":125,"minecraft:stone":38,"minecraft:iron_sword":448,"minecraft:soul_sand":12,"minecraft:carrot":16,"minecraft:acacia_sapling":35,"minecraft:spruce_boat":1,"minecraft:jungle_sapling":9,"vampirism:item_tent":1,"minecraft:crimson_roots":1,"minecraft:stone_brick_stairs":1,"minecraft:oak_sapling":2,"minecraft:furnace":12,"minecraft:acacia_fence":9,"minecraft:skeleton_skull":1,"minecraft:egg":2,"minecraft:potato":1,"minecraft:oak_planks":1,"minecraft:blackstone":6,"minecraft:sugar_cane":20,"minecraft:sand":3,"minecraft:blast_furnace":1,"minecraft:note_block":1,"minecraft:gray_concrete":10,"waystones:waystone":2,"easy_villagers:villager":3,"minecraft:acacia_door":4,"minecraft:bread":45,"minecraft:gravel":1,"minecraft:diamond_sword":724,"minecraft:smithing_table":1,"minecraft:bone_meal":9,"minecraft:acacia_log":8,"minecraft:stone_shovel":179,"minecraft:cooked_chicken":2,"minecraft:netherrack":10,"minecraft:torch":159,"minecraft:dirt":759,"minecraft:anvil":1,"minecraft:stone_stairs":16,"minecraft:shroomlight":5,"minecraft:iron_hoe":120,"minecraft:wooden_axe":52,"minecraft:iron_axe":526,"minecraft:acacia_slab":97,"minecraft:jungle_log":21,"minecraft:smooth_quartz":13,"tombstone:gift":9,"minecraft:cooked_beef":55,"minecraft:acacia_planks":36,"minecraft:wheat_seeds":174,"minecraft:cooked_mutton":20,"minecraft:acacia_boat":2,"minecraft:water_bucket":160,"minecraft:birch_planks":277,"minecraft:brown_banner":2,"justhammers:iron_hammer":247,"minecraft:acacia_stairs":93,"minecraft:apple":4,"minecraft:iron_pickaxe":533,"justhammers:stone_hammer":306,"minecraft:stone_axe":168,"minecraft:crimson_fungus":1,"minecraft:cobblestone":19,"travelersbackpack:standard":22,"minecraft:white_banner":1,"minecraft:cooked_porkchop":13,"minecraft:bucket":162,"minecraft:glass_pane":31,"minecraft:gray_wool":1},"minecraft:killed_by":{"minecraft:drowned":2,"minecraft:husk":1,"minecraft:player":1,"minecraft:skeleton":1,"iceandfire:ghost":1},"minecraft:crafted":{"minecraft:oak_planks":12,"minecraft:cooked_chicken":1,"minecraft:stone":138,"minecraft:bookshelf":1,"minecraft:cooked_mutton":7,"minecraft:glass":61,"travelersbackpack:nether":1,"minecraft:chest":9,"minecraft:acacia_fence":6,"minecraft:golden_boots":1,"minecraft:cooked_porkchop":8,"minecraft:acacia_slab":78,"travelersbackpack:standard":1,"minecraft:birch_planks":268,"minecraft:book":1,"minecraft:paper":9,"minecraft:shield":3,"minecraft:stick":60,"minecraft:iron_ingot":30,"minecraft:gold_ingot":142,"iceandfire:dragon_stick":1,"minecraft:furnace":8,"minecraft:glass_pane":48,"minecraft:stone_stairs":8,"travelersbackpack:white_sleeping_bag":2,"minecraft:iron_axe":3,"minecraft:iron_hoe":1,"minecraft:spruce_boat":1,"minecraft:wheat":135,"minecraft:cooked_beef":91,"minecraft:red_dye":1,"minecraft:diamond_sword":1,"iceandfire:silver_ingot":3,"minecraft:iron_sword":4,"minecraft:bucket":1,"minecraft:bread":6,"minecraft:acacia_boat":1,"minecraft:air":0,"minecraft:jungle_planks":8,"justhammers:iron_hammer":3,"justhammers:stone_hammer":6,"minecraft:wooden_axe":1,"minecraft:iron_shovel":1,"minecraft:acacia_planks":216,"minecraft:torch":108,"minecraft:diamond_chestplate":1},"minecraft:dropped":{"iceandfire:chared_stone":9,"minecraft:soul_sand":2,"minecraft:weeping_vines":3,"minecraft:jungle_planks":2,"minecraft:orange_glazed_terracotta":1,"minecraft:dirt":103,"minecraft:crimson_roots":17,"iceandfire:chared_gravel":4,"minecraft:jungle_sapling":1,"minecraft:sand":7,"iceandfire:ash":1,"minecraft:black_concrete":3,"minecraft:acacia_door":1,"minecraft:white_wool":2,"minecraft:gold_ingot":54,"minecraft:gravel":120,"minecraft:stone_axe":1,"minecraft:golden_chestplate":1,"minecraft:cobbled_deepslate":1304,"minecraft:obsidian":12,"minecraft:rotten_flesh":19,"minecraft:cooked_mutton":1,"justhammers:iron_hammer":4,"justhammers:stone_hammer":7,"minecraft:brick_stairs":2,"travelersbackpack:white_sleeping_bag":2,"minecraft:jungle_log":2,"minecraft:chest":1,"minecraft:spruce_wood":7,"minecraft:iron_bars":2,"minecraft:glass":19,"minecraft:stone_brick_stairs":2,"minecraft:crimson_planks":1,"minecraft:wheat_seeds":71,"minecraft:cobblestone":380,"minecraft:feather":2,"minecraft:granite":131,"minecraft:spruce_stairs":1,"minecraft:acacia_log":52,"minecraft:cobweb":3,"minecraft:jungle_slab":2,"minecraft:wooden_axe":1,"minecraft:smooth_quartz":7,"minecraft:iron_leggings":1,"minecraft:iron_axe":1,"minecraft:string":2,"minecraft:acacia_planks":136,"minecraft:stone_brick_slab":2,"minecraft:kelp":5,"minecraft:raw_copper":25,"minecraft:tuff":77,"minecraft:clay_ball":4,"minecraft:light_gray_concrete":2,"minecraft:filled_map":1,"minecraft:shield":1,"minecraft:andesite":88,"minecraft:oak_sapling":1,"minecraft:spider_eye":2,"minecraft:bow":1,"minecraft:brick_slab":1},"minecraft:killed":{"vampirism:vampire":3,"minecraft:spider":6,"minecraft:skeleton":37,"minecraft:chicken":1,"minecraft:magma_cube":6,"minecraft:pig":8,"minecraft:creeper":4,"vampirism:hunter":1,"minecraft:sheep":4,"minecraft:pillager":20,"minecraft:zombie":18,"minecraft:glow_squid":1,"minecraft:cow":63,"minecraft:vindicator":2,"iceandfire:siren":1,"minecraft:hoglin":26,"iceandfire:ghost":2,"minecraft:wither_skeleton":9,"minecraft:enderman":1},"minecraft:picked_up":{"minecraft:wheat":132,"minecraft:redstone_block":1,"minecraft:prismarine_shard":1,"minecraft:anvil":1,"minecraft:diamond_sword":3,"minecraft:potion":2,"minecraft:nether_brick":13,"minecraft:stone_brick_stairs":3,"minecraft:crimson_planks":1,"minecraft:amethyst_block":1,"minecraft:string":35,"minecraft:iron_leggings":1,"minecraft:orange_glazed_terracotta":1,"minecraft:shroomlight":10,"vampirism:obi_belt":1,"minecraft:gold_nugget":977,"minecraft:cobbled_deepslate":1302,"minecraft:spruce_planks":8,"minecraft:smooth_quartz":22,"minecraft:furnace":5,"minecraft:iron_boots":1,"minecraft:stick":26,"minecraft:acacia_fence":15,"minecraft:torch":53,"minecraft:acacia_log":139,"minecraft:spruce_stairs":1,"travelersbackpack:iron_tier_upgrade":1,"iceandfire:silver_ore":3,"minecraft:porkchop":48,"tombstone:grave_dust":11,"vampirism:vampire_fang":1,"minecraft:golden_chestplate":1,"minecraft:rotten_flesh":28,"minecraft:obsidian":2,"minecraft:iron_bars":2,"minecraft:cobblestone":889,"paraglider:paraglider":1,"minecraft:birch_log":67,"minecraft:feather":2,"minecraft:repeater":2,"minecraft:andesite":88,"minecraft:jungle_log":97,"minecraft:chiseled_quartz_block":16,"minecraft:potato":1,"paraglider:spirit_orb":2,"minecraft:flint":9,"minecraft:tuff":77,"minecraft:acacia_boat":1,"travelersbackpack:gold_tier_upgrade":1,"minecraft:gray_concrete":10,"minecraft:lapis_lazuli":63,"minecraft:dirt":1562,"minecraft:glass":7,"minecraft:bone":70,"minecraft:acacia_planks":118,"minecraft:bow":2,"minecraft:wheat_seeds":237,"minecraft:raw_gold":20,"minecraft:oak_planks":1,"minecraft:cooked_porkchop":3,"justhammers:iron_hammer":1,"minecraft:jungle_planks":2,"minecraft:sand":144,"minecraft:acacia_stairs":102,"minecraft:jungle_slab":2,"minecraft:spectral_arrow":39,"iceandfire:chared_cobblestone":1,"minecraft:light_gray_concrete":11,"minecraft:dispenser":1,"minecraft:diamond":33,"minecraft:black_concrete":3,"waystones:waystone":2,"minecraft:granite":131,"minecraft:bone_meal":2,"minecraft:emerald":2,"minecraft:oak_sapling":3,"minecraft:netherrack":35,"minecraft:crimson_roots":18,"iceandfire:dragon_skull_lightning":1,"iceandfire:witherbone":3,"minecraft:splash_potion":3,"minecraft:chicken":1,"minecraft:nether_wart":3,"minecraft:clay_ball":4,"minecraft:stone_stairs":8,"minecraft:iron_axe":1,"minecraft:acacia_door":3,"minecraft:iron_shovel":2,"minecraft:blackstone":25,"minecraft:beef":120,"minecraft:jungle_sapling":12,"minecraft:iron_nugget":24,"minecraft:poppy":1,"minecraft:quartz_stairs":2,"minecraft:sugar_cane":32,"minecraft:chest":3,"minecraft:birch_sapling":1,"minecraft:piston":1,"minecraft:egg":5,"minecraft:raw_iron":26,"iceandfire:dragonbone":3,"minecraft:note_block":3,"minecraft:fire_charge":4,"minecraft:cookie":10,"minecraft:redstone":61,"minecraft:prismarine_crystals":9,"minecraft:arrow":24,"minecraft:weeping_vines":3,"minecraft:beetroot_seeds":2,"minecraft:pumpkin_pie":13,"iceandfire:chared_dirt":7,"minecraft:hay_block":15,"tombstone:essence_of_undeath":1,"minecraft:gold_ingot":10,"minecraft:brick_stairs":2,"minecraft:mutton":9,"minecraft:skeleton_skull":1,"minecraft:white_wool":4,"minecraft:glow_ink_sac":1,"iceandfire:sea_serpent_fang":2,"vampirism:item_tent":1,"minecraft:leather":90,"minecraft:filled_map":1,"minecraft:birch_planks":9,"minecraft:crimson_fungus":1,"minecraft:oak_log":10,"minecraft:nether_wart_block":2,"minecraft:gunpowder":2,"minecraft:white_banner":4,"minecraft:cooked_mutton":1,"vampirism:human_heart":1,"minecraft:apple":2,"minecraft:kelp":5,"minecraft:soul_sand":17,"minecraft:acacia_sapling":34,"iceandfire:chared_stone":9,"minecraft:pumpkin":13,"minecraft:stone_brick_slab":2,"iceandfire:ash":1,"minecraft:quartz":13,"minecraft:gravel":127,"minecraft:amethyst_shard":8,"justhammers:stone_hammer":2,"minecraft:blast_furnace":1,"minecraft:crying_obsidian":10,"minecraft:spider_eye":2,"travelersbackpack:standard":12,"minecraft:pumpkin_seeds":10,"minecraft:stone_axe":1,"minecraft:chainmail_leggings":1,"minecraft:gray_wool":3,"minecraft:acacia_slab":36,"iceandfire:chared_gravel":4,"minecraft:coal":157,"minecraft:ender_pearl":1}},"DataVersion":3120}