{"stats":{"minecraft:broken":{"minecraft:golden_boots":2,"minecraft:iron_boots":1,"minecraft:iron_chestplate":2,"minecraft:chainmail_boots":1,"minecraft:iron_sword":2,"minecraft:iron_hoe":3,"minecraft:shield":1,"minecraft:iron_axe":2,"minecraft:iron_pickaxe":2,"minecraft:iron_helmet":1,"minecraft:iron_shovel":2,"minecraft:golden_leggings":1,"minecraft:stone_axe":2,"minecraft:stone_shovel":2},"minecraft:mined":{"minecraft:jungle_leaves":124,"minecraft:granite":34,"minecraft:acacia_log":359,"minecraft:jungle_log":503,"minecraft:deepslate_bricks":4,"minecraft:diorite_stairs":2,"minecraft:crimson_fungus":5,"minecraft:spawner":4,"minecraft:weeping_vines_plant":3,"minecraft:tall_seagrass":5,"minecraft:fire":3,"minecraft:pumpkin":8,"minecraft:deepslate_lapis_ore":15,"iceandfire:gold_pile":142,"minecraft:dirt_path":19,"minecraft:small_amethyst_bud":2,"minecraft:light_gray_concrete":38,"minecraft:player_head":4,"minecraft:tripwire":4,"minecraft:brown_mushroom":1,"minecraft:player_wall_head":2,"minecraft:crimson_nylium":7,"minecraft:soul_fire":3,"minecraft:amethyst_cluster":2,"minecraft:torch":48,"minecraft:note_block":3,"minecraft:blast_furnace":1,"minecraft:melon":17,"minecraft:white_stained_glass_pane":1,"minecraft:sugar_cane":241,"minecraft:damaged_anvil":1,"minecraft:amethyst_block":1,"minecraft:repeater":2,"minecraft:light_gray_stained_glass":1,"minecraft:wheat":491,"minecraft:warped_fungus":1,"minecraft:stone_brick_stairs":9,"minecraft:grass":578,"minecraft:smooth_quartz":25,"minecraft:piston":1,"minecraft:deepslate":111,"minecraft:light_blue_stained_glass_pane":2,"minecraft:deepslate_tiles":68,"iceandfire:silver_ore":10,"minecraft:stripped_birch_log":1,"minecraft:nether_bricks":3,"minecraft:allium":9,"minecraft:jungle_planks":33,"minecraft:crimson_roots":9,"minecraft:redstone_wire":1,"minecraft:red_mushroom":4,"minecraft:black_stained_glass_pane":3,"minecraft:jungle_sapling":1,"iceandfire:chared_gravel":4,"minecraft:andesite":6,"minecraft:potatoes":537,"minecraft:vine":138,"minecraft:bone_block":44,"minecraft:birch_stairs":3,"minecraft:redstone_block":1,"minecraft:gray_concrete":8,"minecraft:soul_sand":15,"minecraft:lily_of_the_valley":19,"travelersbackpack:nether":1,"minecraft:stone_brick_slab":3,"minecraft:dandelion":1,"minecraft:emerald_ore":2,"minecraft:tall_grass":46,"minecraft:copper_ore":8,"minecraft:deepslate_gold_ore":19,"minecraft:diorite":15,"minecraft:spruce_log":25,"minecraft:birch_leaves":12,"minecraft:jungle_fence":5,"minecraft:gravel":196,"minecraft:acacia_door":3,"minecraft:cobweb":14,"minecraft:acacia_planks":81,"minecraft:fern":6,"minecraft:spruce_planks":20,"minecraft:attached_melon_stem":3,"minecraft:farmland":179,"minecraft:jungle_slab":1,"minecraft:budding_amethyst":1,"minecraft:grass_block":3285,"minecraft:polished_diorite":18,"minecraft:iron_ore":6,"minecraft:anvil":1,"vampirism:tent":1,"minecraft:iron_bars":2,"iceandfire:chared_cobblestone":1,"minecraft:deepslate_redstone_ore":37,"minecraft:melon_stem":13,"minecraft:medium_amethyst_bud":1,"minecraft:chiseled_quartz_block":42,"minecraft:clay":1,"minecraft:poppy":2,"minecraft:chest":12,"iceandfire:fire_lily":1,"minecraft:nether_quartz_ore":36,"minecraft:cobblestone":12,"minecraft:wall_torch":54,"minecraft:stone_stairs":8,"minecraft:seagrass":4,"minecraft:acacia_sapling":6,"minecraft:nether_wart_block":8,"minecraft:birch_log":68,"minecraft:waxed_oxidized_cut_copper_stairs":1,"minecraft:smooth_stone_slab":5,"minecraft:oak_log":59,"minecraft:beetroots":108,"minecraft:acacia_fence":12,"minecraft:crimson_planks":1,"minecraft:sand":439,"minecraft:dirt":1290,"minecraft:dispenser":1,"minecraft:netherrack":69,"minecraft:oak_leaves":64,"minecraft:gray_candle":1,"iceandfire:chared_stone":9,"minecraft:nether_gold_ore":9,"minecraft:tuff":14,"minecraft:quartz_stairs":3,"minecraft:deepslate_diamond_ore":79,"minecraft:weeping_vines":1,"iceandfire:chared_dirt":7,"minecraft:spruce_leaves":7,"minecraft:acacia_slab":39,"minecraft:large_fern":1,"minecraft:hay_block":16,"minecraft:spore_blossom":1,"minecraft:furnace":5,"minecraft:carrots":652,"minecraft:acacia_stairs":102,"minecraft:dark_oak_fence_gate":1,"minecraft:black_concrete":3,"minecraft:chiseled_deepslate":8,"minecraft:polished_deepslate":19,"minecraft:deepslate_iron_ore":10,"minecraft:shroomlight":46,"minecraft:stripped_acacia_log":1,"minecraft:stone":564,"minecraft:orange_glazed_terracotta":1,"minecraft:acacia_leaves":76,"vampirism:tent_main":1,"travelersbackpack:standard":8,"minecraft:lapis_ore":2,"minecraft:spruce_stairs":2,"minecraft:gray_wool":2,"minecraft:birch_planks":178,"iceandfire:ash":1,"minecraft:coal_ore":175},"minecraft:custom":{"minecraft:interact_with_crafting_table":31,"minecraft:open_barrel":15,"minecraft:bell_ring":1,"minecraft:leave_game":35,"minecraft:time_since_death":58439,"minecraft:damage_blocked_by_shield":8515,"minecraft:play_time":2214063,"minecraft:deaths":25,"minecraft:jump":14532,"minecraft:interact_with_furnace":217,"minecraft:traded_with_villager":194,"minecraft:sleep_in_bed":64,"minecraft:waystone_activated":6,"minecraft:damage_dealt":110137,"tombstone:undead_killed":345,"minecraft:interact_with_smoker":1,"minecraft:inspect_dispenser":6,"minecraft:interact_with_smithing_table":4,"minecraft:interact_with_anvil":33,"minecraft:sneak_time":33884,"minecraft:interact_with_blast_furnace":2,"minecraft:total_world_time":2214063,"tombstone:raider_killed":47,"minecraft:tune_noteblock":5,"minecraft:interact_with_stonecutter":13,"minecraft:time_since_rest":57946,"minecraft:swim_one_cm":146494,"minecraft:fly_one_cm":3180209,"minecraft:open_chest":1035,"minecraft:fall_one_cm":187847,"minecraft:animals_bred":71,"minecraft:damage_resisted":295,"minecraft:sprint_one_cm":4557162,"minecraft:drop":526,"minecraft:play_noteblock":9,"minecraft:talked_to_villager":27,"minecraft:walk_on_water_one_cm":410993,"tombstone:steal_effect":26,"minecraft:player_kills":2,"minecraft:crouch_one_cm":88529,"minecraft:mob_kills":684,"minecraft:damage_dealt_resisted":912,"minecraft:climb_one_cm":60767,"minecraft:walk_one_cm":7536152,"minecraft:raid_win":2,"minecraft:walk_under_water_one_cm":188455,"minecraft:boat_one_cm":777737,"minecraft:raid_trigger":1,"minecraft:interact_with_grindstone":3,"minecraft:damage_taken":30525,"minecraft:trigger_trapped_chest":3},"minecraft:used":{"minecraft:chiseled_deepslate":8,"minecraft:poppy":3,"minecraft:chest":27,"minecraft:stone":38,"minecraft:soul_sand":17,"minecraft:cocoa_beans":15,"minecraft:allium":8,"minecraft:acacia_sapling":47,"minecraft:spruce_boat":1,"minecraft:jungle_sapling":29,"minecraft:stone_brick_stairs":1,"minecraft:furnace":12,"minecraft:oak_sapling":4,"minecraft:acacia_fence":11,"minecraft:egg":3,"minecraft:potato":750,"travelersbackpack:nether":5,"minecraft:damaged_anvil":1,"minecraft:blackstone":6,"minecraft:sand":107,"minecraft:blast_furnace":1,"minecraft:chiseled_quartz_block":21,"minecraft:gray_concrete":10,"minecraft:pumpkin_seeds":10,"minecraft:deepslate_tiles":458,"minecraft:spore_blossom":1,"minecraft:nether_wart_block":7,"minecraft:diamond_sword":2110,"minecraft:smithing_table":1,"minecraft:diorite_stairs":70,"minecraft:acacia_log":10,"minecraft:netherrack":18,"minecraft:torch":353,"minecraft:anvil":1,"minecraft:stone_stairs":16,"minecraft:polished_diorite":233,"minecraft:shroomlight":59,"minecraft:iron_axe":1807,"minecraft:jungle_log":21,"easy_villagers:trader":4,"minecraft:smooth_quartz":14,"minecraft:melon_seeds":40,"tombstone:gift":9,"minecraft:acacia_planks":38,"minecraft:cobbled_deepslate":5,"minecraft:wheat_seeds":744,"minecraft:water_bucket":320,"minecraft:birch_planks":336,"minecraft:deepslate_bricks":4,"justhammers:iron_hammer":1448,"minecraft:diamond_pickaxe":171,"minecraft:iron_pickaxe":1691,"minecraft:suspicious_stew":1,"minecraft:cobblestone":27,"travelersbackpack:standard":22,"minecraft:cooked_porkchop":52,"minecraft:glass_pane":31,"minecraft:dandelion":3,"minecraft:diamond_leggings":1,"minecraft:iron_shovel":5179,"minecraft:polished_deepslate":407,"minecraft:shield":279,"minecraft:iron_sword":448,"minecraft:player_head":6,"minecraft:iron_chestplate":1,"minecraft:jungle_planks":452,"minecraft:carrot":826,"minecraft:milk_bucket":7,"vampirism:item_tent":1,"minecraft:crimson_roots":2,"minecraft:item_frame":6,"minecraft:deepslate_diamond_ore":3,"minecraft:warped_fungus":1,"minecraft:beetroot_seeds":136,"minecraft:skeleton_skull":1,"travelersbackpack:spider":1,"minecraft:wither_skeleton_skull":1,"minecraft:jungle_fence":14,"minecraft:oak_planks":1,"minecraft:sugar_cane":22,"minecraft:note_block":1,"waystones:waystone":2,"easy_villagers:villager":3,"minecraft:acacia_door":4,"minecraft:light_gray_concrete":5,"minecraft:bread":85,"minecraft:deepslate":1,"minecraft:gravel":1,"minecraft:chainmail_boots":1,"minecraft:smooth_stone_slab":3,"minecraft:bone_meal":56,"minecraft:experience_bottle":16,"minecraft:stone_shovel":179,"minecraft:cooked_chicken":4,"minecraft:dirt":2282,"minecraft:spruce_stairs":1,"minecraft:iron_hoe":965,"minecraft:wooden_axe":52,"minecraft:acacia_slab":97,"minecraft:white_stained_glass_pane":145,"minecraft:cooked_beef":200,"minecraft:cooked_mutton":39,"minecraft:acacia_boat":2,"minecraft:baked_potato":58,"minecraft:stonecutter":1,"minecraft:red_mushroom":4,"minecraft:brown_banner":2,"minecraft:acacia_stairs":93,"minecraft:apple":4,"iceandfire:dragonbone_bow":324,"justhammers:stone_hammer":306,"minecraft:stone_axe":168,"minecraft:crimson_fungus":5,"minecraft:white_banner":5,"minecraft:bucket":322,"minecraft:gray_wool":1,"minecraft:birch_stairs":7},"minecraft:killed_by":{"minecraft:vindicator":6,"minecraft:zombie":2,"vampirism:vampire":1,"minecraft:husk":1,"iceandfire:ghost":1,"minecraft:evoker":2,"minecraft:wither_skeleton":1,"minecraft:drowned":2,"minecraft:player":2,"minecraft:skeleton":2},"minecraft:crafted":{"minecraft:bookshelf":1,"minecraft:cooked_mutton":35,"minecraft:glass":169,"minecraft:diamond_helmet":2,"minecraft:diamond_leggings":2,"minecraft:melon_seeds":37,"minecraft:acacia_fence":6,"minecraft:glass_bottle":18,"minecraft:emerald":190,"minecraft:cooked_porkchop":80,"minecraft:acacia_slab":78,"travelersbackpack:standard":1,"iceandfire:armor_red_chestplate":1,"minecraft:chiseled_deepslate":4,"minecraft:iron_pickaxe":3,"minecraft:gold_ingot":142,"minecraft:birch_stairs":8,"minecraft:bone_meal":63,"minecraft:stone_stairs":8,"travelersbackpack:white_sleeping_bag":2,"minecraft:spruce_boat":1,"minecraft:jungle_fence":12,"travelersbackpack:spider":1,"minecraft:wheat":135,"minecraft:enchanted_book":4,"iceandfire:armor_red_helmet":1,"minecraft:wooden_axe":1,"minecraft:iron_shovel":5,"minecraft:oak_planks":208,"minecraft:cooked_chicken":2,"minecraft:stone":138,"travelersbackpack:nether":1,"minecraft:chest":13,"minecraft:golden_boots":2,"minecraft:item_frame":3,"minecraft:baked_potato":45,"minecraft:birch_planks":268,"minecraft:white_stained_glass_pane":152,"minecraft:book":1,"minecraft:paper":525,"minecraft:diamond_pickaxe":1,"minecraft:shield":5,"minecraft:stick":4512,"minecraft:iron_ingot":54,"iceandfire:dragon_stick":1,"minecraft:furnace":8,"minecraft:glass_pane":272,"minecraft:polished_deepslate":4,"minecraft:iron_axe":10,"minecraft:iron_hoe":6,"iceandfire:armor_red_leggings":1,"iceandfire:armor_red_boots":1,"minecraft:cooked_beef":275,"minecraft:red_dye":1,"minecraft:diamond_sword":5,"iceandfire:silver_ingot":3,"minecraft:iron_sword":4,"minecraft:bucket":4,"minecraft:acacia_boat":1,"minecraft:bread":62,"minecraft:air":0,"minecraft:jungle_planks":1584,"justhammers:iron_hammer":17,"justhammers:stone_hammer":6,"minecraft:white_dye":19,"minecraft:stonecutter":1,"minecraft:acacia_planks":1136,"minecraft:torch":180,"minecraft:diamond_chestplate":2},"minecraft:dropped":{"iceandfire:chared_stone":9,"minecraft:lapis_lazuli":49,"minecraft:glass_bottle":18,"minecraft:diamond":2,"minecraft:cooked_porkchop":1,"minecraft:weeping_vines":5,"minecraft:emerald":168,"minecraft:dirt":338,"minecraft:gray_concrete":3,"minecraft:jungle_sapling":9,"minecraft:sand":12,"minecraft:iron_pickaxe":1,"minecraft:white_wool":2,"minecraft:bone":2,"minecraft:stone_axe":1,"minecraft:golden_chestplate":1,"minecraft:cobbled_deepslate":3365,"minecraft:wheat":197,"minecraft:obsidian":12,"minecraft:rotten_flesh":133,"justhammers:iron_hammer":18,"minecraft:deepslate_tiles":1,"minecraft:brick_stairs":2,"minecraft:jungle_log":46,"minecraft:glass":19,"minecraft:stone_brick_stairs":8,"iceandfire:manuscript":10,"minecraft:egg":1,"minecraft:crimson_planks":1,"minecraft:wheat_seeds":667,"minecraft:waxed_oxidized_cut_copper_stairs":1,"minecraft:cobblestone":1469,"minecraft:feather":4,"minecraft:book":2,"minecraft:granite":155,"minecraft:cobweb":3,"minecraft:jungle_slab":5,"minecraft:wooden_axe":1,"minecraft:red_dye":1,"minecraft:string":15,"minecraft:acacia_planks":136,"iceandfire:dragon_skull_fire":1,"minecraft:stone_brick_slab":5,"minecraft:cocoa_beans":3,"minecraft:smooth_stone_slab":2,"minecraft:bowl":1,"minecraft:deepslate":1,"minecraft:red_banner":1,"minecraft:clay_ball":4,"minecraft:light_gray_concrete":2,"minecraft:nether_bricks":2,"minecraft:diamond_sword":5,"vampirism:crossbow_arrow_normal":1,"minecraft:spider_eye":4,"minecraft:bow":10,"minecraft:brick_slab":1,"vampirism:totem_top_crafted":1,"minecraft:soul_sand":2,"minecraft:oak_log":5,"minecraft:jungle_planks":2,"minecraft:orange_glazed_terracotta":1,"minecraft:crimson_roots":27,"iceandfire:chared_gravel":4,"iceandfire:ash":1,"minecraft:black_concrete":3,"minecraft:acacia_door":1,"minecraft:gold_ingot":59,"minecraft:gravel":167,"minecraft:diamond_shovel":1,"minecraft:cooked_mutton":1,"minecraft:carrot":5,"minecraft:poppy":686,"justhammers:stone_hammer":7,"minecraft:gunpowder":8,"travelersbackpack:white_sleeping_bag":2,"minecraft:spruce_wood":7,"minecraft:chest":1,"minecraft:iron_bars":2,"minecraft:arrow":3,"minecraft:netherrack":52,"minecraft:spruce_stairs":1,"minecraft:acacia_log":55,"minecraft:grass_block":1,"minecraft:stick":1,"minecraft:diorite":3,"minecraft:smooth_quartz":15,"tombstone:grave_dust":10,"minecraft:iron_leggings":1,"minecraft:iron_axe":2,"minecraft:bucket":1,"minecraft:dandelion":1,"minecraft:redstone":91,"minecraft:kelp":5,"minecraft:chiseled_quartz_block":7,"minecraft:raw_copper":59,"minecraft:tuff":468,"minecraft:raw_iron":11,"minecraft:filled_map":1,"vampirism:totem_base":1,"minecraft:shield":2,"minecraft:andesite":99,"minecraft:quartz_stairs":2,"minecraft:oak_sapling":4},"minecraft:killed":{"vampirism:vampire":14,"vampirism:advanced_vampire":2,"minecraft:skeleton":142,"minecraft:chicken":4,"minecraft:magma_cube":6,"iceandfire:cockatrice":1,"minecraft:pillager":29,"minecraft:zombie":167,"minecraft:glow_squid":1,"minecraft:cow":105,"minecraft:evoker":1,"minecraft:vindicator":6,"iceandfire:siren":1,"iceandfire:cyclops":2,"minecraft:ravager":2,"iceandfire:ghost":4,"iceandfire:ice_dragon":1,"minecraft:enderman":4,"minecraft:spider":66,"minecraft:pig":9,"minecraft:zombie_villager":2,"minecraft:creeper":33,"vampirism:hunter":2,"minecraft:sheep":4,"minecraft:blaze":1,"minecraft:vex":1,"minecraft:phantom":8,"iceandfire:dread_thrall":1,"iceandfire:fire_dragon":2,"minecraft:drowned":2,"minecraft:hoglin":35,"minecraft:wither_skeleton":19},"minecraft:picked_up":{"minecraft:iron_chestplate":1,"minecraft:chainmail_boots":2,"minecraft:anvil":1,"minecraft:prismarine_shard":1,"minecraft:diamond_sword":16,"minecraft:enchanted_book":4,"minecraft:amethyst_block":1,"minecraft:polished_deepslate":20,"minecraft:string":101,"minecraft:soul_soil":2,"minecraft:orange_glazed_terracotta":1,"minecraft:shroomlight":60,"vampirism:obi_belt":1,"minecraft:beetroot":101,"minecraft:gold_nugget":1381,"minecraft:cobbled_deepslate":4886,"minecraft:spruce_planks":8,"minecraft:melon_slice":78,"minecraft:acacia_log":361,"iceandfire:silver_ore":16,"minecraft:golden_chestplate":1,"minecraft:stone_sword":1,"iceandfire:fire_dragon_heart":1,"minecraft:blaze_rod":1,"minecraft:iron_bars":2,"minecraft:birch_log":67,"minecraft:feather":6,"minecraft:jungle_log":504,"minecraft:flint":37,"travelersbackpack:gold_tier_upgrade":1,"minecraft:gray_concrete":13,"minecraft:gray_candle":3,"minecraft:honeycomb":53,"iceandfire:dragon_skull_fire":1,"minecraft:acacia_stairs":102,"iceandfire:chared_cobblestone":1,"minecraft:bundle":5,"minecraft:iron_hoe":1,"minecraft:dispenser":1,"minecraft:deepslate":2,"minecraft:granite":155,"iceandfire:dragonbone_bow":1,"minecraft:bread":20,"minecraft:crimson_roots":29,"iceandfire:dragon_skull_lightning":1,"iceandfire:witherbone":6,"minecraft:nether_wart":3,"minecraft:clay_ball":4,"iceandfire:dragonbone_arrow":1,"minecraft:acacia_door":3,"minecraft:iron_shovel":5,"vampirism:totem_base":1,"minecraft:deepslate_diamond_ore":3,"minecraft:beef":205,"minecraft:jungle_sapling":44,"minecraft:iron_nugget":24,"minecraft:poppy":15,"minecraft:quartz_stairs":4,"minecraft:chest":15,"minecraft:birch_sapling":1,"minecraft:piston":1,"minecraft:egg":18,"minecraft:fire_charge":4,"minecraft:carrot":2270,"minecraft:redstone":155,"minecraft:prismarine_crystals":9,"minecraft:beetroot_seeds":271,"minecraft:deepslate_bricks":4,"minecraft:waxed_oxidized_cut_copper_stairs":2,"minecraft:hay_block":16,"tombstone:essence_of_undeath":4,"minecraft:gold_ingot":11,"minecraft:totem_of_undying":1,"minecraft:mutton":11,"minecraft:bone_block":43,"minecraft:white_wool":4,"vampirism:vampire_blood_bottle":2,"iceandfire:sea_serpent_fang":2,"vampirism:item_tent":2,"minecraft:tripwire_hook":2,"minecraft:jungle_fence":5,"minecraft:red_mushroom":6,"minecraft:filled_map":1,"minecraft:oak_log":64,"minecraft:diorite_stairs":11,"minecraft:paper":18,"minecraft:white_banner":8,"minecraft:apple":3,"minecraft:kelp":5,"minecraft:spore_blossom":1,"tombstone:bag_of_seeds":2,"minecraft:iron_sword":1,"iceandfire:chared_stone":9,"minecraft:gravel":174,"minecraft:birch_stairs":3,"minecraft:spruce_sapling":2,"minecraft:spruce_log":25,"minecraft:crying_obsidian":10,"travelersbackpack:standard":12,"minecraft:diamond_shovel":1,"minecraft:stone_axe":1,"minecraft:polished_diorite":32,"minecraft:gray_wool":3,"minecraft:melon_seeds":23,"minecraft:ender_pearl":5,"minecraft:chiseled_deepslate":8,"minecraft:wheat":1009,"minecraft:redstone_block":1,"minecraft:potion":2,"minecraft:nether_brick":19,"minecraft:stone_brick_stairs":9,"minecraft:crimson_planks":55,"minecraft:raw_copper":143,"minecraft:smooth_stone_slab":5,"minecraft:iron_leggings":2,"minecraft:deepslate_tiles":176,"minecraft:bucket":1,"minecraft:smooth_quartz":31,"minecraft:iron_pickaxe":5,"vampirism:crossbow_arrow_normal":2,"iceandfire:dragonscales_red":26,"minecraft:iron_boots":2,"minecraft:furnace":5,"minecraft:stick":346,"minecraft:acacia_fence":18,"minecraft:torch":156,"minecraft:spruce_stairs":2,"travelersbackpack:iron_tier_upgrade":1,"minecraft:porkchop":83,"minecraft:diorite":310,"vampirism:vampire_fang":4,"tombstone:grave_dust":37,"minecraft:rotten_flesh":155,"minecraft:obsidian":2,"minecraft:cobblestone":3425,"paraglider:paraglider":1,"minecraft:enchanting_table":1,"vampirism:vampire_book":1,"minecraft:repeater":2,"minecraft:andesite":101,"minecraft:chiseled_quartz_block":44,"minecraft:potato":1826,"paraglider:spirit_orb":10,"minecraft:tuff":473,"minecraft:acacia_boat":1,"minecraft:wither_skeleton_skull":1,"minecraft:lapis_lazuli":231,"minecraft:dirt":4810,"minecraft:glass":7,"minecraft:bone":182,"minecraft:acacia_planks":122,"minecraft:bow":13,"minecraft:wheat_seeds":2380,"easy_villagers:trader":4,"minecraft:raw_gold":59,"vampirism:totem_top_crafted":1,"minecraft:oak_planks":2,"minecraft:cooked_porkchop":4,"minecraft:jungle_planks":31,"minecraft:poisonous_potato":6,"justhammers:iron_hammer":4,"minecraft:sand":431,"minecraft:grass_block":2,"minecraft:lily_of_the_valley":19,"minecraft:jungle_slab":5,"minecraft:spectral_arrow":39,"minecraft:light_gray_concrete":37,"minecraft:black_concrete":3,"minecraft:diamond":139,"waystones:waystone":2,"travelersbackpack:nether":1,"minecraft:bone_meal":10,"minecraft:emerald":5,"minecraft:oak_sapling":8,"minecraft:netherrack":100,"minecraft:cocoa_beans":18,"minecraft:allium":8,"minecraft:splash_potion":3,"minecraft:chicken":3,"minecraft:stone_stairs":8,"minecraft:iron_axe":3,"minecraft:item_frame":3,"minecraft:blackstone":41,"minecraft:player_head":6,"minecraft:sugar_cane":598,"minecraft:phantom_membrane":5,"minecraft:raw_iron":61,"iceandfire:dragonbone":3,"minecraft:note_block":3,"minecraft:cookie":15,"minecraft:weeping_vines":5,"minecraft:arrow":195,"minecraft:pumpkin_pie":13,"minecraft:nether_bricks":2,"iceandfire:chared_dirt":7,"minecraft:saddle":2,"minecraft:brick_stairs":2,"minecraft:skeleton_skull":1,"minecraft:glow_ink_sac":1,"minecraft:leather":134,"minecraft:birch_planks":173,"minecraft:crimson_fungus":5,"minecraft:chainmail_chestplate":1,"iceandfire:ectoplasm":1,"minecraft:nether_wart_block":12,"minecraft:gunpowder":30,"minecraft:cooked_mutton":1,"vampirism:human_heart":1,"minecraft:iron_ingot":5,"minecraft:cooked_chicken":1,"minecraft:soul_sand":30,"iceandfire:fire_dragon_flesh":3,"minecraft:acacia_sapling":116,"minecraft:book":2,"minecraft:warped_fungus":1,"minecraft:pumpkin":13,"minecraft:stone_brick_slab":5,"iceandfire:ash":1,"minecraft:quartz":60,"minecraft:dandelion":4,"minecraft:amethyst_shard":8,"justhammers:stone_hammer":2,"minecraft:red_banner":1,"minecraft:blast_furnace":1,"minecraft:spider_eye":17,"minecraft:pumpkin_seeds":10,"minecraft:chainmail_leggings":4,"minecraft:iron_helmet":1,"minecraft:acacia_slab":36,"tombstone:magic_scroll":6,"minecraft:damaged_anvil":1,"minecraft:coal":352,"iceandfire:chared_gravel":4}},"DataVersion":3120}