{"stats":{"minecraft:broken":{"minecraft:iron_boots":1,"minecraft:iron_chestplate":1,"minecraft:stone_axe":2,"minecraft:iron_sword":2,"minecraft:iron_pickaxe":1,"minecraft:iron_helmet":1,"minecraft:stone_shovel":2},"minecraft:mined":{"minecraft:tuff":1,"minecraft:spruce_planks":5,"minecraft:deepslate_diamond_ore":24,"minecraft:jungle_slab":1,"minecraft:jungle_leaves":1,"minecraft:stripped_birch_log":1,"minecraft:budding_amethyst":1,"minecraft:granite":10,"minecraft:acacia_log":53,"minecraft:grass_block":406,"minecraft:jungle_planks":3,"minecraft:acacia_slab":39,"minecraft:spawner":2,"minecraft:tall_seagrass":3,"minecraft:black_stained_glass_pane":3,"minecraft:furnace":5,"minecraft:iron_ore":6,"minecraft:andesite":3,"minecraft:acacia_stairs":102,"minecraft:black_concrete":3,"minecraft:pumpkin":8,"vampirism:tent":1,"minecraft:deepslate_iron_ore":10,"minecraft:dirt_path":17,"minecraft:small_amethyst_bud":2,"minecraft:iron_bars":2,"minecraft:light_gray_concrete":10,"minecraft:stone":101,"minecraft:orange_glazed_terracotta":1,"minecraft:tripwire":3,"minecraft:deepslate_redstone_ore":6,"minecraft:gray_concrete":5,"minecraft:acacia_leaves":8,"minecraft:redstone_block":1,"minecraft:medium_amethyst_bud":1,"minecraft:amethyst_cluster":2,"minecraft:stone_brick_slab":1,"travelersbackpack:standard":8,"minecraft:chiseled_quartz_block":16,"minecraft:torch":3,"minecraft:note_block":3,"minecraft:blast_furnace":1,"minecraft:poppy":1,"minecraft:chest":1,"minecraft:tall_grass":7,"minecraft:deepslate_gold_ore":16,"minecraft:wall_torch":14,"minecraft:diorite":2,"minecraft:amethyst_block":1,"minecraft:spruce_stairs":1,"minecraft:seagrass":3,"minecraft:gray_wool":2,"minecraft:birch_planks":9,"minecraft:repeater":2,"minecraft:acacia_sapling":2,"minecraft:light_gray_stained_glass":1,"minecraft:wheat":19,"minecraft:birch_log":68,"minecraft:birch_leaves":12,"minecraft:stone_brick_stairs":3,"minecraft:grass":47,"minecraft:coal_ore":31,"minecraft:smooth_quartz":15,"minecraft:gravel":111,"minecraft:sand":63,"minecraft:acacia_door":3,"minecraft:dirt":54,"minecraft:crimson_planks":1,"minecraft:cobweb":2,"minecraft:acacia_planks":81,"minecraft:dispenser":1,"minecraft:piston":1,"minecraft:deepslate":27},"minecraft:used":{"minecraft:acacia_log":4,"minecraft:iron_shovel":481,"minecraft:stone_shovel":179,"minecraft:chest":3,"minecraft:shield":81,"minecraft:stone":2,"minecraft:iron_sword":448,"minecraft:torch":74,"minecraft:dirt":22,"minecraft:acacia_sapling":6,"minecraft:wooden_axe":52,"minecraft:spruce_boat":1,"vampirism:item_tent":1,"minecraft:iron_axe":192,"minecraft:acacia_slab":97,"minecraft:smooth_quartz":13,"minecraft:stone_brick_stairs":1,"tombstone:gift":7,"minecraft:egg":1,"minecraft:cooked_beef":18,"minecraft:potato":1,"minecraft:acacia_planks":36,"minecraft:cooked_mutton":18,"minecraft:acacia_boat":2,"minecraft:wheat_seeds":74,"minecraft:water_bucket":31,"minecraft:oak_planks":1,"minecraft:birch_planks":277,"minecraft:sand":3,"minecraft:brown_banner":2,"minecraft:note_block":1,"minecraft:gray_concrete":10,"justhammers:iron_hammer":247,"waystones:waystone":1,"easy_villagers:villager":1,"minecraft:acacia_stairs":93,"minecraft:acacia_door":4,"minecraft:iron_pickaxe":315,"minecraft:bread":35,"justhammers:stone_hammer":306,"minecraft:stone_axe":168,"minecraft:diamond_sword":130,"travelersbackpack:standard":20,"minecraft:cobblestone":19,"minecraft:cooked_porkchop":13,"minecraft:glass_pane":31,"minecraft:bucket":33,"minecraft:gray_wool":1},"minecraft:custom":{"minecraft:interact_with_smithing_table":2,"minecraft:mob_kills":80,"minecraft:interact_with_crafting_table":24,"minecraft:open_barrel":6,"minecraft:damage_dealt_resisted":318,"minecraft:leave_game":8,"minecraft:time_since_death":72757,"minecraft:climb_one_cm":12044,"minecraft:sprint_one_cm":651475,"minecraft:walk_one_cm":1393282,"minecraft:damage_blocked_by_shield":2555,"minecraft:drop":116,"minecraft:play_noteblock":9,"minecraft:talked_to_villager":23,"minecraft:play_time":461183,"minecraft:sneak_time":16075,"minecraft:deaths":7,"minecraft:walk_under_water_one_cm":67115,"minecraft:boat_one_cm":777737,"minecraft:jump":2392,"minecraft:interact_with_blast_furnace":1,"minecraft:walk_on_water_one_cm":91356,"minecraft:total_world_time":461183,"minecraft:interact_with_furnace":60,"tombstone:raider_killed":9,"minecraft:tune_noteblock":2,"minecraft:interact_with_grindstone":3,"minecraft:sleep_in_bed":18,"minecraft:waystone_activated":3,"minecraft:time_since_rest":4922,"minecraft:damage_taken":6886,"minecraft:damage_dealt":17619,"minecraft:swim_one_cm":48983,"minecraft:fly_one_cm":394795,"minecraft:open_chest":190,"minecraft:crouch_one_cm":40404,"tombstone:undead_killed":44,"minecraft:fall_one_cm":44933,"minecraft:inspect_dispenser":5},"minecraft:crafted":{"minecraft:stone":74,"minecraft:bookshelf":1,"minecraft:cooked_mutton":1,"minecraft:glass_pane":48,"minecraft:glass":61,"travelersbackpack:white_sleeping_bag":2,"minecraft:iron_axe":3,"minecraft:chest":3,"minecraft:spruce_boat":1,"minecraft:cooked_beef":15,"minecraft:red_dye":1,"minecraft:diamond_sword":1,"minecraft:cooked_porkchop":8,"minecraft:acacia_slab":78,"minecraft:iron_sword":4,"minecraft:bucket":1,"minecraft:birch_planks":268,"minecraft:bread":6,"minecraft:acacia_boat":1,"minecraft:air":0,"justhammers:iron_hammer":3,"justhammers:stone_hammer":6,"minecraft:shield":1,"minecraft:stick":44,"minecraft:iron_ingot":24,"minecraft:wooden_axe":1,"minecraft:gold_ingot":43,"minecraft:acacia_planks":96,"minecraft:torch":52},"minecraft:killed_by":{"minecraft:player":1,"minecraft:drowned":2,"minecraft:skeleton":1,"iceandfire:ghost":1},"minecraft:dropped":{"minecraft:crimson_planks":1,"minecraft:wheat_seeds":7,"minecraft:cobblestone":344,"minecraft:granite":131,"minecraft:jungle_planks":2,"minecraft:spruce_stairs":1,"minecraft:cobweb":3,"minecraft:orange_glazed_terracotta":1,"minecraft:dirt":38,"minecraft:jungle_slab":2,"minecraft:wooden_axe":1,"minecraft:smooth_quartz":7,"minecraft:iron_leggings":1,"minecraft:jungle_sapling":1,"minecraft:sand":3,"minecraft:black_concrete":3,"minecraft:acacia_door":1,"minecraft:string":2,"minecraft:white_wool":1,"minecraft:acacia_planks":47,"minecraft:stone_brick_slab":2,"minecraft:gravel":76,"minecraft:stone_axe":1,"minecraft:kelp":5,"minecraft:cobbled_deepslate":1304,"minecraft:tuff":77,"minecraft:rotten_flesh":11,"minecraft:cooked_mutton":1,"minecraft:light_gray_concrete":2,"justhammers:iron_hammer":4,"minecraft:filled_map":1,"justhammers:stone_hammer":7,"minecraft:brick_stairs":2,"travelersbackpack:white_sleeping_bag":2,"minecraft:andesite":88,"minecraft:jungle_log":2,"minecraft:oak_sapling":1,"minecraft:chest":1,"minecraft:spruce_wood":7,"minecraft:spider_eye":2,"minecraft:glass":19,"minecraft:stone_brick_stairs":2},"minecraft:killed":{"vampirism:vampire":2,"minecraft:spider":3,"minecraft:vindicator":2,"minecraft:skeleton":32,"iceandfire:siren":1,"minecraft:magma_cube":6,"minecraft:pig":4,"vampirism:hunter":1,"minecraft:sheep":1,"minecraft:pillager":7,"minecraft:zombie":10,"iceandfire:ghost":2,"minecraft:glow_squid":1,"minecraft:enderman":1,"minecraft:cow":11},"minecraft:picked_up":{"minecraft:wheat":19,"minecraft:redstone_block":1,"minecraft:prismarine_shard":1,"minecraft:diamond_sword":2,"minecraft:stone_brick_stairs":3,"minecraft:crimson_planks":1,"minecraft:amethyst_block":1,"minecraft:string":7,"minecraft:acacia_door":3,"minecraft:orange_glazed_terracotta":1,"minecraft:iron_leggings":1,"minecraft:iron_shovel":1,"vampirism:obi_belt":1,"minecraft:cobbled_deepslate":1302,"minecraft:spruce_planks":5,"minecraft:beef":22,"minecraft:jungle_sapling":1,"minecraft:poppy":1,"minecraft:smooth_quartz":22,"minecraft:quartz_stairs":2,"minecraft:chest":1,"minecraft:birch_sapling":1,"minecraft:piston":1,"minecraft:furnace":5,"minecraft:egg":4,"minecraft:stick":5,"minecraft:raw_iron":26,"minecraft:torch":25,"minecraft:acacia_log":54,"travelersbackpack:iron_tier_upgrade":1,"minecraft:spruce_stairs":1,"minecraft:note_block":3,"minecraft:porkchop":8,"minecraft:cookie":5,"tombstone:grave_dust":7,"vampirism:vampire_fang":1,"minecraft:redstone":61,"minecraft:prismarine_crystals":9,"minecraft:arrow":16,"minecraft:rotten_flesh":11,"tombstone:essence_of_undeath":1,"minecraft:brick_stairs":2,"minecraft:glow_ink_sac":1,"minecraft:jungle_log":2,"minecraft:mutton":3,"minecraft:iron_bars":2,"minecraft:skeleton_skull":1,"minecraft:white_wool":1,"minecraft:cobblestone":847,"paraglider:paraglider":1,"minecraft:birch_log":67,"iceandfire:sea_serpent_fang":2,"minecraft:repeater":2,"vampirism:item_tent":1,"minecraft:andesite":88,"minecraft:leather":13,"minecraft:chiseled_quartz_block":16,"minecraft:potato":1,"minecraft:filled_map":1,"minecraft:birch_planks":9,"minecraft:flint":9,"minecraft:tuff":77,"minecraft:acacia_boat":1,"minecraft:gray_concrete":10,"minecraft:lapis_lazuli":63,"minecraft:dirt":484,"minecraft:cooked_mutton":1,"minecraft:glass":7,"minecraft:bone":24,"vampirism:human_heart":1,"minecraft:acacia_planks":118,"minecraft:kelp":5,"minecraft:wheat_seeds":112,"minecraft:raw_gold":20,"minecraft:oak_planks":1,"minecraft:acacia_sapling":11,"minecraft:pumpkin":7,"minecraft:stone_brick_slab":2,"justhammers:iron_hammer":1,"minecraft:gravel":82,"minecraft:sand":67,"minecraft:jungle_planks":2,"minecraft:amethyst_shard":8,"justhammers:stone_hammer":2,"minecraft:blast_furnace":1,"minecraft:acacia_stairs":102,"minecraft:spider_eye":2,"minecraft:jungle_slab":2,"travelersbackpack:standard":12,"minecraft:light_gray_concrete":11,"minecraft:dispenser":1,"minecraft:diamond":33,"minecraft:stone_axe":1,"minecraft:black_concrete":3,"waystones:waystone":1,"minecraft:chainmail_leggings":1,"minecraft:granite":131,"minecraft:bone_meal":2,"minecraft:gray_wool":3,"minecraft:emerald":1,"minecraft:oak_sapling":1,"minecraft:acacia_slab":36,"minecraft:coal":147,"minecraft:ender_pearl":1}},"DataVersion":3120}