{"stats":{"minecraft:killed":{"minecraft:magma_cube":6,"minecraft:pig":2,"vampirism:hunter":1,"minecraft:skeleton":23,"minecraft:sheep":1,"minecraft:cow":7},"minecraft:killed_by":{"minecraft:player":1},"minecraft:broken":{"minecraft:stone_axe":2,"minecraft:iron_sword":1,"minecraft:stone_shovel":1},"minecraft:dropped":{"minecraft:stone_axe":1,"minecraft:wheat_seeds":1,"minecraft:cooked_mutton":1,"justhammers:iron_hammer":2,"travelersbackpack:white_sleeping_bag":2,"minecraft:smooth_quartz":7,"minecraft:glass":19},"minecraft:crafted":{"minecraft:red_dye":1,"minecraft:acacia_slab":66,"minecraft:iron_sword":2,"minecraft:stone":2,"minecraft:bread":6,"minecraft:air":0,"minecraft:glass_pane":48,"minecraft:glass":37,"justhammers:iron_hammer":3,"travelersbackpack:white_sleeping_bag":2,"minecraft:shield":1,"justhammers:stone_hammer":3,"minecraft:stick":24,"minecraft:iron_ingot":4,"minecraft:acacia_planks":92,"minecraft:torch":36},"minecraft:mined":{"minecraft:acacia_leaves":2,"minecraft:redstone_block":1,"minecraft:gray_concrete":5,"minecraft:stone_brick_slab":1,"travelersbackpack:standard":5,"minecraft:chiseled_quartz_block":16,"minecraft:note_block":3,"minecraft:acacia_log":9,"minecraft:grass_block":43,"minecraft:poppy":1,"minecraft:tall_grass":2,"minecraft:acacia_slab":16,"minecraft:wall_torch":7,"minecraft:spawner":2,"minecraft:gray_wool":2,"minecraft:black_stained_glass_pane":3,"minecraft:repeater":2,"minecraft:acacia_sapling":2,"minecraft:furnace":5,"minecraft:light_gray_stained_glass":1,"minecraft:iron_ore":4,"minecraft:wheat":19,"minecraft:pumpkin":1,"minecraft:acacia_stairs":71,"minecraft:black_concrete":3,"vampirism:tent":1,"minecraft:stone_brick_stairs":3,"minecraft:grass":17,"minecraft:coal_ore":13,"minecraft:dirt_path":17,"minecraft:smooth_quartz":15,"minecraft:light_gray_concrete":10,"minecraft:sand":38,"minecraft:acacia_door":2,"minecraft:dirt":14,"minecraft:cobweb":2,"minecraft:acacia_planks":61,"minecraft:dispenser":1,"minecraft:stone":7,"minecraft:piston":1,"minecraft:tripwire":3},"minecraft:picked_up":{"minecraft:wheat":18,"minecraft:redstone_block":1,"minecraft:repeater":2,"vampirism:item_tent":1,"minecraft:leather":7,"minecraft:chiseled_quartz_block":16,"minecraft:filled_map":1,"minecraft:stone_brick_stairs":3,"minecraft:gray_concrete":10,"minecraft:string":5,"minecraft:dirt":74,"minecraft:acacia_door":2,"minecraft:cooked_mutton":1,"minecraft:iron_shovel":1,"minecraft:glass":7,"minecraft:bone":19,"vampirism:human_heart":1,"minecraft:acacia_planks":59,"minecraft:wheat_seeds":53,"minecraft:beef":15,"minecraft:poppy":1,"minecraft:smooth_quartz":22,"minecraft:quartz_stairs":2,"minecraft:piston":1,"minecraft:acacia_sapling":5,"minecraft:furnace":5,"minecraft:egg":1,"minecraft:stick":1,"minecraft:raw_iron":4,"minecraft:pumpkin":1,"minecraft:stone_brick_slab":2,"minecraft:note_block":3,"minecraft:torch":9,"minecraft:acacia_log":9,"travelersbackpack:iron_tier_upgrade":1,"minecraft:porkchop":6,"minecraft:sand":37,"justhammers:iron_hammer":1,"tombstone:grave_dust":2,"minecraft:redstone":1,"minecraft:acacia_stairs":71,"minecraft:light_gray_concrete":11,"travelersbackpack:standard":7,"minecraft:arrow":15,"minecraft:dispenser":1,"minecraft:black_concrete":3,"minecraft:stone_axe":1,"minecraft:bone_meal":2,"minecraft:gray_wool":3,"minecraft:acacia_slab":13,"minecraft:mutton":1,"minecraft:coal":110,"minecraft:cobblestone":6},"minecraft:used":{"minecraft:wheat_seeds":64,"minecraft:cooked_mutton":17,"minecraft:stone_shovel":117,"minecraft:shield":4,"minecraft:stone":2,"minecraft:iron_sword":372,"minecraft:torch":31,"minecraft:dirt":20,"minecraft:brown_banner":2,"minecraft:acacia_sapling":6,"minecraft:gray_concrete":10,"minecraft:acacia_stairs":36,"minecraft:bread":11,"minecraft:acacia_door":4,"minecraft:acacia_slab":85,"minecraft:iron_pickaxe":103,"minecraft:smooth_quartz":13,"minecraft:stone_brick_stairs":1,"minecraft:stone_axe":168,"travelersbackpack:standard":7,"minecraft:glass_pane":31,"minecraft:cooked_beef":3,"minecraft:gray_wool":1,"minecraft:acacia_planks":36},"minecraft:custom":{"minecraft:interact_with_smithing_table":2,"minecraft:interact_with_furnace":16,"minecraft:mob_kills":34,"minecraft:interact_with_crafting_table":20,"minecraft:tune_noteblock":1,"minecraft:damage_dealt_resisted":171,"minecraft:leave_game":4,"minecraft:time_since_death":28809,"minecraft:sleep_in_bed":5,"minecraft:climb_one_cm":7677,"minecraft:time_since_rest":28764,"minecraft:waystone_activated":1,"minecraft:damage_blocked_by_shield":120,"minecraft:sprint_one_cm":198178,"minecraft:damage_taken":2624,"minecraft:walk_one_cm":484416,"minecraft:drop":9,"minecraft:damage_dealt":7469,"minecraft:play_noteblock":9,"minecraft:swim_one_cm":15266,"minecraft:fly_one_cm":89460,"minecraft:open_chest":60,"minecraft:crouch_one_cm":30079,"minecraft:deaths":3,"minecraft:play_time":165091,"tombstone:undead_killed":23,"minecraft:sneak_time":12934,"minecraft:walk_under_water_one_cm":7620,"minecraft:jump":685,"minecraft:walk_on_water_one_cm":12877,"minecraft:total_world_time":165091,"minecraft:fall_one_cm":19252,"minecraft:inspect_dispenser":4}},"DataVersion":3120}