{"stats":{"minecraft:killed":{"vampirism:vampire":1,"minecraft:skeleton":26,"minecraft:magma_cube":6,"minecraft:pig":2,"vampirism:hunter":1,"minecraft:sheep":1,"minecraft:zombie":1,"minecraft:enderman":1,"minecraft:cow":7},"minecraft:killed_by":{"minecraft:player":1,"minecraft:skeleton":1},"minecraft:broken":{"minecraft:stone_axe":2,"minecraft:iron_sword":2,"minecraft:stone_shovel":1},"minecraft:crafted":{"minecraft:stone":2,"minecraft:cooked_mutton":1,"minecraft:glass_pane":48,"minecraft:glass":37,"travelersbackpack:white_sleeping_bag":2,"minecraft:chest":1,"minecraft:cooked_beef":15,"minecraft:red_dye":1,"minecraft:diamond_sword":1,"minecraft:cooked_porkchop":8,"minecraft:acacia_slab":66,"minecraft:iron_sword":4,"minecraft:bucket":1,"minecraft:bread":6,"minecraft:acacia_boat":1,"minecraft:air":0,"justhammers:iron_hammer":3,"justhammers:stone_hammer":3,"minecraft:shield":1,"minecraft:stick":24,"minecraft:iron_ingot":19,"minecraft:acacia_planks":92,"minecraft:torch":36},"minecraft:dropped":{"minecraft:wheat_seeds":2,"minecraft:dirt":1,"minecraft:smooth_quartz":7,"minecraft:black_concrete":3,"minecraft:stone_brick_slab":2,"minecraft:stone_axe":1,"minecraft:cobbled_deepslate":1304,"minecraft:tuff":77,"minecraft:rotten_flesh":2,"minecraft:cooked_mutton":1,"minecraft:light_gray_concrete":2,"justhammers:iron_hammer":4,"minecraft:filled_map":1,"justhammers:stone_hammer":3,"travelersbackpack:white_sleeping_bag":2,"minecraft:glass":19,"minecraft:stone_brick_stairs":2},"minecraft:mined":{"minecraft:tuff":1,"minecraft:deepslate_diamond_ore":24,"minecraft:budding_amethyst":1,"minecraft:acacia_log":9,"minecraft:grass_block":46,"minecraft:acacia_slab":16,"minecraft:spawner":2,"minecraft:black_stained_glass_pane":3,"minecraft:furnace":5,"minecraft:iron_ore":4,"minecraft:acacia_stairs":71,"minecraft:pumpkin":1,"minecraft:black_concrete":3,"vampirism:tent":1,"minecraft:deepslate_iron_ore":6,"minecraft:dirt_path":17,"minecraft:small_amethyst_bud":2,"minecraft:light_gray_concrete":10,"minecraft:stone":7,"minecraft:tripwire":3,"minecraft:deepslate_redstone_ore":6,"minecraft:acacia_leaves":2,"minecraft:redstone_block":1,"minecraft:gray_concrete":5,"minecraft:medium_amethyst_bud":1,"minecraft:amethyst_cluster":2,"minecraft:stone_brick_slab":1,"travelersbackpack:standard":6,"minecraft:chiseled_quartz_block":16,"minecraft:note_block":3,"minecraft:poppy":1,"minecraft:tall_grass":3,"minecraft:deepslate_gold_ore":16,"minecraft:wall_torch":8,"minecraft:amethyst_block":1,"minecraft:gray_wool":2,"minecraft:repeater":2,"minecraft:acacia_sapling":2,"minecraft:light_gray_stained_glass":1,"minecraft:wheat":19,"minecraft:stone_brick_stairs":3,"minecraft:grass":23,"minecraft:coal_ore":13,"minecraft:gravel":9,"minecraft:smooth_quartz":15,"minecraft:acacia_door":2,"minecraft:sand":38,"minecraft:dirt":14,"minecraft:cobweb":2,"minecraft:acacia_planks":61,"minecraft:dispenser":1,"minecraft:piston":1,"minecraft:deepslate":26},"minecraft:picked_up":{"minecraft:wheat":19,"minecraft:redstone_block":1,"minecraft:stone_brick_stairs":3,"minecraft:amethyst_block":1,"minecraft:string":5,"minecraft:acacia_door":2,"minecraft:iron_shovel":1,"minecraft:cobbled_deepslate":1302,"minecraft:beef":15,"minecraft:poppy":1,"minecraft:smooth_quartz":22,"minecraft:quartz_stairs":2,"minecraft:piston":1,"minecraft:egg":2,"minecraft:furnace":5,"minecraft:raw_iron":15,"minecraft:stick":1,"minecraft:acacia_log":10,"minecraft:torch":10,"travelersbackpack:iron_tier_upgrade":1,"minecraft:note_block":3,"minecraft:porkchop":8,"vampirism:vampire_fang":1,"tombstone:grave_dust":4,"minecraft:redstone":61,"minecraft:arrow":15,"minecraft:rotten_flesh":2,"minecraft:mutton":1,"minecraft:cobblestone":6,"minecraft:repeater":2,"vampirism:item_tent":1,"minecraft:leather":8,"minecraft:chiseled_quartz_block":16,"minecraft:filled_map":1,"minecraft:tuff":77,"minecraft:acacia_boat":1,"minecraft:lapis_lazuli":63,"minecraft:gray_concrete":10,"minecraft:dirt":85,"minecraft:cooked_mutton":1,"minecraft:glass":7,"minecraft:bone":24,"vampirism:human_heart":1,"minecraft:acacia_planks":59,"minecraft:wheat_seeds":63,"minecraft:raw_gold":20,"minecraft:acacia_sapling":5,"minecraft:pumpkin":1,"minecraft:stone_brick_slab":2,"minecraft:amethyst_shard":8,"justhammers:iron_hammer":1,"minecraft:sand":37,"minecraft:acacia_stairs":71,"travelersbackpack:standard":9,"minecraft:light_gray_concrete":11,"minecraft:dispenser":1,"minecraft:diamond":33,"minecraft:black_concrete":3,"minecraft:stone_axe":1,"waystones:waystone":1,"minecraft:bone_meal":2,"minecraft:gray_wool":3,"minecraft:acacia_slab":13,"minecraft:coal":110,"minecraft:ender_pearl":1},"minecraft:used":{"minecraft:stone_shovel":126,"minecraft:chest":1,"minecraft:shield":6,"minecraft:stone":2,"minecraft:iron_sword":419,"minecraft:torch":43,"minecraft:dirt":20,"minecraft:acacia_sapling":6,"vampirism:item_tent":1,"minecraft:acacia_slab":85,"minecraft:smooth_quartz":13,"minecraft:stone_brick_stairs":1,"tombstone:gift":6,"minecraft:cooked_beef":3,"minecraft:acacia_planks":36,"minecraft:wheat_seeds":74,"minecraft:cooked_mutton":17,"minecraft:acacia_boat":1,"minecraft:water_bucket":1,"minecraft:brown_banner":2,"minecraft:note_block":1,"minecraft:gray_concrete":10,"justhammers:iron_hammer":247,"waystones:waystone":1,"minecraft:acacia_stairs":36,"minecraft:acacia_door":4,"minecraft:bread":22,"minecraft:iron_pickaxe":191,"justhammers:stone_hammer":159,"minecraft:stone_axe":168,"travelersbackpack:standard":11,"minecraft:cooked_porkchop":3,"minecraft:bucket":2,"minecraft:glass_pane":31,"minecraft:gray_wool":1},"minecraft:custom":{"minecraft:interact_with_smithing_table":2,"minecraft:mob_kills":41,"minecraft:interact_with_crafting_table":23,"minecraft:damage_dealt_resisted":318,"minecraft:leave_game":6,"minecraft:time_since_death":44519,"minecraft:climb_one_cm":8081,"minecraft:sprint_one_cm":303222,"minecraft:walk_one_cm":719415,"minecraft:damage_blocked_by_shield":345,"minecraft:drop":48,"minecraft:play_noteblock":9,"minecraft:talked_to_villager":20,"minecraft:play_time":247294,"minecraft:deaths":4,"minecraft:sneak_time":13598,"minecraft:walk_under_water_one_cm":11994,"minecraft:boat_one_cm":131158,"minecraft:jump":1082,"minecraft:walk_on_water_one_cm":27394,"minecraft:total_world_time":247294,"minecraft:interact_with_furnace":35,"minecraft:tune_noteblock":1,"minecraft:sleep_in_bed":8,"minecraft:time_since_rest":42240,"minecraft:waystone_activated":3,"minecraft:damage_taken":3567,"minecraft:damage_dealt":9313,"minecraft:swim_one_cm":18112,"minecraft:fly_one_cm":151660,"minecraft:open_chest":122,"minecraft:crouch_one_cm":32724,"tombstone:undead_killed":27,"minecraft:fall_one_cm":25845,"minecraft:inspect_dispenser":4}},"DataVersion":3120}