{"stats":{"minecraft:dropped":{"justhammers:iron_hammer":1},"minecraft:crafted":{"minecraft:acacia_planks":32},"minecraft:mined":{"minecraft:grass":1,"minecraft:grass_block":6,"minecraft:tall_grass":1,"minecraft:acacia_slab":13,"minecraft:acacia_planks":61,"minecraft:acacia_stairs":60,"minecraft:wall_torch":2},"minecraft:custom":{"minecraft:time_since_rest":4980,"minecraft:open_chest":3,"minecraft:crouch_one_cm":5838,"minecraft:sprint_one_cm":24296,"minecraft:interact_with_furnace":2,"minecraft:play_time":61149,"minecraft:damage_taken":305,"minecraft:walk_one_cm":102928,"minecraft:sneak_time":1754,"minecraft:walk_under_water_one_cm":4435,"minecraft:drop":1,"minecraft:jump":134,"minecraft:leave_game":3,"minecraft:walk_on_water_one_cm":3349,"minecraft:time_since_death":61149,"minecraft:sleep_in_bed":2,"minecraft:climb_one_cm":260,"minecraft:total_world_time":61149,"minecraft:swim_one_cm":6644,"minecraft:interact_with_crafting_table":2,"minecraft:fall_one_cm":4679,"minecraft:fly_one_cm":13511},"minecraft:used":{"minecraft:stone_axe":135,"minecraft:torch":3,"minecraft:acacia_stairs":16,"minecraft:stone_shovel":6,"minecraft:acacia_slab":4,"minecraft:iron_sword":2,"minecraft:cooked_beef":3,"minecraft:acacia_planks":35},"minecraft:broken":{"minecraft:stone_axe":1},"minecraft:picked_up":{"minecraft:acacia_planks":59,"minecraft:torch":1,"justhammers:iron_hammer":1,"minecraft:acacia_slab":11,"minecraft:acacia_stairs":60,"minecraft:dirt":6}},"DataVersion":3120}