{"stats":{"minecraft:dropped":{"justhammers:iron_hammer":1},"minecraft:crafted":{"minecraft:acacia_planks":8},"minecraft:mined":{"minecraft:grass":1,"minecraft:tall_grass":1,"minecraft:acacia_slab":11,"minecraft:acacia_planks":17,"minecraft:acacia_stairs":43,"minecraft:wall_torch":1},"minecraft:custom":{"minecraft:time_since_rest":31027,"minecraft:open_chest":3,"minecraft:crouch_one_cm":1958,"minecraft:sprint_one_cm":13363,"minecraft:interact_with_furnace":2,"minecraft:play_time":49149,"minecraft:damage_taken":275,"minecraft:walk_one_cm":60281,"minecraft:sneak_time":599,"minecraft:walk_under_water_one_cm":4435,"minecraft:drop":1,"minecraft:jump":99,"minecraft:leave_game":3,"minecraft:walk_on_water_one_cm":3349,"minecraft:time_since_death":49149,"minecraft:sleep_in_bed":1,"minecraft:climb_one_cm":260,"minecraft:total_world_time":49149,"minecraft:swim_one_cm":6644,"minecraft:interact_with_crafting_table":2,"minecraft:fall_one_cm":3256,"minecraft:fly_one_cm":8040},"minecraft:used":{"minecraft:stone_axe":71,"minecraft:torch":2,"minecraft:acacia_stairs":16,"minecraft:acacia_slab":4,"minecraft:iron_sword":2,"minecraft:cooked_beef":2,"minecraft:acacia_planks":19},"minecraft:broken":{"minecraft:stone_axe":1},"minecraft:picked_up":{"minecraft:acacia_planks":15,"justhammers:iron_hammer":1,"minecraft:acacia_slab":9,"minecraft:acacia_stairs":43}},"DataVersion":3120}