{"stats":{"minecraft:broken":{"minecraft:iron_shovel":1,"minecraft:golden_boots":1,"minecraft:iron_boots":1,"minecraft:iron_chestplate":1,"minecraft:stone_axe":2,"minecraft:iron_sword":2,"minecraft:stone_shovel":2,"minecraft:iron_hoe":3,"minecraft:shield":1,"minecraft:iron_axe":1,"minecraft:iron_pickaxe":2,"minecraft:iron_helmet":1},"minecraft:mined":{"minecraft:spruce_planks":20,"minecraft:attached_melon_stem":3,"minecraft:farmland":179,"minecraft:jungle_slab":1,"minecraft:jungle_leaves":95,"minecraft:granite":34,"minecraft:budding_amethyst":1,"minecraft:acacia_log":307,"minecraft:grass_block":2513,"minecraft:jungle_log":234,"minecraft:crimson_fungus":2,"minecraft:spawner":4,"minecraft:weeping_vines_plant":1,"minecraft:tall_seagrass":3,"minecraft:iron_ore":6,"minecraft:fire":2,"minecraft:pumpkin":8,"minecraft:anvil":1,"vampirism:tent":1,"iceandfire:gold_pile":102,"minecraft:dirt_path":19,"minecraft:iron_bars":2,"minecraft:small_amethyst_bud":2,"minecraft:light_gray_concrete":38,"minecraft:tripwire":4,"iceandfire:chared_cobblestone":1,"minecraft:deepslate_redstone_ore":6,"minecraft:medium_amethyst_bud":1,"minecraft:melon_stem":13,"minecraft:crimson_nylium":7,"minecraft:soul_fire":3,"minecraft:amethyst_cluster":2,"minecraft:chiseled_quartz_block":42,"minecraft:clay":1,"minecraft:torch":33,"minecraft:note_block":3,"minecraft:blast_furnace":1,"minecraft:melon":17,"minecraft:poppy":1,"minecraft:chest":4,"minecraft:nether_quartz_ore":36,"minecraft:cobblestone":8,"minecraft:sugar_cane":138,"minecraft:wall_torch":29,"minecraft:amethyst_block":1,"minecraft:seagrass":3,"minecraft:stone_stairs":8,"minecraft:repeater":2,"minecraft:acacia_sapling":6,"minecraft:nether_wart_block":8,"minecraft:birch_log":68,"minecraft:light_gray_stained_glass":1,"minecraft:wheat":317,"minecraft:smooth_stone_slab":5,"minecraft:stone_brick_stairs":9,"minecraft:grass":262,"minecraft:oak_log":10,"minecraft:beetroots":8,"minecraft:dirt":449,"minecraft:acacia_fence":9,"minecraft:sand":333,"minecraft:smooth_quartz":25,"minecraft:crimson_planks":1,"minecraft:dispenser":1,"minecraft:netherrack":69,"minecraft:piston":1,"minecraft:oak_leaves":38,"minecraft:deepslate":28,"iceandfire:chared_stone":9,"minecraft:light_blue_stained_glass_pane":2,"minecraft:nether_gold_ore":9,"minecraft:deepslate_tiles":63,"minecraft:tuff":2,"iceandfire:silver_ore":10,"minecraft:quartz_stairs":3,"minecraft:deepslate_diamond_ore":37,"minecraft:stripped_birch_log":1,"minecraft:nether_bricks":3,"minecraft:jungle_planks":33,"minecraft:crimson_roots":6,"minecraft:weeping_vines":1,"minecraft:redstone_wire":1,"iceandfire:chared_dirt":7,"minecraft:acacia_slab":39,"minecraft:hay_block":15,"minecraft:black_stained_glass_pane":3,"minecraft:furnace":5,"minecraft:carrots":291,"minecraft:jungle_sapling":1,"minecraft:andesite":4,"minecraft:acacia_stairs":102,"iceandfire:chared_gravel":4,"minecraft:black_concrete":3,"minecraft:chiseled_deepslate":4,"minecraft:potatoes":124,"minecraft:shroomlight":39,"minecraft:deepslate_iron_ore":10,"minecraft:vine":71,"minecraft:stripped_acacia_log":1,"minecraft:stone":399,"minecraft:orange_glazed_terracotta":1,"minecraft:redstone_block":1,"minecraft:acacia_leaves":62,"minecraft:gray_concrete":8,"minecraft:soul_sand":15,"minecraft:stone_brick_slab":3,"minecraft:dandelion":1,"travelersbackpack:standard":8,"minecraft:copper_ore":5,"minecraft:tall_grass":27,"minecraft:lapis_ore":2,"minecraft:deepslate_gold_ore":16,"minecraft:diorite":8,"minecraft:spruce_stairs":1,"minecraft:gray_wool":2,"minecraft:birch_planks":9,"minecraft:birch_leaves":12,"minecraft:jungle_fence":4,"iceandfire:ash":1,"minecraft:coal_ore":72,"minecraft:gravel":195,"minecraft:acacia_door":3,"minecraft:cobweb":8,"minecraft:acacia_planks":81,"minecraft:fern":2},"minecraft:custom":{"minecraft:animals_bred":49,"minecraft:interact_with_crafting_table":31,"minecraft:open_barrel":13,"minecraft:leave_game":19,"minecraft:time_since_death":406077,"minecraft:damage_resisted":52,"minecraft:sprint_one_cm":3079656,"minecraft:damage_blocked_by_shield":4540,"minecraft:drop":298,"minecraft:play_noteblock":9,"minecraft:talked_to_villager":26,"minecraft:play_time":1482477,"minecraft:deaths":13,"minecraft:jump":8249,"minecraft:walk_on_water_one_cm":301092,"tombstone:steal_effect":13,"minecraft:interact_with_furnace":173,"minecraft:traded_with_villager":4,"minecraft:sleep_in_bed":55,"minecraft:waystone_activated":6,"minecraft:damage_dealt":65285,"minecraft:crouch_one_cm":78584,"tombstone:undead_killed":121,"minecraft:inspect_dispenser":6,"minecraft:interact_with_smithing_table":4,"minecraft:interact_with_anvil":16,"minecraft:mob_kills":303,"minecraft:damage_dealt_resisted":647,"minecraft:climb_one_cm":42980,"minecraft:walk_one_cm":4778316,"minecraft:raid_win":2,"minecraft:sneak_time":29709,"minecraft:walk_under_water_one_cm":119536,"minecraft:boat_one_cm":777737,"minecraft:interact_with_blast_furnace":2,"minecraft:total_world_time":1482477,"tombstone:raider_killed":32,"minecraft:tune_noteblock":3,"minecraft:raid_trigger":1,"minecraft:interact_with_grindstone":3,"minecraft:interact_with_stonecutter":4,"minecraft:time_since_rest":118239,"minecraft:damage_taken":16634,"minecraft:swim_one_cm":94197,"minecraft:fly_one_cm":1707683,"minecraft:open_chest":499,"minecraft:fall_one_cm":125441},"minecraft:used":{"minecraft:iron_shovel":3512,"minecraft:chiseled_deepslate":8,"minecraft:poppy":3,"minecraft:chest":17,"minecraft:shield":144,"minecraft:stone":38,"minecraft:iron_sword":448,"minecraft:soul_sand":17,"minecraft:cocoa_beans":15,"minecraft:jungle_planks":452,"minecraft:carrot":464,"minecraft:acacia_sapling":45,"minecraft:milk_bucket":2,"minecraft:spruce_boat":1,"minecraft:jungle_sapling":17,"vampirism:item_tent":1,"minecraft:crimson_roots":2,"minecraft:stone_brick_stairs":1,"minecraft:item_frame":6,"minecraft:oak_sapling":2,"minecraft:furnace":12,"minecraft:beetroot_seeds":23,"minecraft:acacia_fence":9,"minecraft:skeleton_skull":1,"minecraft:egg":2,"minecraft:potato":337,"travelersbackpack:spider":1,"travelersbackpack:nether":3,"minecraft:jungle_fence":12,"minecraft:wither_skeleton_skull":1,"minecraft:oak_planks":1,"minecraft:blackstone":6,"minecraft:sugar_cane":20,"minecraft:sand":96,"minecraft:blast_furnace":1,"minecraft:chiseled_quartz_block":21,"minecraft:note_block":1,"minecraft:gray_concrete":10,"minecraft:pumpkin_seeds":10,"minecraft:deepslate_tiles":387,"waystones:waystone":2,"easy_villagers:villager":3,"minecraft:light_gray_concrete":5,"minecraft:acacia_door":4,"minecraft:bread":46,"minecraft:gravel":1,"minecraft:nether_wart_block":7,"minecraft:diamond_sword":1157,"minecraft:smithing_table":1,"minecraft:smooth_stone_slab":3,"minecraft:bone_meal":35,"minecraft:acacia_log":10,"minecraft:stone_shovel":179,"minecraft:cooked_chicken":3,"minecraft:netherrack":18,"minecraft:torch":219,"minecraft:dirt":1190,"minecraft:anvil":1,"minecraft:stone_stairs":16,"minecraft:shroomlight":47,"minecraft:iron_hoe":965,"minecraft:wooden_axe":52,"minecraft:iron_axe":1013,"minecraft:acacia_slab":97,"minecraft:jungle_log":21,"minecraft:smooth_quartz":14,"minecraft:melon_seeds":40,"tombstone:gift":9,"minecraft:cooked_beef":120,"minecraft:cobbled_deepslate":1,"minecraft:acacia_planks":36,"minecraft:wheat_seeds":551,"minecraft:cooked_mutton":26,"minecraft:water_bucket":274,"minecraft:acacia_boat":2,"minecraft:birch_planks":277,"minecraft:stonecutter":1,"minecraft:deepslate_bricks":4,"minecraft:brown_banner":2,"justhammers:iron_hammer":626,"minecraft:acacia_stairs":93,"minecraft:apple":4,"minecraft:iron_pickaxe":1186,"justhammers:stone_hammer":306,"minecraft:stone_axe":168,"minecraft:crimson_fungus":1,"minecraft:cobblestone":19,"travelersbackpack:standard":22,"minecraft:white_banner":1,"minecraft:cooked_porkchop":16,"minecraft:bucket":276,"minecraft:glass_pane":31,"minecraft:dandelion":3,"minecraft:gray_wool":1},"minecraft:killed_by":{"minecraft:wither_skeleton":1,"minecraft:drowned":2,"minecraft:vindicator":1,"minecraft:zombie":1,"minecraft:husk":1,"minecraft:player":1,"minecraft:skeleton":1,"iceandfire:ghost":1},"minecraft:crafted":{"minecraft:oak_planks":12,"minecraft:cooked_chicken":2,"minecraft:stone":138,"minecraft:bookshelf":1,"minecraft:cooked_mutton":9,"minecraft:glass":169,"minecraft:diamond_leggings":1,"minecraft:diamond_helmet":1,"minecraft:melon_seeds":37,"travelersbackpack:nether":1,"minecraft:chest":12,"minecraft:acacia_fence":6,"minecraft:golden_boots":2,"minecraft:glass_bottle":18,"minecraft:item_frame":3,"minecraft:emerald":4,"minecraft:cooked_porkchop":70,"minecraft:acacia_slab":78,"travelersbackpack:standard":1,"minecraft:birch_planks":268,"minecraft:book":1,"minecraft:paper":9,"minecraft:chiseled_deepslate":4,"minecraft:shield":3,"minecraft:stick":260,"minecraft:iron_ingot":30,"minecraft:iron_pickaxe":2,"minecraft:gold_ingot":142,"iceandfire:dragon_stick":1,"minecraft:furnace":8,"minecraft:bone_meal":18,"minecraft:glass_pane":272,"minecraft:stone_stairs":8,"travelersbackpack:white_sleeping_bag":2,"minecraft:iron_axe":7,"minecraft:iron_hoe":6,"minecraft:spruce_boat":1,"minecraft:jungle_fence":12,"travelersbackpack:spider":1,"minecraft:wheat":135,"minecraft:cooked_beef":117,"minecraft:red_dye":1,"minecraft:diamond_sword":3,"iceandfire:silver_ingot":3,"minecraft:iron_sword":4,"minecraft:bucket":4,"minecraft:air":0,"minecraft:acacia_boat":1,"minecraft:bread":6,"minecraft:jungle_planks":544,"justhammers:iron_hammer":9,"justhammers:stone_hammer":6,"minecraft:wooden_axe":1,"minecraft:iron_shovel":4,"minecraft:stonecutter":1,"minecraft:acacia_planks":388,"minecraft:torch":120,"minecraft:diamond_chestplate":2},"minecraft:dropped":{"iceandfire:chared_stone":9,"minecraft:soul_sand":2,"minecraft:glass_bottle":18,"minecraft:weeping_vines":5,"minecraft:jungle_planks":2,"minecraft:orange_glazed_terracotta":1,"minecraft:dirt":125,"minecraft:crimson_roots":19,"iceandfire:chared_gravel":4,"minecraft:jungle_sapling":1,"iceandfire:ash":1,"minecraft:sand":7,"minecraft:black_concrete":3,"minecraft:acacia_door":1,"minecraft:white_wool":2,"minecraft:gold_ingot":54,"minecraft:gravel":157,"minecraft:stone_axe":1,"minecraft:golden_chestplate":1,"minecraft:cobbled_deepslate":1304,"minecraft:wheat":192,"minecraft:obsidian":12,"minecraft:rotten_flesh":46,"minecraft:cooked_mutton":1,"justhammers:iron_hammer":7,"justhammers:stone_hammer":7,"minecraft:deepslate_tiles":1,"minecraft:brick_stairs":2,"travelersbackpack:white_sleeping_bag":2,"minecraft:jungle_log":46,"minecraft:chest":1,"minecraft:spruce_wood":7,"minecraft:arrow":2,"minecraft:iron_bars":2,"minecraft:glass":19,"minecraft:stone_brick_stairs":2,"minecraft:netherrack":52,"minecraft:crimson_planks":1,"minecraft:wheat_seeds":272,"minecraft:cobblestone":717,"minecraft:feather":2,"minecraft:granite":155,"minecraft:spruce_stairs":1,"minecraft:acacia_log":52,"minecraft:cobweb":3,"minecraft:jungle_slab":5,"minecraft:diorite":2,"minecraft:wooden_axe":1,"minecraft:smooth_quartz":7,"minecraft:iron_leggings":1,"minecraft:iron_axe":1,"minecraft:string":3,"minecraft:acacia_planks":136,"minecraft:stone_brick_slab":2,"minecraft:redstone":27,"minecraft:kelp":5,"minecraft:raw_copper":25,"minecraft:tuff":200,"minecraft:raw_iron":3,"minecraft:clay_ball":4,"minecraft:light_gray_concrete":2,"minecraft:nether_bricks":2,"minecraft:diamond_sword":3,"minecraft:filled_map":1,"minecraft:shield":1,"minecraft:andesite":89,"minecraft:oak_sapling":3,"minecraft:spider_eye":2,"minecraft:bow":1,"minecraft:brick_slab":1},"minecraft:killed":{"vampirism:vampire":6,"vampirism:advanced_vampire":1,"minecraft:spider":17,"minecraft:skeleton":52,"minecraft:chicken":2,"minecraft:magma_cube":6,"minecraft:pig":8,"minecraft:creeper":5,"vampirism:hunter":1,"minecraft:sheep":4,"minecraft:pillager":26,"minecraft:zombie":48,"minecraft:glow_squid":1,"minecraft:blaze":1,"minecraft:cow":63,"minecraft:vex":1,"minecraft:vindicator":4,"iceandfire:siren":1,"minecraft:ravager":2,"minecraft:hoglin":32,"iceandfire:ghost":2,"minecraft:wither_skeleton":19,"minecraft:enderman":3},"minecraft:picked_up":{"minecraft:chiseled_deepslate":4,"minecraft:wheat":835,"minecraft:redstone_block":1,"minecraft:anvil":1,"minecraft:prismarine_shard":1,"minecraft:diamond_sword":10,"minecraft:potion":2,"minecraft:nether_brick":13,"minecraft:stone_brick_stairs":9,"minecraft:crimson_planks":55,"minecraft:amethyst_block":1,"minecraft:raw_copper":18,"minecraft:string":50,"minecraft:soul_soil":2,"minecraft:smooth_stone_slab":5,"minecraft:iron_leggings":1,"minecraft:orange_glazed_terracotta":1,"minecraft:shroomlight":53,"minecraft:beetroot":8,"vampirism:obi_belt":1,"minecraft:deepslate_tiles":63,"minecraft:gold_nugget":1027,"minecraft:cobbled_deepslate":2453,"minecraft:spruce_planks":8,"minecraft:smooth_quartz":31,"minecraft:melon_slice":78,"minecraft:furnace":5,"minecraft:iron_boots":2,"minecraft:stick":59,"minecraft:acacia_fence":15,"minecraft:torch":103,"travelersbackpack:iron_tier_upgrade":1,"minecraft:acacia_log":308,"minecraft:spruce_stairs":1,"iceandfire:silver_ore":10,"minecraft:porkchop":70,"minecraft:diorite":66,"tombstone:grave_dust":14,"vampirism:vampire_fang":2,"minecraft:golden_chestplate":1,"minecraft:stone_sword":1,"minecraft:rotten_flesh":55,"minecraft:blaze_rod":1,"minecraft:obsidian":2,"minecraft:iron_bars":2,"minecraft:cobblestone":1545,"paraglider:paraglider":1,"minecraft:birch_log":67,"vampirism:vampire_book":1,"minecraft:feather":2,"minecraft:repeater":2,"minecraft:andesite":89,"minecraft:jungle_log":245,"minecraft:chiseled_quartz_block":44,"minecraft:potato":441,"paraglider:spirit_orb":4,"minecraft:flint":17,"minecraft:tuff":200,"minecraft:acacia_boat":1,"minecraft:wither_skeleton_skull":1,"travelersbackpack:gold_tier_upgrade":1,"minecraft:gray_concrete":13,"minecraft:lapis_lazuli":106,"minecraft:dirt":2996,"minecraft:glass":7,"minecraft:bone":92,"minecraft:acacia_planks":118,"minecraft:bow":2,"minecraft:wheat_seeds":1823,"minecraft:raw_gold":40,"minecraft:oak_planks":2,"minecraft:cooked_porkchop":3,"justhammers:iron_hammer":1,"minecraft:sand":328,"minecraft:jungle_planks":31,"minecraft:acacia_stairs":102,"minecraft:jungle_slab":5,"minecraft:spectral_arrow":39,"iceandfire:chared_cobblestone":1,"minecraft:bundle":2,"minecraft:light_gray_concrete":37,"minecraft:dispenser":1,"minecraft:diamond":51,"minecraft:black_concrete":3,"waystones:waystone":2,"minecraft:granite":155,"minecraft:bone_meal":10,"minecraft:emerald":2,"minecraft:oak_sapling":6,"minecraft:netherrack":100,"minecraft:crimson_roots":21,"iceandfire:dragon_skull_lightning":1,"minecraft:cocoa_beans":15,"iceandfire:witherbone":6,"minecraft:splash_potion":3,"minecraft:chicken":2,"minecraft:nether_wart":3,"minecraft:clay_ball":4,"minecraft:stone_stairs":8,"minecraft:iron_axe":1,"minecraft:acacia_door":3,"minecraft:item_frame":3,"minecraft:iron_shovel":2,"minecraft:blackstone":25,"minecraft:beef":121,"minecraft:jungle_sapling":20,"minecraft:iron_nugget":24,"minecraft:poppy":6,"minecraft:quartz_stairs":4,"minecraft:sugar_cane":325,"minecraft:chest":6,"minecraft:birch_sapling":1,"minecraft:piston":1,"minecraft:egg":8,"minecraft:raw_iron":29,"iceandfire:dragonbone":3,"minecraft:note_block":3,"minecraft:fire_charge":4,"minecraft:cookie":15,"minecraft:carrot":1054,"minecraft:redstone":92,"minecraft:prismarine_crystals":9,"minecraft:arrow":36,"minecraft:weeping_vines":5,"minecraft:beetroot_seeds":23,"minecraft:pumpkin_pie":13,"minecraft:nether_bricks":2,"iceandfire:chared_dirt":7,"minecraft:hay_block":15,"tombstone:essence_of_undeath":2,"minecraft:saddle":2,"minecraft:gold_ingot":10,"minecraft:brick_stairs":2,"minecraft:mutton":9,"minecraft:skeleton_skull":1,"minecraft:white_wool":4,"minecraft:tripwire_hook":1,"vampirism:vampire_blood_bottle":1,"iceandfire:sea_serpent_fang":2,"vampirism:item_tent":1,"minecraft:glow_ink_sac":1,"minecraft:leather":94,"minecraft:jungle_fence":4,"minecraft:filled_map":1,"minecraft:birch_planks":9,"minecraft:crimson_fungus":2,"minecraft:oak_log":10,"minecraft:nether_wart_block":12,"minecraft:gunpowder":5,"minecraft:white_banner":8,"minecraft:cooked_mutton":1,"vampirism:human_heart":1,"minecraft:apple":2,"minecraft:kelp":5,"minecraft:iron_ingot":4,"minecraft:iron_sword":1,"minecraft:acacia_sapling":87,"minecraft:soul_sand":30,"iceandfire:chared_stone":9,"minecraft:pumpkin":13,"minecraft:stone_brick_slab":5,"iceandfire:ash":1,"minecraft:quartz":48,"minecraft:dandelion":3,"minecraft:gravel":164,"minecraft:amethyst_shard":8,"justhammers:stone_hammer":2,"minecraft:blast_furnace":1,"minecraft:crying_obsidian":10,"minecraft:spider_eye":8,"travelersbackpack:standard":12,"minecraft:pumpkin_seeds":10,"minecraft:stone_axe":1,"minecraft:chainmail_leggings":2,"minecraft:iron_helmet":1,"minecraft:gray_wool":3,"tombstone:magic_scroll":1,"minecraft:acacia_slab":36,"minecraft:melon_seeds":23,"iceandfire:chared_gravel":4,"minecraft:coal":197,"minecraft:ender_pearl":3}},"DataVersion":3120}