{"stats":{"minecraft:broken":{"minecraft:iron_shovel":2,"minecraft:golden_boots":2,"minecraft:iron_boots":1,"minecraft:iron_chestplate":1,"minecraft:stone_axe":2,"minecraft:iron_sword":2,"minecraft:stone_shovel":2,"minecraft:iron_hoe":3,"minecraft:shield":1,"minecraft:iron_axe":1,"minecraft:iron_pickaxe":2,"minecraft:iron_helmet":1},"minecraft:mined":{"minecraft:spruce_planks":20,"minecraft:attached_melon_stem":3,"minecraft:farmland":179,"minecraft:jungle_slab":1,"minecraft:jungle_leaves":113,"minecraft:granite":34,"minecraft:budding_amethyst":1,"minecraft:acacia_log":323,"minecraft:grass_block":3111,"minecraft:jungle_log":259,"minecraft:polished_diorite":18,"minecraft:diorite_stairs":2,"minecraft:crimson_fungus":2,"minecraft:spawner":4,"minecraft:weeping_vines_plant":1,"minecraft:tall_seagrass":5,"minecraft:iron_ore":6,"minecraft:fire":2,"minecraft:pumpkin":8,"minecraft:anvil":1,"vampirism:tent":1,"iceandfire:gold_pile":102,"minecraft:dirt_path":19,"minecraft:iron_bars":2,"minecraft:small_amethyst_bud":2,"minecraft:light_gray_concrete":38,"minecraft:player_head":3,"minecraft:tripwire":4,"iceandfire:chared_cobblestone":1,"minecraft:deepslate_redstone_ore":6,"minecraft:brown_mushroom":1,"minecraft:medium_amethyst_bud":1,"minecraft:melon_stem":13,"minecraft:crimson_nylium":7,"minecraft:soul_fire":3,"minecraft:amethyst_cluster":2,"minecraft:chiseled_quartz_block":42,"minecraft:clay":1,"minecraft:torch":40,"minecraft:note_block":3,"minecraft:blast_furnace":1,"minecraft:melon":17,"minecraft:poppy":2,"minecraft:chest":12,"minecraft:white_stained_glass_pane":1,"minecraft:nether_quartz_ore":36,"minecraft:cobblestone":8,"minecraft:sugar_cane":138,"minecraft:wall_torch":41,"minecraft:amethyst_block":1,"minecraft:seagrass":4,"minecraft:stone_stairs":8,"minecraft:repeater":2,"minecraft:acacia_sapling":6,"minecraft:waxed_oxidized_cut_copper_stairs":1,"minecraft:birch_log":68,"minecraft:nether_wart_block":8,"minecraft:light_gray_stained_glass":1,"minecraft:wheat":491,"minecraft:smooth_stone_slab":5,"minecraft:stone_brick_stairs":9,"minecraft:grass":381,"minecraft:oak_log":10,"minecraft:beetroots":108,"minecraft:dirt":1016,"minecraft:acacia_fence":9,"minecraft:sand":439,"minecraft:smooth_quartz":25,"minecraft:crimson_planks":1,"minecraft:dispenser":1,"minecraft:netherrack":69,"minecraft:piston":1,"minecraft:oak_leaves":48,"minecraft:deepslate":28,"minecraft:gray_candle":1,"iceandfire:chared_stone":9,"minecraft:nether_gold_ore":9,"minecraft:light_blue_stained_glass_pane":2,"minecraft:deepslate_tiles":64,"minecraft:tuff":2,"iceandfire:silver_ore":10,"minecraft:quartz_stairs":3,"minecraft:deepslate_diamond_ore":37,"minecraft:stripped_birch_log":1,"minecraft:nether_bricks":3,"minecraft:jungle_planks":33,"minecraft:crimson_roots":6,"minecraft:weeping_vines":1,"minecraft:redstone_wire":1,"iceandfire:chared_dirt":7,"minecraft:acacia_slab":39,"minecraft:spruce_leaves":7,"minecraft:red_mushroom":4,"minecraft:large_fern":1,"minecraft:hay_block":16,"minecraft:black_stained_glass_pane":3,"minecraft:spore_blossom":1,"minecraft:furnace":5,"minecraft:carrots":652,"minecraft:jungle_sapling":1,"minecraft:andesite":6,"minecraft:acacia_stairs":102,"minecraft:dark_oak_fence_gate":1,"iceandfire:chared_gravel":4,"minecraft:black_concrete":3,"minecraft:chiseled_deepslate":4,"minecraft:polished_deepslate":15,"minecraft:potatoes":537,"minecraft:shroomlight":39,"minecraft:deepslate_iron_ore":10,"minecraft:vine":82,"minecraft:stripped_acacia_log":1,"minecraft:stone":477,"minecraft:orange_glazed_terracotta":1,"minecraft:redstone_block":1,"minecraft:acacia_leaves":65,"minecraft:gray_concrete":8,"minecraft:soul_sand":15,"minecraft:lily_of_the_valley":19,"travelersbackpack:nether":1,"minecraft:stone_brick_slab":3,"minecraft:dandelion":1,"travelersbackpack:standard":8,"minecraft:emerald_ore":2,"minecraft:copper_ore":8,"minecraft:tall_grass":31,"minecraft:lapis_ore":2,"minecraft:deepslate_gold_ore":16,"minecraft:diorite":15,"minecraft:spruce_stairs":1,"minecraft:gray_wool":2,"minecraft:birch_planks":9,"minecraft:birch_leaves":12,"minecraft:spruce_log":25,"minecraft:jungle_fence":4,"iceandfire:ash":1,"minecraft:coal_ore":175,"minecraft:gravel":196,"minecraft:acacia_door":3,"minecraft:cobweb":11,"minecraft:acacia_planks":81,"minecraft:fern":3},"minecraft:custom":{"minecraft:animals_bred":71,"minecraft:interact_with_crafting_table":31,"minecraft:open_barrel":15,"minecraft:bell_ring":1,"minecraft:leave_game":26,"minecraft:time_since_death":64213,"minecraft:damage_resisted":52,"minecraft:sprint_one_cm":3677419,"minecraft:damage_blocked_by_shield":6665,"minecraft:drop":389,"minecraft:play_noteblock":9,"minecraft:talked_to_villager":26,"minecraft:play_time":1775412,"minecraft:deaths":15,"minecraft:jump":10641,"minecraft:walk_on_water_one_cm":348197,"tombstone:steal_effect":15,"minecraft:interact_with_furnace":210,"minecraft:traded_with_villager":22,"minecraft:sleep_in_bed":62,"minecraft:waystone_activated":6,"minecraft:damage_dealt":87458,"minecraft:crouch_one_cm":84277,"tombstone:undead_killed":171,"minecraft:interact_with_smoker":1,"minecraft:inspect_dispenser":6,"minecraft:interact_with_smithing_table":4,"minecraft:interact_with_anvil":24,"minecraft:mob_kills":418,"minecraft:damage_dealt_resisted":647,"minecraft:climb_one_cm":48125,"minecraft:walk_one_cm":6060938,"minecraft:raid_win":2,"minecraft:sneak_time":31580,"minecraft:walk_under_water_one_cm":143142,"minecraft:boat_one_cm":777737,"minecraft:interact_with_blast_furnace":2,"minecraft:total_world_time":1775412,"tombstone:raider_killed":34,"minecraft:tune_noteblock":3,"minecraft:raid_trigger":1,"minecraft:interact_with_grindstone":3,"minecraft:interact_with_stonecutter":13,"minecraft:time_since_rest":29337,"minecraft:damage_taken":19922,"minecraft:trigger_trapped_chest":3,"minecraft:swim_one_cm":108920,"minecraft:fly_one_cm":2284485,"minecraft:open_chest":717,"minecraft:fall_one_cm":147624},"minecraft:used":{"minecraft:iron_shovel":4773,"minecraft:polished_deepslate":407,"minecraft:chiseled_deepslate":8,"minecraft:poppy":3,"minecraft:shield":221,"minecraft:chest":25,"minecraft:stone":38,"minecraft:iron_sword":448,"minecraft:player_head":1,"minecraft:soul_sand":17,"minecraft:cocoa_beans":15,"minecraft:jungle_planks":452,"minecraft:carrot":826,"minecraft:acacia_sapling":45,"minecraft:milk_bucket":3,"minecraft:spruce_boat":1,"minecraft:jungle_sapling":25,"vampirism:item_tent":1,"minecraft:crimson_roots":2,"minecraft:stone_brick_stairs":1,"minecraft:item_frame":6,"minecraft:oak_sapling":2,"minecraft:furnace":12,"minecraft:beetroot_seeds":136,"minecraft:acacia_fence":9,"minecraft:skeleton_skull":1,"minecraft:egg":2,"minecraft:potato":750,"travelersbackpack:spider":1,"travelersbackpack:nether":5,"minecraft:oak_planks":1,"minecraft:wither_skeleton_skull":1,"minecraft:jungle_fence":12,"minecraft:blackstone":6,"minecraft:sugar_cane":20,"minecraft:sand":107,"minecraft:blast_furnace":1,"minecraft:chiseled_quartz_block":21,"minecraft:note_block":1,"minecraft:gray_concrete":10,"minecraft:pumpkin_seeds":10,"waystones:waystone":2,"minecraft:deepslate_tiles":458,"easy_villagers:villager":3,"minecraft:acacia_door":4,"minecraft:bread":46,"minecraft:light_gray_concrete":5,"minecraft:gravel":1,"minecraft:diamond_sword":1716,"minecraft:nether_wart_block":7,"minecraft:smithing_table":1,"minecraft:smooth_stone_slab":3,"minecraft:diorite_stairs":70,"minecraft:bone_meal":47,"minecraft:acacia_log":10,"minecraft:stone_shovel":179,"minecraft:cooked_chicken":3,"minecraft:netherrack":18,"minecraft:torch":289,"minecraft:dirt":1519,"minecraft:anvil":1,"minecraft:stone_stairs":16,"minecraft:polished_diorite":233,"minecraft:shroomlight":52,"minecraft:iron_hoe":965,"minecraft:wooden_axe":52,"minecraft:iron_axe":1146,"minecraft:acacia_slab":97,"minecraft:jungle_log":21,"minecraft:smooth_quartz":14,"minecraft:melon_seeds":40,"minecraft:white_stained_glass_pane":145,"tombstone:gift":9,"minecraft:cooked_beef":131,"minecraft:cobbled_deepslate":1,"minecraft:acacia_planks":36,"minecraft:wheat_seeds":744,"minecraft:cooked_mutton":26,"minecraft:water_bucket":276,"minecraft:acacia_boat":2,"minecraft:birch_planks":277,"minecraft:stonecutter":1,"minecraft:deepslate_bricks":4,"minecraft:red_mushroom":3,"minecraft:brown_banner":2,"justhammers:iron_hammer":777,"minecraft:acacia_stairs":93,"minecraft:apple":4,"minecraft:iron_pickaxe":1426,"minecraft:suspicious_stew":1,"justhammers:stone_hammer":306,"minecraft:stone_axe":168,"minecraft:crimson_fungus":1,"minecraft:cobblestone":27,"travelersbackpack:standard":22,"minecraft:white_banner":5,"minecraft:cooked_porkchop":51,"minecraft:bucket":281,"minecraft:glass_pane":31,"minecraft:dandelion":3,"minecraft:gray_wool":1},"minecraft:killed_by":{"minecraft:wither_skeleton":1,"minecraft:drowned":2,"minecraft:vindicator":1,"minecraft:zombie":2,"minecraft:husk":1,"minecraft:player":1,"minecraft:skeleton":1,"iceandfire:ghost":1},"minecraft:crafted":{"minecraft:oak_planks":12,"minecraft:cooked_chicken":2,"minecraft:stone":138,"minecraft:bookshelf":1,"minecraft:cooked_mutton":9,"minecraft:glass":169,"minecraft:diamond_leggings":1,"minecraft:diamond_helmet":1,"minecraft:melon_seeds":37,"travelersbackpack:nether":1,"minecraft:chest":12,"minecraft:acacia_fence":6,"minecraft:golden_boots":2,"minecraft:glass_bottle":18,"minecraft:item_frame":3,"minecraft:emerald":21,"minecraft:cooked_porkchop":70,"minecraft:baked_potato":45,"minecraft:acacia_slab":78,"travelersbackpack:standard":1,"minecraft:birch_planks":268,"minecraft:white_stained_glass_pane":152,"minecraft:book":1,"minecraft:paper":9,"minecraft:chiseled_deepslate":4,"minecraft:shield":4,"minecraft:stick":872,"minecraft:iron_ingot":30,"minecraft:iron_pickaxe":3,"minecraft:gold_ingot":142,"iceandfire:dragon_stick":1,"minecraft:furnace":8,"minecraft:bone_meal":63,"minecraft:glass_pane":272,"minecraft:stone_stairs":8,"travelersbackpack:white_sleeping_bag":2,"minecraft:polished_deepslate":4,"minecraft:iron_axe":8,"minecraft:iron_hoe":6,"minecraft:spruce_boat":1,"minecraft:jungle_fence":12,"travelersbackpack:spider":1,"minecraft:wheat":135,"minecraft:cooked_beef":275,"minecraft:red_dye":1,"minecraft:diamond_sword":4,"iceandfire:silver_ingot":3,"minecraft:iron_sword":4,"minecraft:bucket":4,"minecraft:enchanted_book":1,"minecraft:air":0,"minecraft:acacia_boat":1,"minecraft:bread":62,"minecraft:jungle_planks":544,"justhammers:iron_hammer":9,"justhammers:stone_hammer":6,"minecraft:white_dye":19,"minecraft:wooden_axe":1,"minecraft:iron_shovel":5,"minecraft:stonecutter":1,"minecraft:acacia_planks":680,"minecraft:torch":148,"minecraft:diamond_chestplate":2},"minecraft:dropped":{"iceandfire:chared_stone":9,"vampirism:totem_top_crafted":1,"minecraft:soul_sand":2,"minecraft:oak_log":5,"minecraft:glass_bottle":18,"minecraft:cooked_porkchop":1,"minecraft:weeping_vines":5,"minecraft:jungle_planks":2,"minecraft:orange_glazed_terracotta":1,"minecraft:dirt":338,"minecraft:gray_concrete":3,"minecraft:crimson_roots":19,"iceandfire:chared_gravel":4,"minecraft:jungle_sapling":1,"iceandfire:ash":1,"minecraft:sand":12,"minecraft:black_concrete":3,"minecraft:acacia_door":1,"minecraft:white_wool":2,"minecraft:gold_ingot":54,"minecraft:gravel":167,"minecraft:stone_axe":1,"minecraft:golden_chestplate":1,"minecraft:cobbled_deepslate":1304,"minecraft:wheat":197,"minecraft:obsidian":12,"minecraft:rotten_flesh":69,"minecraft:cooked_mutton":1,"justhammers:iron_hammer":10,"minecraft:carrot":4,"minecraft:poppy":686,"justhammers:stone_hammer":7,"minecraft:deepslate_tiles":1,"minecraft:brick_stairs":2,"travelersbackpack:white_sleeping_bag":2,"minecraft:jungle_log":46,"minecraft:chest":1,"minecraft:spruce_wood":7,"minecraft:iron_bars":2,"minecraft:arrow":2,"minecraft:glass":19,"minecraft:stone_brick_stairs":8,"minecraft:netherrack":52,"minecraft:crimson_planks":1,"minecraft:wheat_seeds":316,"minecraft:waxed_oxidized_cut_copper_stairs":1,"minecraft:cobblestone":1364,"minecraft:feather":2,"minecraft:granite":155,"minecraft:spruce_stairs":1,"minecraft:acacia_log":55,"minecraft:grass_block":1,"minecraft:stick":1,"minecraft:cobweb":3,"minecraft:jungle_slab":5,"minecraft:diorite":3,"minecraft:wooden_axe":1,"minecraft:smooth_quartz":15,"minecraft:iron_leggings":1,"minecraft:iron_axe":1,"minecraft:red_dye":1,"minecraft:string":3,"minecraft:acacia_planks":136,"minecraft:dandelion":1,"minecraft:stone_brick_slab":5,"minecraft:redstone":27,"minecraft:kelp":5,"minecraft:chiseled_quartz_block":7,"minecraft:raw_copper":59,"minecraft:cocoa_beans":3,"minecraft:smooth_stone_slab":2,"minecraft:bowl":1,"minecraft:tuff":200,"minecraft:raw_iron":3,"minecraft:red_banner":1,"minecraft:clay_ball":4,"minecraft:light_gray_concrete":2,"minecraft:nether_bricks":2,"minecraft:filled_map":1,"minecraft:diamond_sword":5,"vampirism:totem_base":1,"minecraft:shield":1,"minecraft:andesite":99,"minecraft:quartz_stairs":2,"vampirism:crossbow_arrow_normal":1,"minecraft:oak_sapling":3,"minecraft:spider_eye":2,"minecraft:bow":2,"minecraft:brick_slab":1},"minecraft:killed":{"vampirism:vampire":9,"vampirism:advanced_vampire":1,"minecraft:spider":27,"minecraft:skeleton":72,"minecraft:chicken":2,"minecraft:magma_cube":6,"minecraft:pig":9,"minecraft:creeper":9,"vampirism:hunter":1,"minecraft:sheep":4,"minecraft:pillager":26,"minecraft:zombie":74,"minecraft:glow_squid":1,"minecraft:blaze":1,"minecraft:cow":105,"minecraft:vex":1,"minecraft:vindicator":4,"minecraft:phantom":2,"iceandfire:siren":1,"minecraft:drowned":1,"minecraft:ravager":2,"minecraft:hoglin":32,"iceandfire:ghost":3,"minecraft:wither_skeleton":19,"minecraft:enderman":4},"minecraft:picked_up":{"minecraft:chiseled_deepslate":4,"minecraft:iron_chestplate":1,"minecraft:wheat":1009,"minecraft:redstone_block":1,"minecraft:chainmail_boots":2,"minecraft:anvil":1,"minecraft:prismarine_shard":1,"minecraft:diamond_sword":14,"minecraft:potion":2,"minecraft:nether_brick":13,"minecraft:stone_brick_stairs":9,"minecraft:crimson_planks":55,"minecraft:amethyst_block":1,"minecraft:polished_deepslate":16,"minecraft:string":61,"minecraft:soul_soil":2,"minecraft:raw_copper":128,"minecraft:smooth_stone_slab":5,"minecraft:iron_leggings":1,"minecraft:orange_glazed_terracotta":1,"minecraft:shroomlight":53,"minecraft:beetroot":101,"vampirism:obi_belt":1,"minecraft:deepslate_tiles":172,"minecraft:gold_nugget":1027,"minecraft:cobbled_deepslate":2805,"minecraft:spruce_planks":8,"minecraft:iron_pickaxe":3,"minecraft:smooth_quartz":31,"minecraft:melon_slice":78,"vampirism:crossbow_arrow_normal":2,"minecraft:iron_boots":2,"minecraft:furnace":5,"minecraft:stick":63,"minecraft:acacia_fence":15,"minecraft:torch":130,"minecraft:acacia_log":326,"travelersbackpack:iron_tier_upgrade":1,"minecraft:spruce_stairs":1,"iceandfire:silver_ore":16,"minecraft:porkchop":73,"vampirism:vampire_fang":3,"tombstone:grave_dust":16,"minecraft:diorite":310,"minecraft:golden_chestplate":1,"minecraft:stone_sword":1,"minecraft:rotten_flesh":85,"minecraft:blaze_rod":1,"minecraft:obsidian":2,"minecraft:iron_bars":2,"minecraft:cobblestone":2707,"paraglider:paraglider":1,"minecraft:birch_log":67,"vampirism:vampire_book":1,"minecraft:feather":2,"minecraft:repeater":2,"minecraft:andesite":101,"minecraft:jungle_log":270,"minecraft:chiseled_quartz_block":44,"minecraft:potato":1826,"paraglider:spirit_orb":4,"minecraft:flint":17,"minecraft:tuff":200,"minecraft:wither_skeleton_skull":1,"minecraft:acacia_boat":1,"travelersbackpack:gold_tier_upgrade":1,"minecraft:gray_concrete":13,"minecraft:lapis_lazuli":121,"minecraft:dirt":4272,"minecraft:glass":7,"minecraft:bone":109,"minecraft:acacia_planks":118,"minecraft:bow":5,"minecraft:wheat_seeds":2348,"minecraft:raw_gold":40,"minecraft:gray_candle":3,"minecraft:honeycomb":53,"minecraft:oak_planks":2,"vampirism:totem_top_crafted":1,"minecraft:cooked_porkchop":4,"minecraft:poisonous_potato":6,"justhammers:iron_hammer":3,"minecraft:sand":431,"minecraft:jungle_planks":31,"minecraft:grass_block":2,"minecraft:lily_of_the_valley":19,"minecraft:acacia_stairs":102,"minecraft:jungle_slab":5,"minecraft:spectral_arrow":39,"iceandfire:chared_cobblestone":1,"minecraft:bundle":2,"minecraft:light_gray_concrete":37,"minecraft:dispenser":1,"minecraft:diamond":51,"minecraft:black_concrete":3,"waystones:waystone":2,"travelersbackpack:nether":1,"minecraft:granite":155,"minecraft:bone_meal":10,"minecraft:emerald":4,"minecraft:bread":18,"minecraft:oak_sapling":6,"minecraft:netherrack":100,"minecraft:crimson_roots":21,"iceandfire:dragon_skull_lightning":1,"minecraft:cocoa_beans":18,"minecraft:chicken":2,"minecraft:splash_potion":3,"iceandfire:witherbone":6,"minecraft:nether_wart":3,"minecraft:clay_ball":4,"minecraft:stone_stairs":8,"minecraft:iron_axe":2,"minecraft:acacia_door":3,"minecraft:item_frame":3,"minecraft:iron_shovel":3,"minecraft:blackstone":25,"vampirism:totem_base":1,"minecraft:beef":205,"minecraft:player_head":3,"minecraft:jungle_sapling":42,"minecraft:iron_nugget":24,"minecraft:poppy":15,"minecraft:quartz_stairs":4,"minecraft:sugar_cane":325,"minecraft:chest":14,"minecraft:birch_sapling":1,"minecraft:piston":1,"minecraft:phantom_membrane":1,"minecraft:egg":8,"minecraft:raw_iron":29,"iceandfire:dragonbone":3,"minecraft:note_block":3,"minecraft:fire_charge":4,"minecraft:cookie":15,"minecraft:carrot":2269,"minecraft:redstone":92,"minecraft:prismarine_crystals":9,"minecraft:arrow":51,"minecraft:weeping_vines":5,"minecraft:beetroot_seeds":271,"minecraft:pumpkin_pie":13,"minecraft:nether_bricks":2,"iceandfire:chared_dirt":7,"minecraft:hay_block":16,"minecraft:waxed_oxidized_cut_copper_stairs":2,"minecraft:gold_ingot":10,"minecraft:saddle":2,"tombstone:essence_of_undeath":3,"minecraft:brick_stairs":2,"minecraft:mutton":9,"minecraft:skeleton_skull":1,"minecraft:white_wool":4,"vampirism:vampire_blood_bottle":1,"iceandfire:sea_serpent_fang":2,"vampirism:item_tent":1,"minecraft:glow_ink_sac":1,"minecraft:tripwire_hook":2,"minecraft:leather":129,"minecraft:jungle_fence":4,"minecraft:red_mushroom":6,"minecraft:birch_planks":9,"minecraft:filled_map":1,"minecraft:crimson_fungus":2,"minecraft:oak_log":15,"minecraft:chainmail_chestplate":1,"iceandfire:ectoplasm":1,"minecraft:nether_wart_block":12,"minecraft:gunpowder":13,"minecraft:diorite_stairs":11,"minecraft:white_banner":8,"minecraft:cooked_mutton":1,"vampirism:human_heart":1,"minecraft:apple":3,"minecraft:kelp":5,"minecraft:spore_blossom":1,"minecraft:iron_ingot":4,"minecraft:iron_sword":1,"minecraft:acacia_sapling":116,"minecraft:soul_sand":30,"iceandfire:chared_stone":9,"minecraft:pumpkin":13,"minecraft:stone_brick_slab":5,"iceandfire:ash":1,"minecraft:quartz":48,"minecraft:dandelion":4,"minecraft:gravel":174,"minecraft:amethyst_shard":8,"minecraft:spruce_sapling":2,"justhammers:stone_hammer":2,"minecraft:red_banner":1,"minecraft:blast_furnace":1,"minecraft:spruce_log":25,"minecraft:crying_obsidian":10,"minecraft:spider_eye":8,"travelersbackpack:standard":12,"minecraft:pumpkin_seeds":10,"minecraft:polished_diorite":32,"minecraft:stone_axe":1,"minecraft:chainmail_leggings":3,"minecraft:iron_helmet":1,"minecraft:gray_wool":3,"tombstone:magic_scroll":1,"minecraft:acacia_slab":36,"minecraft:melon_seeds":23,"iceandfire:chared_gravel":4,"minecraft:coal":352,"minecraft:ender_pearl":5}},"DataVersion":3120}