{"stats":{"minecraft:killed":{"minecraft:skeleton":23,"minecraft:magma_cube":6,"minecraft:pig":2,"vampirism:hunter":1,"minecraft:sheep":1,"minecraft:cow":7},"minecraft:killed_by":{"minecraft:player":1},"minecraft:broken":{"minecraft:stone_axe":2,"minecraft:iron_sword":1,"minecraft:stone_shovel":1},"minecraft:crafted":{"minecraft:stone":2,"minecraft:cooked_mutton":1,"minecraft:glass_pane":48,"minecraft:glass":37,"travelersbackpack:white_sleeping_bag":2,"minecraft:chest":1,"minecraft:red_dye":1,"minecraft:cooked_porkchop":6,"minecraft:acacia_slab":66,"minecraft:iron_sword":2,"minecraft:bread":6,"minecraft:acacia_boat":1,"minecraft:air":0,"justhammers:iron_hammer":3,"justhammers:stone_hammer":3,"minecraft:shield":1,"minecraft:stick":24,"minecraft:iron_ingot":8,"minecraft:acacia_planks":92,"minecraft:torch":36},"minecraft:dropped":{"minecraft:wheat_seeds":2,"minecraft:smooth_quartz":7,"minecraft:black_concrete":3,"minecraft:stone_brick_slab":2,"minecraft:stone_axe":1,"minecraft:cooked_mutton":1,"minecraft:light_gray_concrete":2,"justhammers:iron_hammer":2,"minecraft:filled_map":1,"travelersbackpack:white_sleeping_bag":2,"minecraft:glass":19,"minecraft:stone_brick_stairs":2},"minecraft:mined":{"minecraft:acacia_log":9,"minecraft:grass_block":43,"minecraft:acacia_slab":16,"minecraft:spawner":2,"minecraft:black_stained_glass_pane":3,"minecraft:furnace":5,"minecraft:iron_ore":4,"minecraft:acacia_stairs":71,"minecraft:pumpkin":1,"minecraft:black_concrete":3,"vampirism:tent":1,"minecraft:dirt_path":17,"minecraft:light_gray_concrete":10,"minecraft:stone":7,"minecraft:tripwire":3,"minecraft:acacia_leaves":2,"minecraft:redstone_block":1,"minecraft:gray_concrete":5,"minecraft:stone_brick_slab":1,"travelersbackpack:standard":5,"minecraft:chiseled_quartz_block":16,"minecraft:note_block":3,"minecraft:poppy":1,"minecraft:tall_grass":2,"minecraft:wall_torch":7,"minecraft:gray_wool":2,"minecraft:repeater":2,"minecraft:acacia_sapling":2,"minecraft:light_gray_stained_glass":1,"minecraft:wheat":19,"minecraft:stone_brick_stairs":3,"minecraft:grass":17,"minecraft:coal_ore":13,"minecraft:smooth_quartz":15,"minecraft:acacia_door":2,"minecraft:sand":38,"minecraft:dirt":14,"minecraft:cobweb":2,"minecraft:acacia_planks":61,"minecraft:dispenser":1,"minecraft:piston":1},"minecraft:picked_up":{"minecraft:wheat":18,"minecraft:redstone_block":1,"minecraft:stone_brick_stairs":3,"minecraft:string":5,"minecraft:acacia_door":2,"minecraft:iron_shovel":1,"minecraft:beef":15,"minecraft:poppy":1,"minecraft:smooth_quartz":22,"minecraft:quartz_stairs":2,"minecraft:piston":1,"minecraft:egg":1,"minecraft:furnace":5,"minecraft:raw_iron":4,"minecraft:stick":1,"minecraft:acacia_log":9,"minecraft:torch":9,"travelersbackpack:iron_tier_upgrade":1,"minecraft:note_block":3,"minecraft:porkchop":6,"tombstone:grave_dust":2,"minecraft:redstone":1,"minecraft:arrow":15,"minecraft:mutton":1,"minecraft:cobblestone":6,"minecraft:repeater":2,"vampirism:item_tent":1,"minecraft:leather":7,"minecraft:chiseled_quartz_block":16,"minecraft:filled_map":1,"minecraft:acacia_boat":1,"minecraft:gray_concrete":10,"minecraft:dirt":74,"minecraft:cooked_mutton":1,"minecraft:glass":7,"minecraft:bone":19,"vampirism:human_heart":1,"minecraft:acacia_planks":59,"minecraft:wheat_seeds":53,"minecraft:acacia_sapling":5,"minecraft:pumpkin":1,"minecraft:stone_brick_slab":2,"justhammers:iron_hammer":1,"minecraft:sand":37,"minecraft:acacia_stairs":71,"travelersbackpack:standard":8,"minecraft:light_gray_concrete":11,"minecraft:dispenser":1,"minecraft:black_concrete":3,"minecraft:stone_axe":1,"minecraft:bone_meal":2,"minecraft:gray_wool":3,"minecraft:acacia_slab":13,"minecraft:coal":110},"minecraft:used":{"minecraft:stone_shovel":117,"minecraft:chest":1,"minecraft:shield":4,"minecraft:stone":2,"minecraft:iron_sword":379,"minecraft:torch":33,"minecraft:dirt":20,"minecraft:acacia_sapling":6,"vampirism:item_tent":1,"minecraft:acacia_slab":85,"minecraft:smooth_quartz":13,"minecraft:stone_brick_stairs":1,"tombstone:gift":6,"minecraft:cooked_beef":3,"minecraft:acacia_planks":36,"minecraft:wheat_seeds":64,"minecraft:cooked_mutton":17,"minecraft:acacia_boat":1,"minecraft:brown_banner":2,"minecraft:note_block":1,"minecraft:gray_concrete":10,"minecraft:acacia_stairs":36,"minecraft:acacia_door":4,"minecraft:bread":14,"minecraft:iron_pickaxe":103,"minecraft:stone_axe":168,"travelersbackpack:standard":11,"minecraft:glass_pane":31,"minecraft:gray_wool":1},"minecraft:custom":{"minecraft:interact_with_smithing_table":2,"minecraft:mob_kills":34,"minecraft:interact_with_crafting_table":21,"minecraft:damage_dealt_resisted":318,"minecraft:leave_game":6,"minecraft:time_since_death":55427,"minecraft:climb_one_cm":8081,"minecraft:sprint_one_cm":219152,"minecraft:walk_one_cm":539028,"minecraft:damage_blocked_by_shield":120,"minecraft:drop":15,"minecraft:play_noteblock":9,"minecraft:play_time":191709,"minecraft:deaths":3,"minecraft:sneak_time":13298,"minecraft:walk_under_water_one_cm":10683,"minecraft:boat_one_cm":131158,"minecraft:jump":750,"minecraft:walk_on_water_one_cm":17040,"minecraft:total_world_time":191709,"minecraft:interact_with_furnace":25,"minecraft:tune_noteblock":1,"minecraft:sleep_in_bed":6,"minecraft:time_since_rest":9014,"minecraft:waystone_activated":2,"minecraft:damage_taken":2758,"minecraft:damage_dealt":7691,"minecraft:swim_one_cm":18112,"minecraft:fly_one_cm":95597,"minecraft:open_chest":93,"minecraft:crouch_one_cm":31338,"tombstone:undead_killed":23,"minecraft:fall_one_cm":19461,"minecraft:inspect_dispenser":4}},"DataVersion":3120}