{"stats":{"minecraft:broken":{"minecraft:iron_shovel":1,"minecraft:golden_boots":1,"minecraft:iron_boots":1,"minecraft:iron_chestplate":1,"minecraft:stone_axe":2,"minecraft:iron_sword":2,"minecraft:stone_shovel":2,"minecraft:iron_hoe":3,"minecraft:shield":1,"minecraft:iron_axe":1,"minecraft:iron_pickaxe":2,"minecraft:iron_helmet":1},"minecraft:mined":{"minecraft:spruce_planks":20,"minecraft:attached_melon_stem":3,"minecraft:farmland":93,"minecraft:jungle_slab":1,"minecraft:jungle_leaves":78,"minecraft:granite":34,"minecraft:budding_amethyst":1,"minecraft:acacia_log":176,"minecraft:grass_block":2171,"minecraft:jungle_log":144,"minecraft:crimson_fungus":2,"minecraft:spawner":3,"minecraft:tall_seagrass":3,"minecraft:iron_ore":6,"minecraft:fire":1,"minecraft:pumpkin":8,"minecraft:anvil":1,"vampirism:tent":1,"iceandfire:gold_pile":102,"minecraft:dirt_path":19,"minecraft:iron_bars":2,"minecraft:small_amethyst_bud":2,"minecraft:light_gray_concrete":10,"minecraft:tripwire":3,"iceandfire:chared_cobblestone":1,"minecraft:deepslate_redstone_ore":6,"minecraft:medium_amethyst_bud":1,"minecraft:melon_stem":13,"minecraft:crimson_nylium":4,"minecraft:amethyst_cluster":2,"minecraft:chiseled_quartz_block":16,"minecraft:clay":1,"minecraft:torch":17,"minecraft:note_block":3,"minecraft:blast_furnace":1,"minecraft:melon":17,"minecraft:poppy":1,"minecraft:chest":1,"minecraft:nether_quartz_ore":34,"minecraft:cobblestone":8,"minecraft:sugar_cane":126,"minecraft:wall_torch":21,"minecraft:amethyst_block":1,"minecraft:seagrass":3,"minecraft:stone_stairs":8,"minecraft:repeater":2,"minecraft:acacia_sapling":6,"minecraft:light_gray_stained_glass":1,"minecraft:birch_log":68,"minecraft:wheat":315,"minecraft:stone_brick_stairs":3,"minecraft:grass":251,"minecraft:oak_log":10,"minecraft:dirt":341,"minecraft:acacia_fence":9,"minecraft:sand":243,"minecraft:smooth_quartz":15,"minecraft:crimson_planks":1,"minecraft:dispenser":1,"minecraft:netherrack":52,"minecraft:piston":1,"minecraft:oak_leaves":36,"minecraft:deepslate":28,"iceandfire:chared_stone":9,"minecraft:nether_gold_ore":9,"minecraft:deepslate_tiles":10,"minecraft:tuff":2,"iceandfire:silver_ore":10,"minecraft:deepslate_diamond_ore":37,"minecraft:stripped_birch_log":1,"minecraft:nether_bricks":3,"minecraft:jungle_planks":7,"minecraft:crimson_roots":5,"minecraft:weeping_vines":1,"iceandfire:chared_dirt":7,"minecraft:acacia_slab":39,"minecraft:hay_block":15,"minecraft:black_stained_glass_pane":3,"minecraft:furnace":5,"minecraft:carrots":56,"minecraft:jungle_sapling":1,"minecraft:chiseled_deepslate":4,"minecraft:andesite":4,"minecraft:acacia_stairs":102,"iceandfire:chared_gravel":4,"minecraft:black_concrete":3,"minecraft:potatoes":38,"minecraft:shroomlight":10,"minecraft:deepslate_iron_ore":10,"minecraft:vine":51,"minecraft:stone":322,"minecraft:orange_glazed_terracotta":1,"minecraft:redstone_block":1,"minecraft:acacia_leaves":36,"minecraft:gray_concrete":5,"minecraft:soul_sand":2,"minecraft:stone_brick_slab":1,"travelersbackpack:standard":8,"minecraft:copper_ore":3,"minecraft:tall_grass":27,"minecraft:lapis_ore":2,"minecraft:deepslate_gold_ore":16,"minecraft:diorite":2,"minecraft:spruce_stairs":1,"minecraft:gray_wool":2,"minecraft:birch_planks":9,"minecraft:birch_leaves":12,"iceandfire:ash":1,"minecraft:coal_ore":72,"minecraft:gravel":120,"minecraft:acacia_door":3,"minecraft:cobweb":8,"minecraft:acacia_planks":81},"minecraft:custom":{"minecraft:animals_bred":49,"minecraft:interact_with_crafting_table":29,"minecraft:open_barrel":13,"minecraft:leave_game":17,"minecraft:time_since_death":171082,"minecraft:damage_resisted":52,"minecraft:sprint_one_cm":2611911,"minecraft:damage_blocked_by_shield":4540,"minecraft:drop":267,"minecraft:play_noteblock":9,"minecraft:talked_to_villager":25,"minecraft:play_time":1247482,"minecraft:deaths":13,"minecraft:jump":6837,"minecraft:walk_on_water_one_cm":261435,"tombstone:steal_effect":13,"minecraft:interact_with_furnace":153,"minecraft:traded_with_villager":4,"minecraft:sleep_in_bed":48,"minecraft:waystone_activated":6,"minecraft:damage_dealt":58192,"minecraft:crouch_one_cm":75576,"tombstone:undead_killed":109,"minecraft:inspect_dispenser":5,"minecraft:interact_with_smithing_table":4,"minecraft:interact_with_anvil":15,"minecraft:mob_kills":280,"minecraft:damage_dealt_resisted":647,"minecraft:climb_one_cm":27621,"minecraft:walk_one_cm":3972425,"minecraft:raid_win":2,"minecraft:sneak_time":26940,"minecraft:walk_under_water_one_cm":104457,"minecraft:boat_one_cm":777737,"minecraft:interact_with_blast_furnace":1,"minecraft:total_world_time":1247482,"tombstone:raider_killed":32,"minecraft:tune_noteblock":3,"minecraft:raid_trigger":1,"minecraft:interact_with_grindstone":3,"minecraft:interact_with_stonecutter":3,"minecraft:time_since_rest":57213,"minecraft:damage_taken":14677,"minecraft:swim_one_cm":94197,"minecraft:fly_one_cm":1401524,"minecraft:open_chest":436,"minecraft:fall_one_cm":105172},"minecraft:used":{"minecraft:iron_shovel":2819,"minecraft:chiseled_deepslate":8,"minecraft:chest":14,"minecraft:shield":144,"minecraft:stone":38,"minecraft:iron_sword":448,"minecraft:soul_sand":12,"minecraft:jungle_planks":4,"minecraft:carrot":205,"minecraft:acacia_sapling":45,"minecraft:spruce_boat":1,"minecraft:jungle_sapling":9,"vampirism:item_tent":1,"minecraft:crimson_roots":1,"minecraft:stone_brick_stairs":1,"minecraft:item_frame":3,"minecraft:oak_sapling":2,"minecraft:furnace":12,"minecraft:beetroot_seeds":2,"minecraft:acacia_fence":9,"minecraft:skeleton_skull":1,"minecraft:egg":2,"minecraft:potato":115,"travelersbackpack:nether":3,"minecraft:wither_skeleton_skull":1,"minecraft:oak_planks":1,"minecraft:blackstone":6,"minecraft:sugar_cane":20,"minecraft:sand":96,"minecraft:blast_furnace":1,"minecraft:note_block":1,"minecraft:gray_concrete":10,"minecraft:deepslate_tiles":170,"waystones:waystone":2,"easy_villagers:villager":3,"minecraft:acacia_door":4,"minecraft:bread":45,"minecraft:gravel":1,"minecraft:diamond_sword":1026,"minecraft:smithing_table":1,"minecraft:bone_meal":27,"minecraft:acacia_log":9,"minecraft:stone_shovel":179,"minecraft:cooked_chicken":2,"minecraft:netherrack":10,"minecraft:torch":194,"minecraft:dirt":1054,"minecraft:anvil":1,"minecraft:stone_stairs":16,"minecraft:shroomlight":19,"minecraft:iron_hoe":753,"minecraft:wooden_axe":52,"minecraft:iron_axe":689,"minecraft:acacia_slab":97,"minecraft:jungle_log":21,"minecraft:smooth_quartz":13,"minecraft:melon_seeds":17,"tombstone:gift":9,"minecraft:cobbled_deepslate":1,"minecraft:cooked_beef":97,"minecraft:acacia_planks":36,"minecraft:wheat_seeds":550,"minecraft:cooked_mutton":21,"minecraft:acacia_boat":2,"minecraft:water_bucket":267,"minecraft:birch_planks":277,"minecraft:stonecutter":1,"minecraft:deepslate_bricks":4,"minecraft:brown_banner":2,"justhammers:iron_hammer":552,"minecraft:acacia_stairs":93,"minecraft:apple":4,"minecraft:iron_pickaxe":896,"justhammers:stone_hammer":306,"minecraft:stone_axe":168,"minecraft:crimson_fungus":1,"minecraft:cobblestone":19,"travelersbackpack:standard":22,"minecraft:white_banner":1,"minecraft:cooked_porkchop":13,"minecraft:bucket":268,"minecraft:glass_pane":31,"minecraft:gray_wool":1},"minecraft:killed_by":{"minecraft:wither_skeleton":1,"minecraft:drowned":2,"minecraft:vindicator":1,"minecraft:zombie":1,"minecraft:husk":1,"minecraft:player":1,"minecraft:skeleton":1,"iceandfire:ghost":1},"minecraft:crafted":{"minecraft:oak_planks":12,"minecraft:cooked_chicken":1,"minecraft:stone":138,"minecraft:bookshelf":1,"minecraft:cooked_mutton":9,"minecraft:glass":80,"minecraft:diamond_leggings":1,"minecraft:diamond_helmet":1,"minecraft:melon_seeds":37,"travelersbackpack:nether":1,"minecraft:chest":12,"minecraft:acacia_fence":6,"minecraft:golden_boots":1,"minecraft:glass_bottle":18,"minecraft:item_frame":3,"minecraft:emerald":4,"minecraft:cooked_porkchop":48,"minecraft:acacia_slab":78,"travelersbackpack:standard":1,"minecraft:birch_planks":268,"minecraft:chiseled_deepslate":4,"minecraft:book":1,"minecraft:paper":9,"minecraft:shield":3,"minecraft:stick":260,"minecraft:iron_ingot":30,"minecraft:iron_pickaxe":2,"minecraft:gold_ingot":142,"iceandfire:dragon_stick":1,"minecraft:furnace":8,"minecraft:bone_meal":18,"minecraft:glass_pane":48,"minecraft:stone_stairs":8,"travelersbackpack:white_sleeping_bag":2,"minecraft:iron_axe":6,"minecraft:iron_hoe":4,"minecraft:spruce_boat":1,"minecraft:wheat":135,"minecraft:cooked_beef":116,"minecraft:red_dye":1,"minecraft:diamond_sword":3,"iceandfire:silver_ingot":3,"minecraft:iron_sword":4,"minecraft:bucket":4,"minecraft:air":0,"minecraft:acacia_boat":1,"minecraft:bread":6,"minecraft:jungle_planks":12,"justhammers:iron_hammer":9,"justhammers:stone_hammer":6,"minecraft:wooden_axe":1,"minecraft:iron_shovel":3,"minecraft:stonecutter":1,"minecraft:acacia_planks":388,"minecraft:torch":120,"minecraft:diamond_chestplate":2},"minecraft:dropped":{"iceandfire:chared_stone":9,"minecraft:soul_sand":2,"minecraft:glass_bottle":18,"minecraft:weeping_vines":3,"minecraft:jungle_planks":2,"minecraft:orange_glazed_terracotta":1,"minecraft:dirt":104,"minecraft:crimson_roots":17,"iceandfire:chared_gravel":4,"minecraft:jungle_sapling":1,"iceandfire:ash":1,"minecraft:sand":7,"minecraft:black_concrete":3,"minecraft:acacia_door":1,"minecraft:white_wool":2,"minecraft:gold_ingot":54,"minecraft:gravel":120,"minecraft:stone_axe":1,"minecraft:golden_chestplate":1,"minecraft:cobbled_deepslate":1304,"minecraft:obsidian":12,"minecraft:rotten_flesh":37,"minecraft:cooked_mutton":1,"justhammers:iron_hammer":7,"justhammers:stone_hammer":7,"minecraft:brick_stairs":2,"travelersbackpack:white_sleeping_bag":2,"minecraft:jungle_log":46,"minecraft:chest":1,"minecraft:spruce_wood":7,"minecraft:iron_bars":2,"minecraft:glass":19,"minecraft:stone_brick_stairs":2,"minecraft:netherrack":38,"minecraft:crimson_planks":1,"minecraft:wheat_seeds":75,"minecraft:cobblestone":717,"minecraft:feather":2,"minecraft:granite":155,"minecraft:spruce_stairs":1,"minecraft:acacia_log":52,"minecraft:cobweb":3,"minecraft:jungle_slab":5,"minecraft:wooden_axe":1,"minecraft:smooth_quartz":7,"minecraft:iron_leggings":1,"minecraft:iron_axe":1,"minecraft:string":2,"minecraft:acacia_planks":136,"minecraft:stone_brick_slab":2,"minecraft:redstone":27,"minecraft:kelp":5,"minecraft:raw_copper":25,"minecraft:tuff":200,"minecraft:raw_iron":3,"minecraft:clay_ball":4,"minecraft:light_gray_concrete":2,"minecraft:nether_bricks":2,"minecraft:diamond_sword":3,"minecraft:filled_map":1,"minecraft:shield":1,"minecraft:andesite":89,"minecraft:oak_sapling":1,"minecraft:spider_eye":2,"minecraft:bow":1,"minecraft:brick_slab":1},"minecraft:killed":{"vampirism:vampire":6,"vampirism:advanced_vampire":1,"minecraft:spider":12,"minecraft:skeleton":49,"minecraft:chicken":2,"minecraft:magma_cube":6,"minecraft:pig":8,"minecraft:creeper":5,"vampirism:hunter":1,"minecraft:sheep":4,"minecraft:pillager":26,"minecraft:zombie":39,"minecraft:glow_squid":1,"minecraft:blaze":1,"minecraft:cow":63,"minecraft:vex":1,"minecraft:vindicator":4,"iceandfire:siren":1,"minecraft:ravager":2,"minecraft:hoglin":26,"iceandfire:ghost":2,"minecraft:wither_skeleton":19,"minecraft:enderman":2},"minecraft:picked_up":{"minecraft:chiseled_deepslate":4,"minecraft:wheat":424,"minecraft:redstone_block":1,"minecraft:prismarine_shard":1,"minecraft:anvil":1,"minecraft:diamond_sword":8,"minecraft:potion":2,"minecraft:nether_brick":13,"minecraft:stone_brick_stairs":3,"minecraft:crimson_planks":55,"minecraft:amethyst_block":1,"minecraft:string":41,"minecraft:soul_soil":2,"minecraft:iron_leggings":1,"minecraft:orange_glazed_terracotta":1,"minecraft:shroomlight":24,"vampirism:obi_belt":1,"minecraft:deepslate_tiles":10,"minecraft:gold_nugget":1026,"minecraft:cobbled_deepslate":2453,"minecraft:spruce_planks":8,"minecraft:smooth_quartz":22,"minecraft:melon_slice":78,"minecraft:furnace":5,"minecraft:iron_boots":1,"minecraft:stick":36,"minecraft:acacia_fence":15,"minecraft:torch":61,"travelersbackpack:iron_tier_upgrade":1,"minecraft:acacia_log":179,"minecraft:spruce_stairs":1,"iceandfire:silver_ore":10,"minecraft:porkchop":48,"tombstone:grave_dust":14,"vampirism:vampire_fang":2,"minecraft:golden_chestplate":1,"minecraft:stone_sword":1,"minecraft:rotten_flesh":47,"minecraft:blaze_rod":1,"minecraft:obsidian":2,"minecraft:iron_bars":2,"minecraft:cobblestone":1226,"paraglider:paraglider":1,"minecraft:birch_log":67,"vampirism:vampire_book":1,"minecraft:feather":2,"minecraft:repeater":2,"minecraft:andesite":89,"minecraft:jungle_log":142,"minecraft:chiseled_quartz_block":16,"minecraft:potato":116,"paraglider:spirit_orb":2,"minecraft:flint":9,"minecraft:tuff":200,"minecraft:acacia_boat":1,"minecraft:wither_skeleton_skull":1,"travelersbackpack:gold_tier_upgrade":1,"minecraft:gray_concrete":10,"minecraft:lapis_lazuli":106,"minecraft:dirt":2462,"minecraft:glass":7,"minecraft:bone":88,"minecraft:acacia_planks":118,"minecraft:bow":2,"minecraft:wheat_seeds":1070,"minecraft:raw_gold":40,"minecraft:oak_planks":2,"minecraft:cooked_porkchop":3,"justhammers:iron_hammer":1,"minecraft:sand":239,"minecraft:jungle_planks":6,"minecraft:acacia_stairs":102,"minecraft:jungle_slab":5,"minecraft:spectral_arrow":39,"iceandfire:chared_cobblestone":1,"minecraft:bundle":2,"minecraft:light_gray_concrete":11,"minecraft:dispenser":1,"minecraft:diamond":51,"minecraft:black_concrete":3,"waystones:waystone":2,"minecraft:granite":155,"minecraft:bone_meal":10,"minecraft:emerald":2,"minecraft:oak_sapling":4,"minecraft:netherrack":73,"minecraft:crimson_roots":18,"iceandfire:dragon_skull_lightning":1,"minecraft:cocoa_beans":6,"iceandfire:witherbone":6,"minecraft:splash_potion":3,"minecraft:chicken":2,"minecraft:nether_wart":3,"minecraft:clay_ball":4,"minecraft:stone_stairs":8,"minecraft:iron_axe":1,"minecraft:acacia_door":3,"minecraft:iron_shovel":2,"minecraft:blackstone":25,"minecraft:beef":121,"minecraft:jungle_sapling":16,"minecraft:iron_nugget":24,"minecraft:poppy":3,"minecraft:quartz_stairs":2,"minecraft:sugar_cane":284,"minecraft:chest":3,"minecraft:birch_sapling":1,"minecraft:piston":1,"minecraft:egg":5,"minecraft:raw_iron":29,"iceandfire:dragonbone":3,"minecraft:note_block":3,"minecraft:fire_charge":4,"minecraft:cookie":10,"minecraft:carrot":194,"minecraft:redstone":88,"minecraft:prismarine_crystals":9,"minecraft:arrow":32,"minecraft:weeping_vines":3,"minecraft:beetroot_seeds":2,"minecraft:pumpkin_pie":13,"minecraft:nether_bricks":2,"iceandfire:chared_dirt":7,"minecraft:hay_block":15,"tombstone:essence_of_undeath":2,"minecraft:saddle":2,"minecraft:gold_ingot":10,"minecraft:brick_stairs":2,"minecraft:mutton":9,"minecraft:skeleton_skull":1,"minecraft:white_wool":4,"vampirism:vampire_blood_bottle":1,"iceandfire:sea_serpent_fang":2,"vampirism:item_tent":1,"minecraft:glow_ink_sac":1,"minecraft:leather":90,"minecraft:filled_map":1,"minecraft:birch_planks":9,"minecraft:crimson_fungus":2,"minecraft:oak_log":10,"minecraft:nether_wart_block":2,"minecraft:gunpowder":5,"minecraft:white_banner":8,"minecraft:cooked_mutton":1,"vampirism:human_heart":1,"minecraft:apple":2,"minecraft:kelp":5,"minecraft:iron_ingot":4,"minecraft:acacia_sapling":56,"minecraft:soul_sand":17,"iceandfire:chared_stone":9,"minecraft:pumpkin":13,"minecraft:stone_brick_slab":2,"iceandfire:ash":1,"minecraft:quartz":46,"minecraft:gravel":127,"minecraft:amethyst_shard":8,"justhammers:stone_hammer":2,"minecraft:blast_furnace":1,"minecraft:crying_obsidian":10,"minecraft:spider_eye":5,"travelersbackpack:standard":12,"minecraft:pumpkin_seeds":10,"minecraft:stone_axe":1,"minecraft:chainmail_leggings":2,"minecraft:iron_helmet":1,"minecraft:gray_wool":3,"tombstone:magic_scroll":1,"minecraft:acacia_slab":36,"minecraft:melon_seeds":23,"iceandfire:chared_gravel":4,"minecraft:coal":197,"minecraft:ender_pearl":2}},"DataVersion":3120}