{"stats":{"minecraft:broken":{"minecraft:iron_boots":1,"minecraft:iron_chestplate":1,"minecraft:stone_axe":2,"minecraft:iron_sword":2,"minecraft:stone_shovel":2,"minecraft:iron_axe":1,"minecraft:iron_pickaxe":1,"minecraft:iron_helmet":1},"minecraft:mined":{"minecraft:spruce_planks":5,"minecraft:jungle_slab":1,"minecraft:jungle_leaves":70,"minecraft:granite":10,"minecraft:budding_amethyst":1,"minecraft:acacia_log":95,"minecraft:grass_block":1099,"minecraft:jungle_log":98,"minecraft:spawner":2,"minecraft:tall_seagrass":3,"minecraft:iron_ore":6,"minecraft:pumpkin":8,"minecraft:anvil":1,"vampirism:tent":1,"minecraft:dirt_path":17,"minecraft:small_amethyst_bud":2,"minecraft:iron_bars":2,"minecraft:light_gray_concrete":10,"minecraft:tripwire":3,"minecraft:deepslate_redstone_ore":6,"minecraft:medium_amethyst_bud":1,"minecraft:amethyst_cluster":2,"minecraft:chiseled_quartz_block":16,"minecraft:clay":1,"minecraft:torch":5,"minecraft:note_block":3,"minecraft:blast_furnace":1,"minecraft:poppy":1,"minecraft:chest":1,"minecraft:sugar_cane":20,"minecraft:wall_torch":17,"minecraft:amethyst_block":1,"minecraft:seagrass":3,"minecraft:stone_stairs":8,"minecraft:repeater":2,"minecraft:acacia_sapling":2,"minecraft:birch_log":68,"minecraft:light_gray_stained_glass":1,"minecraft:wheat":19,"minecraft:stone_brick_stairs":3,"minecraft:grass":89,"minecraft:dirt":128,"minecraft:acacia_fence":9,"minecraft:sand":82,"minecraft:smooth_quartz":15,"minecraft:crimson_planks":1,"minecraft:dispenser":1,"minecraft:piston":1,"minecraft:oak_leaves":22,"minecraft:deepslate":27,"minecraft:tuff":1,"minecraft:deepslate_diamond_ore":24,"minecraft:stripped_birch_log":1,"minecraft:jungle_planks":3,"minecraft:acacia_slab":39,"minecraft:black_stained_glass_pane":3,"minecraft:furnace":5,"minecraft:jungle_sapling":1,"minecraft:acacia_stairs":102,"minecraft:andesite":3,"minecraft:black_concrete":3,"minecraft:deepslate_iron_ore":10,"minecraft:vine":32,"minecraft:stone":109,"minecraft:orange_glazed_terracotta":1,"minecraft:acacia_leaves":14,"minecraft:redstone_block":1,"minecraft:gray_concrete":5,"minecraft:stone_brick_slab":1,"travelersbackpack:standard":8,"minecraft:copper_ore":3,"minecraft:tall_grass":18,"minecraft:deepslate_gold_ore":16,"minecraft:diorite":2,"minecraft:spruce_stairs":1,"minecraft:gray_wool":2,"minecraft:birch_planks":9,"minecraft:birch_leaves":12,"minecraft:coal_ore":31,"minecraft:gravel":111,"minecraft:acacia_door":3,"minecraft:cobweb":2,"minecraft:acacia_planks":81},"minecraft:custom":{"minecraft:animals_bred":24,"minecraft:interact_with_crafting_table":24,"minecraft:open_barrel":6,"minecraft:leave_game":13,"minecraft:time_since_death":8195,"minecraft:sprint_one_cm":1007410,"minecraft:damage_blocked_by_shield":2555,"minecraft:drop":127,"minecraft:play_noteblock":9,"minecraft:talked_to_villager":25,"minecraft:play_time":666316,"minecraft:deaths":8,"minecraft:jump":3454,"minecraft:walk_on_water_one_cm":133006,"minecraft:interact_with_furnace":85,"minecraft:sleep_in_bed":32,"minecraft:waystone_activated":5,"minecraft:damage_dealt":19976,"minecraft:crouch_one_cm":64102,"tombstone:undead_killed":49,"minecraft:inspect_dispenser":5,"minecraft:interact_with_smithing_table":2,"minecraft:interact_with_anvil":2,"minecraft:mob_kills":96,"minecraft:damage_dealt_resisted":318,"minecraft:climb_one_cm":19061,"minecraft:walk_one_cm":1940884,"minecraft:sneak_time":22965,"minecraft:walk_under_water_one_cm":83427,"minecraft:boat_one_cm":777737,"minecraft:interact_with_blast_furnace":1,"minecraft:total_world_time":666316,"tombstone:raider_killed":12,"minecraft:tune_noteblock":3,"minecraft:interact_with_grindstone":3,"minecraft:time_since_rest":7391,"minecraft:damage_taken":7459,"minecraft:swim_one_cm":59355,"minecraft:fly_one_cm":681685,"minecraft:open_chest":237,"minecraft:fall_one_cm":52650},"minecraft:used":{"minecraft:iron_shovel":1281,"minecraft:chest":7,"minecraft:shield":81,"minecraft:stone":38,"minecraft:iron_sword":448,"minecraft:acacia_sapling":25,"minecraft:spruce_boat":1,"minecraft:jungle_sapling":9,"vampirism:item_tent":1,"minecraft:stone_brick_stairs":1,"minecraft:furnace":12,"minecraft:oak_sapling":2,"minecraft:acacia_fence":9,"minecraft:egg":2,"minecraft:potato":1,"minecraft:oak_planks":1,"minecraft:sugar_cane":20,"minecraft:sand":3,"minecraft:note_block":1,"minecraft:gray_concrete":10,"waystones:waystone":1,"easy_villagers:villager":3,"minecraft:acacia_door":4,"minecraft:bread":45,"minecraft:diamond_sword":169,"minecraft:bone_meal":9,"minecraft:acacia_log":8,"minecraft:stone_shovel":179,"minecraft:cooked_chicken":1,"minecraft:torch":117,"minecraft:dirt":433,"minecraft:anvil":1,"minecraft:stone_stairs":16,"minecraft:wooden_axe":52,"minecraft:iron_axe":435,"minecraft:acacia_slab":97,"minecraft:jungle_log":21,"minecraft:smooth_quartz":13,"tombstone:gift":7,"minecraft:cooked_beef":24,"minecraft:acacia_planks":36,"minecraft:wheat_seeds":74,"minecraft:cooked_mutton":18,"minecraft:acacia_boat":2,"minecraft:water_bucket":62,"minecraft:birch_planks":277,"minecraft:brown_banner":2,"justhammers:iron_hammer":247,"minecraft:acacia_stairs":93,"minecraft:apple":4,"minecraft:iron_pickaxe":336,"justhammers:stone_hammer":306,"minecraft:stone_axe":168,"minecraft:cobblestone":19,"travelersbackpack:standard":20,"minecraft:cooked_porkchop":13,"minecraft:bucket":64,"minecraft:glass_pane":31,"minecraft:gray_wool":1},"minecraft:killed_by":{"minecraft:drowned":2,"minecraft:player":1,"minecraft:skeleton":1,"iceandfire:ghost":1},"minecraft:crafted":{"minecraft:stone":138,"minecraft:bookshelf":1,"minecraft:cooked_mutton":1,"minecraft:glass":61,"minecraft:chest":7,"minecraft:acacia_fence":6,"minecraft:cooked_porkchop":8,"minecraft:acacia_slab":78,"minecraft:birch_planks":268,"minecraft:shield":1,"minecraft:stick":60,"minecraft:iron_ingot":30,"minecraft:gold_ingot":43,"iceandfire:dragon_stick":1,"minecraft:furnace":8,"minecraft:glass_pane":48,"minecraft:stone_stairs":8,"travelersbackpack:white_sleeping_bag":2,"minecraft:iron_axe":3,"minecraft:spruce_boat":1,"minecraft:cooked_beef":24,"minecraft:red_dye":1,"minecraft:diamond_sword":1,"minecraft:iron_sword":4,"minecraft:bucket":1,"minecraft:acacia_boat":1,"minecraft:bread":6,"minecraft:air":0,"justhammers:iron_hammer":3,"justhammers:stone_hammer":6,"minecraft:wooden_axe":1,"minecraft:iron_shovel":1,"minecraft:acacia_planks":200,"minecraft:torch":100},"minecraft:dropped":{"minecraft:jungle_planks":2,"minecraft:orange_glazed_terracotta":1,"minecraft:dirt":102,"minecraft:jungle_sapling":1,"minecraft:sand":3,"minecraft:black_concrete":3,"minecraft:acacia_door":1,"minecraft:white_wool":1,"minecraft:gravel":76,"minecraft:stone_axe":1,"minecraft:cobbled_deepslate":1304,"minecraft:rotten_flesh":15,"minecraft:cooked_mutton":1,"justhammers:iron_hammer":4,"justhammers:stone_hammer":7,"minecraft:brick_stairs":2,"travelersbackpack:white_sleeping_bag":2,"minecraft:jungle_log":2,"minecraft:chest":1,"minecraft:spruce_wood":7,"minecraft:glass":19,"minecraft:stone_brick_stairs":2,"minecraft:crimson_planks":1,"minecraft:wheat_seeds":63,"minecraft:cobblestone":344,"minecraft:granite":131,"minecraft:spruce_stairs":1,"minecraft:acacia_log":52,"minecraft:cobweb":3,"minecraft:jungle_slab":2,"minecraft:wooden_axe":1,"minecraft:smooth_quartz":7,"minecraft:iron_leggings":1,"minecraft:iron_axe":1,"minecraft:string":2,"minecraft:acacia_planks":136,"minecraft:stone_brick_slab":2,"minecraft:kelp":5,"minecraft:tuff":77,"minecraft:light_gray_concrete":2,"minecraft:filled_map":1,"minecraft:andesite":88,"minecraft:oak_sapling":1,"minecraft:spider_eye":2},"minecraft:killed":{"vampirism:vampire":3,"minecraft:spider":3,"minecraft:skeleton":33,"minecraft:chicken":1,"minecraft:magma_cube":6,"minecraft:pig":5,"minecraft:creeper":1,"vampirism:hunter":1,"minecraft:sheep":1,"minecraft:pillager":10,"minecraft:zombie":14,"minecraft:glow_squid":1,"minecraft:cow":15,"minecraft:vindicator":2,"iceandfire:siren":1,"iceandfire:ghost":2,"minecraft:enderman":1},"minecraft:picked_up":{"minecraft:wheat":51,"minecraft:redstone_block":1,"minecraft:anvil":1,"minecraft:prismarine_shard":1,"minecraft:diamond_sword":3,"minecraft:stone_brick_stairs":3,"minecraft:crimson_planks":1,"minecraft:amethyst_block":1,"minecraft:string":7,"minecraft:iron_leggings":1,"minecraft:orange_glazed_terracotta":1,"vampirism:obi_belt":1,"minecraft:cobbled_deepslate":1302,"minecraft:spruce_planks":5,"minecraft:smooth_quartz":22,"minecraft:furnace":5,"minecraft:stick":19,"minecraft:acacia_fence":9,"minecraft:torch":37,"minecraft:acacia_log":96,"minecraft:spruce_stairs":1,"travelersbackpack:iron_tier_upgrade":1,"minecraft:porkchop":8,"vampirism:vampire_fang":1,"tombstone:grave_dust":9,"minecraft:rotten_flesh":16,"minecraft:iron_bars":2,"minecraft:cobblestone":847,"paraglider:paraglider":1,"minecraft:birch_log":67,"minecraft:feather":2,"minecraft:repeater":2,"minecraft:andesite":88,"minecraft:jungle_log":97,"minecraft:chiseled_quartz_block":16,"minecraft:potato":1,"minecraft:flint":9,"minecraft:tuff":77,"minecraft:acacia_boat":1,"minecraft:gray_concrete":10,"minecraft:lapis_lazuli":63,"minecraft:dirt":1130,"minecraft:glass":7,"minecraft:bone":24,"minecraft:acacia_planks":118,"minecraft:wheat_seeds":132,"minecraft:raw_gold":20,"minecraft:oak_planks":1,"justhammers:iron_hammer":1,"minecraft:jungle_planks":2,"minecraft:sand":86,"minecraft:acacia_stairs":102,"minecraft:jungle_slab":2,"minecraft:light_gray_concrete":11,"minecraft:dispenser":1,"minecraft:diamond":33,"minecraft:black_concrete":3,"waystones:waystone":1,"minecraft:granite":131,"minecraft:bone_meal":2,"minecraft:emerald":1,"minecraft:oak_sapling":3,"iceandfire:dragon_skull_lightning":1,"minecraft:chicken":1,"minecraft:clay_ball":4,"minecraft:iron_axe":1,"minecraft:stone_stairs":8,"minecraft:acacia_door":3,"minecraft:iron_shovel":2,"minecraft:beef":29,"minecraft:jungle_sapling":11,"minecraft:poppy":1,"minecraft:sugar_cane":20,"minecraft:quartz_stairs":2,"minecraft:chest":1,"minecraft:birch_sapling":1,"minecraft:piston":1,"minecraft:egg":5,"iceandfire:dragonbone":3,"minecraft:raw_iron":26,"minecraft:note_block":3,"minecraft:cookie":5,"minecraft:redstone":61,"minecraft:prismarine_crystals":9,"minecraft:arrow":18,"tombstone:essence_of_undeath":1,"minecraft:brick_stairs":2,"minecraft:mutton":3,"minecraft:skeleton_skull":1,"minecraft:white_wool":1,"minecraft:glow_ink_sac":1,"iceandfire:sea_serpent_fang":2,"vampirism:item_tent":1,"minecraft:leather":17,"minecraft:filled_map":1,"minecraft:birch_planks":9,"minecraft:gunpowder":2,"minecraft:white_banner":1,"minecraft:cooked_mutton":1,"vampirism:human_heart":1,"minecraft:apple":2,"minecraft:kelp":5,"minecraft:acacia_sapling":24,"minecraft:pumpkin":7,"minecraft:stone_brick_slab":2,"minecraft:gravel":82,"minecraft:amethyst_shard":8,"justhammers:stone_hammer":2,"minecraft:blast_furnace":1,"minecraft:spider_eye":2,"travelersbackpack:standard":12,"minecraft:stone_axe":1,"minecraft:chainmail_leggings":1,"minecraft:gray_wool":3,"minecraft:acacia_slab":36,"minecraft:coal":147,"minecraft:ender_pearl":1}},"DataVersion":3120}