{"stats":{"minecraft:broken":{"minecraft:stone_axe":2,"minecraft:iron_sword":2,"minecraft:iron_pickaxe":1,"minecraft:stone_shovel":2},"minecraft:mined":{"minecraft:tuff":1,"minecraft:deepslate_diamond_ore":24,"minecraft:stripped_birch_log":1,"minecraft:granite":10,"minecraft:budding_amethyst":1,"minecraft:acacia_log":9,"minecraft:grass_block":46,"minecraft:acacia_slab":39,"minecraft:spawner":2,"minecraft:tall_seagrass":1,"minecraft:black_stained_glass_pane":3,"minecraft:furnace":5,"minecraft:iron_ore":6,"minecraft:andesite":3,"minecraft:acacia_stairs":102,"minecraft:black_concrete":3,"minecraft:pumpkin":1,"vampirism:tent":1,"minecraft:deepslate_iron_ore":6,"minecraft:dirt_path":17,"minecraft:small_amethyst_bud":2,"minecraft:light_gray_concrete":10,"minecraft:stone":101,"minecraft:tripwire":3,"minecraft:deepslate_redstone_ore":6,"minecraft:acacia_leaves":2,"minecraft:redstone_block":1,"minecraft:gray_concrete":5,"minecraft:medium_amethyst_bud":1,"minecraft:amethyst_cluster":2,"minecraft:stone_brick_slab":1,"travelersbackpack:standard":6,"minecraft:chiseled_quartz_block":16,"minecraft:note_block":3,"minecraft:poppy":1,"minecraft:tall_grass":3,"minecraft:deepslate_gold_ore":16,"minecraft:diorite":2,"minecraft:wall_torch":12,"minecraft:amethyst_block":1,"minecraft:gray_wool":2,"minecraft:birch_planks":9,"minecraft:repeater":2,"minecraft:acacia_sapling":2,"minecraft:birch_log":68,"minecraft:light_gray_stained_glass":1,"minecraft:wheat":19,"minecraft:birch_leaves":12,"minecraft:stone_brick_stairs":3,"minecraft:grass":24,"minecraft:coal_ore":31,"minecraft:dirt":51,"minecraft:acacia_door":2,"minecraft:gravel":104,"minecraft:sand":63,"minecraft:smooth_quartz":15,"minecraft:cobweb":2,"minecraft:acacia_planks":81,"minecraft:dispenser":1,"minecraft:piston":1,"minecraft:deepslate":26},"minecraft:used":{"minecraft:iron_shovel":100,"minecraft:stone_shovel":179,"minecraft:chest":1,"minecraft:shield":25,"minecraft:stone":2,"minecraft:iron_sword":448,"minecraft:torch":62,"minecraft:dirt":20,"minecraft:acacia_sapling":6,"minecraft:wooden_axe":52,"vampirism:item_tent":1,"minecraft:iron_axe":113,"minecraft:acacia_slab":97,"minecraft:smooth_quartz":13,"minecraft:stone_brick_stairs":1,"tombstone:gift":6,"minecraft:egg":1,"minecraft:potato":1,"minecraft:cooked_beef":3,"minecraft:acacia_planks":36,"minecraft:cooked_mutton":17,"minecraft:wheat_seeds":74,"minecraft:acacia_boat":2,"minecraft:water_bucket":1,"minecraft:birch_planks":277,"minecraft:brown_banner":2,"minecraft:note_block":1,"minecraft:gray_concrete":10,"justhammers:iron_hammer":247,"waystones:waystone":1,"minecraft:acacia_stairs":93,"minecraft:acacia_door":4,"minecraft:iron_pickaxe":299,"minecraft:bread":22,"justhammers:stone_hammer":306,"minecraft:stone_axe":168,"minecraft:cobblestone":19,"travelersbackpack:standard":11,"minecraft:cooked_porkchop":10,"minecraft:glass_pane":31,"minecraft:bucket":2,"minecraft:gray_wool":1},"minecraft:custom":{"minecraft:interact_with_smithing_table":2,"minecraft:mob_kills":48,"minecraft:interact_with_crafting_table":23,"minecraft:damage_dealt_resisted":318,"minecraft:leave_game":7,"minecraft:time_since_death":139804,"minecraft:climb_one_cm":10131,"minecraft:sprint_one_cm":454765,"minecraft:walk_one_cm":1088986,"minecraft:damage_blocked_by_shield":750,"minecraft:drop":73,"minecraft:play_noteblock":9,"minecraft:talked_to_villager":20,"minecraft:play_time":342579,"minecraft:sneak_time":14986,"minecraft:deaths":4,"minecraft:walk_under_water_one_cm":14695,"minecraft:boat_one_cm":322295,"minecraft:jump":1567,"minecraft:walk_on_water_one_cm":33541,"minecraft:total_world_time":342579,"minecraft:interact_with_furnace":57,"minecraft:tune_noteblock":2,"minecraft:sleep_in_bed":14,"minecraft:time_since_rest":21920,"minecraft:waystone_activated":3,"minecraft:damage_taken":3926,"minecraft:damage_dealt":10540,"minecraft:swim_one_cm":31232,"minecraft:fly_one_cm":222688,"minecraft:open_chest":171,"minecraft:crouch_one_cm":37552,"tombstone:undead_killed":33,"minecraft:fall_one_cm":31328,"minecraft:inspect_dispenser":4},"minecraft:crafted":{"minecraft:stone":66,"minecraft:cooked_mutton":1,"minecraft:glass_pane":48,"minecraft:glass":61,"travelersbackpack:white_sleeping_bag":2,"minecraft:iron_axe":3,"minecraft:chest":1,"minecraft:cooked_beef":15,"minecraft:red_dye":1,"minecraft:diamond_sword":1,"minecraft:cooked_porkchop":8,"minecraft:acacia_slab":78,"minecraft:iron_sword":4,"minecraft:bucket":1,"minecraft:birch_planks":268,"minecraft:bread":6,"minecraft:acacia_boat":1,"minecraft:air":0,"justhammers:iron_hammer":3,"justhammers:stone_hammer":6,"minecraft:shield":1,"minecraft:stick":44,"minecraft:iron_ingot":24,"minecraft:wooden_axe":1,"minecraft:gold_ingot":43,"minecraft:acacia_planks":96,"minecraft:torch":52},"minecraft:killed_by":{"minecraft:player":1,"minecraft:skeleton":1},"minecraft:dropped":{"minecraft:wheat_seeds":2,"minecraft:cobblestone":344,"minecraft:granite":131,"minecraft:dirt":38,"minecraft:wooden_axe":1,"minecraft:smooth_quartz":7,"minecraft:black_concrete":3,"minecraft:acacia_planks":47,"minecraft:stone_brick_slab":2,"minecraft:gravel":76,"minecraft:stone_axe":1,"minecraft:cobbled_deepslate":1304,"minecraft:tuff":77,"minecraft:rotten_flesh":8,"minecraft:cooked_mutton":1,"minecraft:light_gray_concrete":2,"justhammers:iron_hammer":4,"minecraft:filled_map":1,"justhammers:stone_hammer":7,"travelersbackpack:white_sleeping_bag":2,"minecraft:andesite":88,"minecraft:glass":19,"minecraft:stone_brick_stairs":2},"minecraft:killed":{"vampirism:vampire":1,"minecraft:skeleton":30,"minecraft:magma_cube":6,"minecraft:pig":2,"vampirism:hunter":1,"minecraft:sheep":1,"minecraft:zombie":3,"minecraft:cow":7,"minecraft:enderman":1},"minecraft:picked_up":{"minecraft:wheat":19,"minecraft:redstone_block":1,"minecraft:stone_brick_stairs":3,"minecraft:amethyst_block":1,"minecraft:string":5,"minecraft:acacia_door":2,"minecraft:iron_shovel":1,"minecraft:cobbled_deepslate":1302,"minecraft:beef":15,"minecraft:poppy":1,"minecraft:smooth_quartz":22,"minecraft:quartz_stairs":2,"minecraft:birch_sapling":1,"minecraft:piston":1,"minecraft:furnace":5,"minecraft:egg":3,"minecraft:stick":1,"minecraft:raw_iron":20,"minecraft:torch":15,"minecraft:acacia_log":10,"travelersbackpack:iron_tier_upgrade":1,"minecraft:note_block":3,"minecraft:porkchop":8,"tombstone:grave_dust":4,"vampirism:vampire_fang":1,"minecraft:redstone":61,"minecraft:arrow":15,"minecraft:rotten_flesh":8,"minecraft:mutton":1,"minecraft:cobblestone":847,"paraglider:paraglider":1,"minecraft:birch_log":67,"minecraft:repeater":2,"vampirism:item_tent":1,"minecraft:andesite":88,"minecraft:leather":8,"minecraft:chiseled_quartz_block":16,"minecraft:potato":1,"minecraft:birch_planks":9,"minecraft:filled_map":1,"minecraft:flint":9,"minecraft:tuff":77,"minecraft:acacia_boat":1,"minecraft:lapis_lazuli":63,"minecraft:gray_concrete":10,"minecraft:dirt":122,"minecraft:cooked_mutton":1,"minecraft:glass":7,"minecraft:bone":24,"vampirism:human_heart":1,"minecraft:acacia_planks":118,"minecraft:wheat_seeds":63,"minecraft:raw_gold":20,"minecraft:acacia_sapling":5,"minecraft:pumpkin":1,"minecraft:stone_brick_slab":2,"minecraft:gravel":75,"justhammers:iron_hammer":1,"minecraft:sand":63,"minecraft:amethyst_shard":8,"justhammers:stone_hammer":2,"minecraft:acacia_stairs":102,"travelersbackpack:standard":9,"minecraft:light_gray_concrete":11,"minecraft:dispenser":1,"minecraft:diamond":33,"minecraft:stone_axe":1,"minecraft:black_concrete":3,"waystones:waystone":1,"minecraft:granite":131,"minecraft:bone_meal":2,"minecraft:gray_wool":3,"minecraft:acacia_slab":36,"minecraft:coal":147,"minecraft:ender_pearl":1}},"DataVersion":3120}