{"stats":{"minecraft:killed":{"minecraft:pig":2,"minecraft:skeleton":5,"minecraft:sheep":1,"minecraft:cow":7},"minecraft:killed_by":{"minecraft:player":1},"minecraft:broken":{"minecraft:stone_axe":2,"minecraft:iron_sword":1,"minecraft:stone_shovel":1},"minecraft:dropped":{"minecraft:stone_axe":1,"minecraft:wheat_seeds":1,"minecraft:cooked_mutton":1,"justhammers:iron_hammer":2,"travelersbackpack:white_sleeping_bag":2,"minecraft:glass":19},"minecraft:crafted":{"minecraft:red_dye":1,"minecraft:acacia_slab":66,"minecraft:iron_sword":2,"minecraft:stone":2,"minecraft:bread":6,"minecraft:air":0,"minecraft:glass_pane":48,"minecraft:glass":37,"justhammers:iron_hammer":3,"travelersbackpack:white_sleeping_bag":2,"minecraft:shield":1,"justhammers:stone_hammer":3,"minecraft:stick":24,"minecraft:iron_ingot":4,"minecraft:acacia_planks":92,"minecraft:torch":36},"minecraft:mined":{"minecraft:acacia_leaves":2,"minecraft:gray_concrete":4,"minecraft:stone_brick_slab":1,"travelersbackpack:standard":3,"minecraft:chiseled_quartz_block":9,"minecraft:note_block":2,"minecraft:acacia_log":9,"minecraft:grass_block":43,"minecraft:poppy":1,"minecraft:tall_grass":2,"minecraft:acacia_slab":16,"minecraft:wall_torch":7,"minecraft:black_stained_glass_pane":3,"minecraft:repeater":1,"minecraft:acacia_sapling":2,"minecraft:furnace":5,"minecraft:light_gray_stained_glass":1,"minecraft:iron_ore":4,"minecraft:wheat":19,"minecraft:acacia_stairs":71,"minecraft:stone_brick_stairs":2,"minecraft:grass":17,"minecraft:coal_ore":13,"minecraft:dirt_path":17,"minecraft:smooth_quartz":4,"minecraft:light_gray_concrete":2,"minecraft:sand":38,"minecraft:acacia_door":2,"minecraft:dirt":14,"minecraft:acacia_planks":61,"minecraft:dispenser":1,"minecraft:stone":5,"minecraft:piston":1,"minecraft:tripwire":3},"minecraft:picked_up":{"minecraft:wheat":18,"minecraft:repeater":2,"minecraft:leather":7,"minecraft:chiseled_quartz_block":8,"minecraft:stone_brick_stairs":2,"minecraft:gray_concrete":9,"minecraft:string":3,"minecraft:dirt":74,"minecraft:acacia_door":2,"minecraft:cooked_mutton":1,"minecraft:glass":7,"minecraft:bone":4,"minecraft:acacia_planks":59,"minecraft:wheat_seeds":53,"minecraft:beef":15,"minecraft:poppy":1,"minecraft:smooth_quartz":4,"minecraft:quartz_stairs":2,"minecraft:piston":1,"minecraft:acacia_sapling":5,"minecraft:furnace":5,"minecraft:egg":1,"minecraft:stick":1,"minecraft:raw_iron":4,"minecraft:note_block":2,"minecraft:torch":8,"minecraft:acacia_log":9,"travelersbackpack:iron_tier_upgrade":1,"minecraft:porkchop":6,"minecraft:sand":37,"justhammers:iron_hammer":1,"minecraft:acacia_stairs":71,"minecraft:light_gray_concrete":3,"travelersbackpack:standard":4,"minecraft:arrow":3,"minecraft:dispenser":1,"minecraft:stone_axe":1,"minecraft:bone_meal":2,"minecraft:gray_wool":1,"minecraft:acacia_slab":13,"minecraft:mutton":1,"minecraft:coal":109,"minecraft:cobblestone":5},"minecraft:used":{"minecraft:wheat_seeds":64,"minecraft:cooked_mutton":14,"minecraft:stone_shovel":117,"minecraft:shield":4,"minecraft:stone":2,"minecraft:iron_sword":170,"minecraft:torch":28,"minecraft:dirt":20,"minecraft:brown_banner":2,"minecraft:acacia_sapling":6,"minecraft:acacia_stairs":36,"minecraft:acacia_door":4,"minecraft:acacia_slab":85,"minecraft:iron_pickaxe":59,"minecraft:stone_axe":168,"travelersbackpack:standard":4,"minecraft:glass_pane":31,"minecraft:cooked_beef":3,"minecraft:gray_wool":1,"minecraft:acacia_planks":36},"minecraft:custom":{"minecraft:interact_with_smithing_table":2,"minecraft:interact_with_furnace":16,"minecraft:mob_kills":10,"minecraft:interact_with_crafting_table":20,"minecraft:leave_game":4,"minecraft:time_since_death":4809,"minecraft:sleep_in_bed":5,"minecraft:climb_one_cm":7677,"minecraft:time_since_rest":4764,"minecraft:waystone_activated":1,"minecraft:damage_blocked_by_shield":120,"minecraft:sprint_one_cm":188165,"minecraft:damage_taken":1792,"minecraft:walk_one_cm":429118,"minecraft:drop":8,"minecraft:damage_dealt":2818,"minecraft:play_noteblock":2,"minecraft:swim_one_cm":13804,"minecraft:fly_one_cm":74244,"minecraft:open_chest":55,"minecraft:crouch_one_cm":23489,"minecraft:deaths":3,"minecraft:play_time":141091,"tombstone:undead_killed":5,"minecraft:sneak_time":7465,"minecraft:walk_under_water_one_cm":5221,"minecraft:jump":524,"minecraft:walk_on_water_one_cm":10300,"minecraft:total_world_time":141091,"minecraft:fall_one_cm":16074,"minecraft:inspect_dispenser":3}},"DataVersion":3120}