{"stats":{"minecraft:dropped":{"justhammers:iron_hammer":1},"minecraft:crafted":{"minecraft:glass":27,"minecraft:acacia_slab":12,"minecraft:stone":2,"minecraft:acacia_planks":56,"minecraft:air":0,"minecraft:glass_pane":32},"minecraft:mined":{"minecraft:acacia_stairs":60,"minecraft:grass":1,"minecraft:grass_block":6,"minecraft:sand":38,"minecraft:tall_grass":1,"minecraft:acacia_planks":61,"minecraft:acacia_slab":14,"minecraft:stone":2,"minecraft:wall_torch":2},"minecraft:custom":{"minecraft:time_since_rest":1080,"minecraft:interact_with_furnace":10,"minecraft:sprint_one_cm":41046,"minecraft:damage_taken":315,"minecraft:walk_one_cm":161480,"minecraft:drop":1,"minecraft:swim_one_cm":6644,"minecraft:interact_with_crafting_table":7,"minecraft:fly_one_cm":19563,"minecraft:open_chest":8,"minecraft:crouch_one_cm":10010,"minecraft:play_time":73014,"minecraft:sneak_time":2991,"minecraft:walk_under_water_one_cm":4435,"minecraft:jump":183,"minecraft:time_since_death":73014,"minecraft:walk_on_water_one_cm":3743,"minecraft:leave_game":4,"minecraft:sleep_in_bed":3,"minecraft:total_world_time":73014,"minecraft:climb_one_cm":260,"minecraft:fall_one_cm":6061},"minecraft:used":{"minecraft:cooked_mutton":1,"minecraft:acacia_stairs":16,"minecraft:stone_shovel":44,"minecraft:iron_pickaxe":2,"minecraft:acacia_slab":28,"minecraft:stone":2,"minecraft:iron_sword":2,"minecraft:stone_axe":136,"minecraft:torch":5,"minecraft:glass_pane":22,"minecraft:cooked_beef":3,"minecraft:acacia_planks":35},"minecraft:broken":{"minecraft:stone_shovel":1,"minecraft:stone_axe":1},"minecraft:picked_up":{"minecraft:torch":1,"justhammers:iron_hammer":1,"minecraft:sand":37,"minecraft:acacia_stairs":60,"minecraft:dirt":6,"minecraft:acacia_planks":59,"minecraft:acacia_slab":12,"minecraft:coal":96,"minecraft:cobblestone":2}},"DataVersion":3120}