{"stats":{"minecraft:custom":{"minecraft:interact_with_furnace":27,"minecraft:mob_kills":46,"minecraft:interact_with_crafting_table":25,"minecraft:leave_game":6,"minecraft:time_since_death":55959,"minecraft:sleep_in_bed":4,"minecraft:climb_one_cm":4754,"minecraft:waystone_activated":2,"minecraft:time_since_rest":54783,"minecraft:sprint_one_cm":146852,"minecraft:damage_taken":2290,"minecraft:walk_one_cm":356247,"minecraft:drop":36,"minecraft:damage_dealt":6098,"minecraft:swim_one_cm":64288,"minecraft:fly_one_cm":148442,"minecraft:open_chest":27,"minecraft:crouch_one_cm":1982,"minecraft:play_time":127517,"tombstone:undead_killed":10,"minecraft:deaths":3,"minecraft:sneak_time":827,"minecraft:walk_under_water_one_cm":28580,"minecraft:jump":1062,"minecraft:interact_with_blast_furnace":2,"minecraft:walk_on_water_one_cm":22425,"minecraft:total_world_time":127517,"minecraft:fall_one_cm":19684},"minecraft:mined":{"minecraft:deepslate_redstone_ore":4,"minecraft:tuff":15,"minecraft:acacia_leaves":3,"minecraft:deepslate_diamond_ore":1,"minecraft:torch":3,"minecraft:crafting_table":2,"minecraft:glow_lichen":1,"minecraft:granite":25,"minecraft:acacia_log":7,"minecraft:grass_block":4,"minecraft:melon":9,"minecraft:jungle_log":5,"minecraft:copper_ore":2,"minecraft:tall_grass":1,"minecraft:deepslate_gold_ore":18,"minecraft:composter":1,"minecraft:sugar_cane":3,"minecraft:diorite":6,"minecraft:wall_torch":11,"minecraft:hay_block":10,"minecraft:seagrass":1,"minecraft:furnace":2,"minecraft:iron_ore":17,"minecraft:wheat":84,"minecraft:andesite":6,"minecraft:deepslate_lapis_ore":3,"minecraft:grass":25,"minecraft:deepslate_iron_ore":16,"minecraft:coal_ore":55,"minecraft:cocoa":5,"minecraft:vine":6,"minecraft:gravel":14,"minecraft:dirt":15,"minecraft:acacia_planks":2,"minecraft:stone":72,"minecraft:deepslate":140,"minecraft:oak_leaves":1,"minecraft:fern":4},"minecraft:killed":{"minecraft:pig":3,"vampirism:advanced_vampire":1,"minecraft:salmon":9,"minecraft:spider":1,"minecraft:squid":7,"minecraft:sheep":11,"minecraft:skeleton":6,"minecraft:zombie":4,"minecraft:chicken":1,"minecraft:cow":2},"minecraft:dropped":{"minecraft:cobbled_deepslate":960,"minecraft:tuff":237,"minecraft:rotten_flesh":7,"minecraft:granite":48,"justhammers:stone_hammer":3,"minecraft:diorite":12,"minecraft:wooden_axe":1,"minecraft:andesite":2,"minecraft:acacia_planks":1},"minecraft:crafted":{"minecraft:cooked_beef":3,"minecraft:cooked_porkchop":5,"minecraft:crafting_table":2,"minecraft:iron_helmet":1,"minecraft:wooden_pickaxe":1,"minecraft:cooked_chicken":1,"minecraft:iron_sword":1,"minecraft:furnace":3,"minecraft:stone":25,"minecraft:stone_axe":1,"minecraft:bread":56,"minecraft:cooked_mutton":17,"minecraft:air":0,"minecraft:jungle_planks":16,"justhammers:iron_hammer":1,"minecraft:iron_boots":1,"justhammers:stone_hammer":3,"minecraft:stick":52,"minecraft:iron_ingot":59,"minecraft:iron_pickaxe":1,"minecraft:stone_pickaxe":2,"minecraft:wooden_axe":1,"minecraft:acacia_planks":28,"minecraft:torch":48,"minecraft:wheat":90},"minecraft:broken":{"minecraft:stone_pickaxe":2,"justhammers:stone_hammer":1,"minecraft:wooden_pickaxe":1},"minecraft:killed_by":{"minecraft:player":1},"minecraft:used":{"minecraft:wheat_seeds":219,"minecraft:stone_pickaxe":265,"minecraft:wooden_pickaxe":59,"minecraft:stone":16,"minecraft:iron_sword":142,"minecraft:composter":1,"minecraft:sugar_cane":4,"minecraft:grass":1,"minecraft:torch":61,"minecraft:dirt":19,"minecraft:crafting_table":3,"minecraft:golden_shovel":29,"justhammers:iron_hammer":78,"minecraft:acacia_sapling":2,"minecraft:wooden_axe":49,"minecraft:bread":29,"minecraft:melon_slice":9,"minecraft:iron_pickaxe":60,"justhammers:stone_hammer":110,"minecraft:melon_seeds":2,"minecraft:stone_axe":2,"minecraft:cobblestone":1,"minecraft:tall_grass":1,"minecraft:furnace":4,"tombstone:gift":1,"minecraft:cobbled_deepslate":12},"minecraft:picked_up":{"minecraft:iron_chestplate":1,"minecraft:cocoa_beans":12,"minecraft:crafting_table":2,"minecraft:wheat":79,"vampirism:vampire_blood_bottle":1,"minecraft:chicken":1,"minecraft:salmon":9,"minecraft:andesite":7,"minecraft:jungle_log":4,"minecraft:tuff":237,"minecraft:lapis_lazuli":19,"minecraft:dirt":19,"minecraft:raw_copper":8,"minecraft:iron_leggings":1,"minecraft:bone":7,"minecraft:acacia_planks":3,"minecraft:wheat_seeds":209,"minecraft:cobbled_deepslate":972,"minecraft:raw_gold":23,"minecraft:beef":3,"minecraft:glass_bottle":2,"minecraft:iron_pickaxe":1,"minecraft:melon_slice":46,"minecraft:sugar_cane":4,"minecraft:iron_sword":2,"minecraft:egg":3,"minecraft:furnace":2,"minecraft:raw_iron":60,"minecraft:composter":1,"minecraft:torch":22,"minecraft:acacia_log":7,"minecraft:gravel":5,"minecraft:porkchop":5,"justhammers:stone_hammer":1,"tombstone:grave_dust":1,"minecraft:ink_sac":12,"minecraft:diorite":12,"minecraft:redstone":58,"minecraft:rotten_flesh":7,"minecraft:arrow":6,"minecraft:diamond":2,"minecraft:hay_block":10,"minecraft:granite":48,"minecraft:bone_meal":7,"minecraft:melon_seeds":2,"minecraft:mutton":17,"minecraft:coal":54,"minecraft:white_wool":11,"minecraft:cobblestone":290}},"DataVersion":3120}