{"stats":{"minecraft:mined":{"minecraft:acacia_leaves":3,"minecraft:crafting_table":1,"minecraft:granite":2,"minecraft:acacia_log":7,"minecraft:melon":9,"minecraft:jungle_log":5,"minecraft:tall_grass":1,"minecraft:composter":1,"minecraft:sugar_cane":2,"minecraft:wall_torch":3,"minecraft:seagrass":1,"minecraft:hay_block":10,"minecraft:furnace":1,"minecraft:iron_ore":2,"minecraft:wheat":84,"minecraft:grass":25,"minecraft:coal_ore":52,"minecraft:cocoa":5,"minecraft:vine":6,"minecraft:dirt":2,"minecraft:stone":24,"minecraft:oak_leaves":1,"minecraft:fern":4},"minecraft:custom":{"minecraft:interact_with_furnace":8,"minecraft:mob_kills":28,"minecraft:interact_with_crafting_table":16,"minecraft:leave_game":6,"minecraft:time_since_death":956,"minecraft:sleep_in_bed":4,"minecraft:climb_one_cm":4702,"minecraft:time_since_rest":1,"minecraft:waystone_activated":1,"minecraft:sprint_one_cm":94786,"minecraft:damage_taken":1280,"minecraft:walk_one_cm":166451,"minecraft:drop":1,"minecraft:damage_dealt":2947,"minecraft:swim_one_cm":43049,"minecraft:fly_one_cm":114445,"minecraft:open_chest":21,"minecraft:crouch_one_cm":117,"minecraft:play_time":72514,"tombstone:undead_killed":4,"minecraft:deaths":3,"minecraft:sneak_time":357,"minecraft:walk_under_water_one_cm":14207,"minecraft:jump":630,"minecraft:interact_with_blast_furnace":2,"minecraft:walk_on_water_one_cm":6698,"minecraft:total_world_time":72514,"minecraft:fall_one_cm":13620},"minecraft:killed":{"minecraft:pig":3,"minecraft:spider":1,"minecraft:squid":7,"minecraft:sheep":11,"minecraft:skeleton":4,"minecraft:chicken":1,"minecraft:cow":2},"minecraft:dropped":{"minecraft:granite":2},"minecraft:crafted":{"minecraft:cooked_beef":3,"minecraft:crafting_table":1,"minecraft:cooked_chicken":1,"minecraft:wooden_pickaxe":1,"minecraft:iron_sword":1,"minecraft:furnace":2,"minecraft:cooked_mutton":17,"minecraft:bread":56,"minecraft:air":0,"minecraft:jungle_planks":16,"minecraft:stick":12,"minecraft:iron_ingot":3,"minecraft:iron_pickaxe":1,"minecraft:stone_pickaxe":2,"minecraft:wooden_axe":1,"minecraft:acacia_planks":28,"minecraft:torch":4,"minecraft:wheat":90},"minecraft:broken":{"minecraft:wooden_pickaxe":1},"minecraft:killed_by":{"minecraft:player":1},"minecraft:used":{"minecraft:wheat_seeds":219,"minecraft:stone_pickaxe":22,"minecraft:wooden_pickaxe":59,"minecraft:iron_sword":73,"minecraft:composter":1,"minecraft:grass":1,"minecraft:sugar_cane":4,"minecraft:torch":10,"minecraft:dirt":2,"minecraft:crafting_table":2,"minecraft:acacia_sapling":2,"minecraft:wooden_axe":49,"minecraft:melon_slice":9,"minecraft:bread":9,"minecraft:melon_seeds":2,"minecraft:cobblestone":1,"minecraft:tall_grass":1,"minecraft:furnace":3},"minecraft:picked_up":{"minecraft:cocoa_beans":12,"minecraft:crafting_table":1,"minecraft:wheat":79,"minecraft:chicken":1,"minecraft:jungle_log":4,"minecraft:dirt":2,"minecraft:bone":6,"minecraft:wheat_seeds":209,"minecraft:beef":3,"minecraft:iron_pickaxe":1,"minecraft:melon_slice":46,"minecraft:sugar_cane":4,"minecraft:iron_sword":2,"minecraft:furnace":1,"minecraft:egg":3,"minecraft:raw_iron":2,"minecraft:composter":1,"minecraft:torch":9,"minecraft:acacia_log":7,"minecraft:porkchop":5,"tombstone:grave_dust":1,"minecraft:ink_sac":12,"minecraft:arrow":5,"minecraft:hay_block":10,"minecraft:granite":2,"minecraft:bone_meal":7,"minecraft:melon_seeds":2,"minecraft:mutton":17,"minecraft:coal":51,"minecraft:white_wool":11,"minecraft:cobblestone":25}},"DataVersion":3120}