{"stats":{"minecraft:mined":{"minecraft:vine":3,"minecraft:cocoa":2},"minecraft:custom":{"minecraft:jump":86,"minecraft:time_since_rest":1385,"minecraft:sprint_one_cm":4024,"minecraft:walk_one_cm":9408,"minecraft:leave_game":5,"minecraft:play_time":19789,"minecraft:damage_taken":353,"minecraft:time_since_death":3784,"minecraft:deaths":1,"minecraft:climb_one_cm":3714,"minecraft:total_world_time":19789,"minecraft:fall_one_cm":452,"minecraft:fly_one_cm":6525},"minecraft:killed_by":{"minecraft:player":1},"minecraft:picked_up":{"minecraft:cocoa_beans":4}},"DataVersion":3120}