{"stats":{"minecraft:custom":{"minecraft:mob_kills":46,"minecraft:interact_with_crafting_table":30,"minecraft:leave_game":6,"minecraft:time_since_death":79959,"minecraft:climb_one_cm":4754,"minecraft:sprint_one_cm":161606,"minecraft:walk_one_cm":463911,"minecraft:drop":38,"minecraft:play_time":151517,"minecraft:deaths":3,"minecraft:sneak_time":1011,"minecraft:walk_under_water_one_cm":28580,"minecraft:jump":1230,"minecraft:interact_with_blast_furnace":2,"minecraft:walk_on_water_one_cm":22425,"minecraft:total_world_time":151517,"minecraft:interact_with_furnace":36,"minecraft:sleep_in_bed":7,"minecraft:time_since_rest":5150,"minecraft:waystone_activated":2,"minecraft:damage_taken":2290,"minecraft:damage_dealt":6098,"minecraft:swim_one_cm":64288,"minecraft:fly_one_cm":153321,"minecraft:open_chest":45,"minecraft:crouch_one_cm":2414,"tombstone:undead_killed":10,"minecraft:fall_one_cm":20313},"minecraft:mined":{"minecraft:tuff":15,"minecraft:deepslate_diamond_ore":1,"minecraft:glow_lichen":1,"minecraft:granite":25,"minecraft:acacia_log":73,"minecraft:grass_block":28,"minecraft:jungle_log":5,"minecraft:acacia_slab":4,"minecraft:composter":1,"minecraft:hay_block":10,"minecraft:furnace":4,"minecraft:iron_ore":19,"minecraft:acacia_wood":2,"minecraft:andesite":8,"minecraft:deepslate_lapis_ore":3,"minecraft:dirt_path":5,"minecraft:vine":6,"minecraft:deepslate_iron_ore":16,"minecraft:stripped_acacia_log":4,"minecraft:stone":86,"minecraft:orange_bed":1,"minecraft:deepslate_redstone_ore":4,"minecraft:acacia_leaves":7,"minecraft:glass_pane":2,"minecraft:crafting_table":5,"minecraft:torch":4,"minecraft:melon":9,"minecraft:chest":1,"minecraft:tall_grass":3,"minecraft:copper_ore":2,"minecraft:deepslate_gold_ore":18,"minecraft:sugar_cane":3,"minecraft:diorite":6,"minecraft:wall_torch":14,"minecraft:seagrass":1,"minecraft:wheat":84,"minecraft:brown_wall_banner":7,"minecraft:grass":40,"minecraft:coal_ore":55,"minecraft:oak_log":4,"minecraft:cocoa":5,"minecraft:acacia_fence":10,"minecraft:gravel":14,"minecraft:acacia_door":2,"minecraft:dirt":51,"minecraft:acacia_planks":16,"minecraft:oak_leaves":3,"minecraft:deepslate":140,"minecraft:fern":4},"minecraft:killed":{"vampirism:advanced_vampire":1,"minecraft:spider":1,"minecraft:skeleton":6,"minecraft:chicken":1,"minecraft:pig":3,"minecraft:salmon":9,"minecraft:squid":7,"minecraft:sheep":11,"minecraft:zombie":4,"minecraft:cow":2},"minecraft:dropped":{"minecraft:wheat_seeds":1,"minecraft:granite":48,"minecraft:diorite":12,"minecraft:wooden_axe":1,"minecraft:acacia_planks":1,"minecraft:cobbled_deepslate":960,"minecraft:tuff":237,"minecraft:rotten_flesh":7,"justhammers:stone_hammer":3,"minecraft:andesite":7},"minecraft:crafted":{"minecraft:oak_planks":16,"minecraft:stone_shovel":2,"minecraft:cooked_chicken":1,"minecraft:furnace":3,"minecraft:stone":74,"minecraft:cooked_mutton":17,"minecraft:iron_boots":1,"minecraft:stone_pickaxe":2,"minecraft:chest":4,"minecraft:wheat":90,"minecraft:cooked_beef":3,"minecraft:cooked_porkchop":5,"minecraft:crafting_table":2,"minecraft:acacia_slab":6,"minecraft:wooden_pickaxe":1,"minecraft:iron_helmet":1,"minecraft:iron_sword":1,"minecraft:acacia_stairs":8,"minecraft:stone_axe":1,"minecraft:bread":56,"minecraft:air":0,"minecraft:jungle_planks":16,"justhammers:iron_hammer":1,"justhammers:stone_hammer":3,"minecraft:stick":52,"minecraft:iron_ingot":59,"minecraft:iron_pickaxe":1,"minecraft:wooden_axe":1,"minecraft:acacia_planks":98,"minecraft:torch":48},"minecraft:broken":{"minecraft:wooden_pickaxe":1,"minecraft:stone_pickaxe":2,"justhammers:stone_hammer":1},"minecraft:killed_by":{"minecraft:player":1},"minecraft:used":{"minecraft:acacia_log":24,"minecraft:stone_shovel":46,"minecraft:chest":5,"minecraft:stone":23,"minecraft:iron_sword":142,"minecraft:grass":1,"minecraft:orange_bed":1,"minecraft:torch":71,"minecraft:dirt":32,"minecraft:acacia_sapling":2,"minecraft:golden_shovel":29,"minecraft:wooden_axe":49,"minecraft:acacia_slab":3,"minecraft:melon_seeds":2,"minecraft:tall_grass":1,"minecraft:furnace":7,"minecraft:acacia_fence":1,"tombstone:gift":1,"minecraft:acacia_planks":19,"minecraft:cobbled_deepslate":12,"minecraft:wheat_seeds":219,"minecraft:stone_pickaxe":265,"minecraft:wooden_pickaxe":59,"minecraft:composter":1,"minecraft:sugar_cane":4,"minecraft:crafting_table":7,"justhammers:iron_hammer":78,"minecraft:melon_slice":9,"minecraft:bread":29,"minecraft:iron_pickaxe":81,"justhammers:stone_hammer":110,"minecraft:stone_axe":129,"minecraft:cobblestone":1,"minecraft:andesite":2},"minecraft:picked_up":{"minecraft:cocoa_beans":12,"minecraft:crafting_table":5,"minecraft:iron_chestplate":1,"minecraft:wheat":79,"minecraft:chicken":1,"minecraft:raw_copper":8,"minecraft:acacia_door":2,"minecraft:iron_leggings":1,"minecraft:cobbled_deepslate":972,"minecraft:beef":3,"minecraft:iron_pickaxe":1,"minecraft:melon_slice":46,"minecraft:sugar_cane":4,"minecraft:chest":1,"minecraft:furnace":4,"minecraft:egg":3,"minecraft:stick":1,"minecraft:raw_iron":62,"minecraft:acacia_fence":10,"minecraft:composter":1,"minecraft:torch":31,"minecraft:acacia_log":73,"minecraft:porkchop":5,"tombstone:grave_dust":1,"minecraft:diorite":12,"minecraft:redstone":58,"minecraft:orange_bed":1,"minecraft:arrow":6,"minecraft:rotten_flesh":7,"minecraft:hay_block":10,"minecraft:mutton":17,"minecraft:cobblestone":304,"minecraft:white_wool":11,"vampirism:vampire_blood_bottle":1,"minecraft:jungle_log":4,"minecraft:andesite":9,"minecraft:salmon":9,"minecraft:acacia_wood":2,"minecraft:tuff":237,"minecraft:oak_log":4,"minecraft:dirt":96,"minecraft:lapis_lazuli":19,"minecraft:bone":7,"minecraft:acacia_planks":17,"minecraft:wheat_seeds":212,"minecraft:raw_gold":23,"minecraft:glass_bottle":2,"minecraft:acacia_sapling":2,"minecraft:iron_sword":2,"minecraft:gravel":5,"justhammers:stone_hammer":1,"minecraft:ink_sac":12,"minecraft:stripped_acacia_log":4,"minecraft:diamond":2,"minecraft:granite":48,"minecraft:bone_meal":7,"minecraft:acacia_slab":4,"minecraft:brown_banner":11,"minecraft:melon_seeds":2,"minecraft:coal":54}},"DataVersion":3120}