{"stats":{"minecraft:custom":{"minecraft:mob_kills":46,"minecraft:interact_with_crafting_table":26,"minecraft:leave_game":6,"minecraft:time_since_death":67959,"minecraft:climb_one_cm":4754,"minecraft:sprint_one_cm":153258,"minecraft:walk_one_cm":397603,"minecraft:drop":38,"minecraft:play_time":139517,"minecraft:deaths":3,"minecraft:sneak_time":914,"minecraft:walk_under_water_one_cm":28580,"minecraft:jump":1154,"minecraft:interact_with_blast_furnace":2,"minecraft:walk_on_water_one_cm":22425,"minecraft:total_world_time":139517,"minecraft:interact_with_furnace":36,"minecraft:sleep_in_bed":6,"minecraft:time_since_rest":6369,"minecraft:waystone_activated":2,"minecraft:damage_taken":2290,"minecraft:damage_dealt":6098,"minecraft:swim_one_cm":64288,"minecraft:fly_one_cm":151470,"minecraft:open_chest":44,"minecraft:crouch_one_cm":2082,"tombstone:undead_killed":10,"minecraft:fall_one_cm":20104},"minecraft:mined":{"minecraft:tuff":15,"minecraft:deepslate_diamond_ore":1,"minecraft:glow_lichen":1,"minecraft:granite":25,"minecraft:acacia_log":13,"minecraft:grass_block":9,"minecraft:jungle_log":5,"minecraft:composter":1,"minecraft:hay_block":10,"minecraft:furnace":4,"minecraft:iron_ore":19,"minecraft:andesite":8,"minecraft:deepslate_lapis_ore":3,"minecraft:vine":6,"minecraft:deepslate_iron_ore":16,"minecraft:stone":76,"minecraft:orange_bed":1,"minecraft:deepslate_redstone_ore":4,"minecraft:acacia_leaves":3,"minecraft:crafting_table":3,"minecraft:torch":4,"minecraft:melon":9,"minecraft:chest":1,"minecraft:tall_grass":2,"minecraft:copper_ore":2,"minecraft:deepslate_gold_ore":18,"minecraft:sugar_cane":3,"minecraft:diorite":6,"minecraft:wall_torch":14,"minecraft:seagrass":1,"minecraft:wheat":84,"minecraft:grass":26,"minecraft:coal_ore":55,"minecraft:oak_log":4,"minecraft:cocoa":5,"minecraft:gravel":14,"minecraft:dirt":20,"minecraft:acacia_planks":2,"minecraft:oak_leaves":3,"minecraft:deepslate":140,"minecraft:fern":4},"minecraft:killed":{"vampirism:advanced_vampire":1,"minecraft:spider":1,"minecraft:skeleton":6,"minecraft:chicken":1,"minecraft:pig":3,"minecraft:salmon":9,"minecraft:squid":7,"minecraft:sheep":11,"minecraft:zombie":4,"minecraft:cow":2},"minecraft:dropped":{"minecraft:wheat_seeds":1,"minecraft:granite":48,"minecraft:diorite":12,"minecraft:wooden_axe":1,"minecraft:acacia_planks":1,"minecraft:cobbled_deepslate":960,"minecraft:tuff":237,"minecraft:rotten_flesh":7,"justhammers:stone_hammer":3,"minecraft:andesite":7},"minecraft:crafted":{"minecraft:oak_planks":16,"minecraft:cooked_chicken":1,"minecraft:furnace":3,"minecraft:stone":74,"minecraft:cooked_mutton":17,"minecraft:iron_boots":1,"minecraft:stone_pickaxe":2,"minecraft:chest":4,"minecraft:wheat":90,"minecraft:cooked_beef":3,"minecraft:cooked_porkchop":5,"minecraft:crafting_table":2,"minecraft:wooden_pickaxe":1,"minecraft:iron_helmet":1,"minecraft:iron_sword":1,"minecraft:stone_axe":1,"minecraft:bread":56,"minecraft:air":0,"minecraft:jungle_planks":16,"justhammers:iron_hammer":1,"justhammers:stone_hammer":3,"minecraft:stick":52,"minecraft:iron_ingot":59,"minecraft:iron_pickaxe":1,"minecraft:wooden_axe":1,"minecraft:acacia_planks":52,"minecraft:torch":48},"minecraft:broken":{"minecraft:wooden_pickaxe":1,"minecraft:stone_pickaxe":2,"justhammers:stone_hammer":1},"minecraft:used":{"minecraft:chest":5,"minecraft:stone":23,"minecraft:iron_sword":142,"minecraft:grass":1,"minecraft:orange_bed":1,"minecraft:torch":71,"minecraft:dirt":31,"minecraft:acacia_sapling":2,"minecraft:golden_shovel":29,"minecraft:wooden_axe":49,"minecraft:melon_seeds":2,"minecraft:tall_grass":1,"minecraft:furnace":7,"tombstone:gift":1,"minecraft:cobbled_deepslate":12,"minecraft:wheat_seeds":219,"minecraft:stone_pickaxe":265,"minecraft:wooden_pickaxe":59,"minecraft:composter":1,"minecraft:sugar_cane":4,"minecraft:crafting_table":5,"justhammers:iron_hammer":78,"minecraft:melon_slice":9,"minecraft:bread":29,"minecraft:iron_pickaxe":71,"justhammers:stone_hammer":110,"minecraft:stone_axe":17,"minecraft:cobblestone":1,"minecraft:andesite":2},"minecraft:killed_by":{"minecraft:player":1},"minecraft:picked_up":{"minecraft:cocoa_beans":12,"minecraft:crafting_table":3,"minecraft:iron_chestplate":1,"minecraft:wheat":79,"minecraft:chicken":1,"minecraft:raw_copper":8,"minecraft:iron_leggings":1,"minecraft:cobbled_deepslate":972,"minecraft:beef":3,"minecraft:iron_pickaxe":1,"minecraft:melon_slice":46,"minecraft:sugar_cane":4,"minecraft:chest":1,"minecraft:furnace":4,"minecraft:egg":3,"minecraft:raw_iron":62,"minecraft:composter":1,"minecraft:torch":26,"minecraft:acacia_log":13,"minecraft:porkchop":5,"tombstone:grave_dust":1,"minecraft:diorite":12,"minecraft:redstone":58,"minecraft:orange_bed":1,"minecraft:arrow":6,"minecraft:rotten_flesh":7,"minecraft:hay_block":10,"minecraft:mutton":17,"minecraft:cobblestone":294,"minecraft:white_wool":11,"vampirism:vampire_blood_bottle":1,"minecraft:jungle_log":4,"minecraft:andesite":9,"minecraft:salmon":9,"minecraft:tuff":237,"minecraft:oak_log":4,"minecraft:dirt":42,"minecraft:lapis_lazuli":19,"minecraft:bone":7,"minecraft:acacia_planks":3,"minecraft:wheat_seeds":210,"minecraft:raw_gold":23,"minecraft:glass_bottle":2,"minecraft:iron_sword":2,"minecraft:gravel":5,"justhammers:stone_hammer":1,"minecraft:ink_sac":12,"minecraft:diamond":2,"minecraft:granite":48,"minecraft:bone_meal":7,"minecraft:melon_seeds":2,"minecraft:coal":54}},"DataVersion":3120}