{"stats":{"minecraft:broken":{"minecraft:iron_shovel":3,"minecraft:golden_boots":1,"minecraft:iron_chestplate":1,"minecraft:iron_leggings":1,"minecraft:diamond_shovel":1,"minecraft:diamond_hoe":1,"minecraft:iron_helmet":2},"minecraft:mined":{"vampirism:blood_sieve":1,"minecraft:spruce_planks":35,"minecraft:farmland":1,"iceandfire:podium_dark_oak":1,"minecraft:jungle_slab":40,"iceandfire:copper_pile":2,"minecraft:cobblestone_stairs":4,"minecraft:jungle_leaves":342,"minecraft:obsidian":1,"minecraft:granite":28,"vampirism:totem_top_crafted":1,"minecraft:acacia_log":271,"minecraft:grass_block":1749,"minecraft:jungle_log":161,"minecraft:coal_block":6,"minecraft:soul_soil":2,"minecraft:nether_wart":40,"minecraft:spawner":6,"minecraft:weeping_vines_plant":1,"minecraft:glowstone":13,"minecraft:iron_ore":9,"minecraft:fire":19,"minecraft:cobbled_deepslate":14,"iceandfire:gold_pile":3,"minecraft:pointed_dripstone":5,"minecraft:skeleton_wall_skull":1,"minecraft:iron_bars":4,"minecraft:light_gray_concrete":21,"minecraft:spruce_slab":2,"minecraft:tripwire":1,"minecraft:piston_head":2,"minecraft:deepslate_redstone_ore":20,"minecraft:crimson_nylium":13,"minecraft:player_wall_head":6,"minecraft:amethyst_cluster":17,"minecraft:chiseled_quartz_block":3,"minecraft:torch":18,"vampirism:blood_grinder":3,"minecraft:blast_furnace":3,"minecraft:melon":1,"minecraft:poppy":8,"iceandfire:fire_lily":1,"minecraft:nether_quartz_ore":26,"minecraft:wither_skeleton_wall_skull":2,"minecraft:cobblestone":1,"minecraft:damaged_anvil":2,"minecraft:sugar_cane":156,"minecraft:wall_torch":15,"minecraft:amethyst_block":2,"minecraft:nether_wart_block":70,"minecraft:wheat":166,"paraglider:kakariko_goddess_statue":1,"minecraft:stone_brick_stairs":13,"minecraft:wither_rose":2,"minecraft:smooth_stone_slab":4,"minecraft:grass":2156,"minecraft:oak_log":12,"minecraft:beetroots":3,"minecraft:dirt":316,"minecraft:acacia_fence":1,"minecraft:sand":203,"minecraft:smooth_quartz":5,"minecraft:crimson_planks":2,"minecraft:stonecutter":1,"minecraft:netherrack":27,"minecraft:deepslate":55,"minecraft:oak_leaves":981,"iceandfire:silver_ore":1,"minecraft:quartz_stairs":4,"minecraft:deepslate_diamond_ore":57,"travelersbackpack:fox":2,"minecraft:nether_bricks":1,"minecraft:purple_terracotta":2,"minecraft:jungle_planks":10,"minecraft:crimson_roots":19,"minecraft:weeping_vines":1,"vampirism:vampire_orchid":1,"minecraft:mangrove_propagule":1,"minecraft:crimson_stem":19,"minecraft:hay_block":75,"easy_villagers:iron_farm":1,"minecraft:furnace":5,"minecraft:carrots":1,"minecraft:jungle_sapling":4,"minecraft:nether_sprouts":1,"minecraft:acacia_wood":12,"minecraft:andesite":52,"minecraft:gold_block":3,"minecraft:potatoes":8,"minecraft:shroomlight":22,"minecraft:deepslate_iron_ore":8,"minecraft:vine":41,"easy_villagers:trader":3,"minecraft:lantern":10,"minecraft:stripped_acacia_log":6,"minecraft:bamboo":3,"minecraft:stone":255,"minecraft:redstone_block":1,"minecraft:acacia_leaves":60,"minecraft:gray_concrete":11,"minecraft:soul_sand":40,"minecraft:dandelion":3,"travelersbackpack:standard":10,"minecraft:crafting_table":3,"minecraft:warped_roots":4,"minecraft:andesite_slab":2,"minecraft:copper_ore":4,"minecraft:stone_slab":3,"minecraft:tall_grass":161,"minecraft:lapis_ore":4,"minecraft:deepslate_gold_ore":16,"minecraft:birch_planks":2,"vampirism:totem_base":1,"vampirism:garlic":1,"minecraft:coal_ore":23,"iceandfire:silver_pile":3,"minecraft:gravel":125,"minecraft:dripstone_block":8,"minecraft:cobweb":10,"minecraft:acacia_planks":10,"minecraft:stripped_acacia_wood":2,"minecraft:stone_bricks":55,"minecraft:fern":16,"vampirism:altar_tip":3},"minecraft:custom":{"minecraft:animals_bred":5,"minecraft:interact_with_crafting_table":74,"minecraft:open_barrel":35,"minecraft:bell_ring":14,"minecraft:leave_game":31,"minecraft:time_since_death":54101,"minecraft:damage_resisted":329,"minecraft:sprint_one_cm":2534682,"minecraft:damage_blocked_by_shield":465,"minecraft:drop":449,"minecraft:talked_to_villager":41,"minecraft:play_time":1509936,"minecraft:deaths":18,"minecraft:jump":15515,"minecraft:walk_on_water_one_cm":138931,"tombstone:steal_effect":16,"minecraft:interact_with_furnace":99,"minecraft:traded_with_villager":23,"minecraft:sleep_in_bed":48,"minecraft:waystone_activated":18,"minecraft:damage_dealt":79595,"minecraft:player_kills":1,"minecraft:crouch_one_cm":100070,"tombstone:undead_killed":101,"tombstone:villager_killed":2,"minecraft:interact_with_smoker":7,"minecraft:use_cauldron":4,"minecraft:interact_with_smithing_table":9,"minecraft:interact_with_anvil":1,"minecraft:mob_kills":337,"minecraft:damage_dealt_resisted":1017,"minecraft:climb_one_cm":38116,"minecraft:walk_one_cm":2806652,"vampirism:capture_village":1,"vampirism:infected_creatures":1,"minecraft:sneak_time":32360,"minecraft:walk_under_water_one_cm":91532,"minecraft:boat_one_cm":763292,"minecraft:interact_with_blast_furnace":4,"minecraft:total_world_time":1509936,"vampirism:win_village_capture":1,"tombstone:raider_killed":31,"minecraft:tune_noteblock":1,"minecraft:raid_trigger":1,"minecraft:interact_with_stonecutter":1,"minecraft:time_since_rest":53853,"minecraft:damage_taken":219429,"minecraft:trigger_trapped_chest":2,"tombstone:cast_on_ally":0,"minecraft:swim_one_cm":195978,"minecraft:fly_one_cm":4820942,"minecraft:open_chest":704,"minecraft:fall_one_cm":268107},"minecraft:used":{"iceandfire:lectern":1,"minecraft:oak_sign":1,"minecraft:shield":19,"vampirism:altar_infusion":1,"minecraft:iron_shovel":1017,"minecraft:ladder":12,"easy_villagers:breeder":1,"minecraft:poppy":2,"minecraft:diamond_hoe":1530,"minecraft:chest":55,"vampirism:blood_container":12,"minecraft:stone":207,"minecraft:iron_sword":42,"minecraft:player_head":9,"minecraft:iron_chestplate":1,"minecraft:mutton":2,"minecraft:soul_sand":78,"securitycraft:keypad_item":1,"minecraft:nether_bricks":1,"minecraft:jungle_planks":241,"minecraft:carrot":3,"minecraft:jungle_slab":219,"minecraft:acacia_sapling":49,"minecraft:weeping_vines":2,"minecraft:obsidian":25,"minecraft:glass":12,"minecraft:jungle_sapling":12,"minecraft:lava_bucket":4,"vampirism:totem_top_crafted":1,"minecraft:villager_spawn_egg":3,"minecraft:grass_block":283,"minecraft:lantern":121,"minecraft:iron_helmet":1,"easy_villagers:iron_farm":8,"minecraft:crimson_roots":1,"minecraft:stone_brick_stairs":54,"vampirism:blood_sieve":5,"minecraft:item_frame":16,"minecraft:stone_bricks":719,"minecraft:hay_block":2,"minecraft:oak_sapling":3,"minecraft:furnace":5,"minecraft:beetroot_seeds":4,"minecraft:gold_block":1,"minecraft:acacia_fence":62,"minecraft:skeleton_skull":2,"minecraft:egg":3,"minecraft:potato":18,"minecraft:damaged_anvil":5,"minecraft:cow_spawn_egg":66,"minecraft:wither_skeleton_skull":3,"minecraft:stripped_acacia_log":55,"minecraft:mangrove_planks":65,"minecraft:sugar_cane":208,"vampirism:human_heart":1,"minecraft:diamond_axe":815,"minecraft:sand":21,"minecraft:blast_furnace":6,"vampirism:totem_top":3,"minecraft:stone_brick_wall":72,"minecraft:purple_terracotta":2,"minecraft:cobbled_deepslate_stairs":23,"minecraft:lightning_rod":4,"waystones:waystone":14,"easy_villagers:villager":20,"minecraft:melon_slice":2,"minecraft:acacia_door":3,"minecraft:bread":90,"vampirism:altar_pillar":12,"minecraft:lectern":1,"paraglider:kakariko_goddess_statue":1,"tombstone:grave_key":6,"minecraft:gravel":81,"minecraft:jungle_sign":6,"minecraft:diamond_sword":1806,"minecraft:nether_wart_block":117,"minecraft:smithing_table":1,"iceandfire:fire_lily":1,"minecraft:smooth_stone_slab":46,"travelersbackpack:sandstone":1,"minecraft:bone_meal":87,"minecraft:experience_bottle":4,"vampirism:vampire_cloak_red_black":1,"minecraft:acacia_log":378,"minecraft:flint_and_steel":19,"minecraft:armor_stand":7,"minecraft:spruce_planks":10,"securitycraft:keypad_door_item":1,"minecraft:netherrack":258,"minecraft:oak_door":5,"minecraft:torch":109,"minecraft:anvil":1,"minecraft:dirt":663,"minecraft:target":2,"minecraft:hopper":1,"minecraft:cobblestone_wall":45,"minecraft:stone_stairs":25,"minecraft:oak_fence_gate":1,"minecraft:granite":38,"minecraft:shroomlight":7,"minecraft:stone_brick_slab":34,"iceandfire:podium_dark_oak":2,"minecraft:jungle_log":45,"easy_villagers:trader":19,"minecraft:iron_boots":1,"minecraft:crimson_planks":66,"minecraft:melon_seeds":6,"minecraft:glowstone":5,"minecraft:deepslate_tile_stairs":40,"minecraft:pointed_dripstone":4,"tombstone:gift":7,"easy_villagers:incubator":1,"travelersbackpack:fox":5,"minecraft:orange_terracotta":1,"minecraft:cooked_beef":11,"minecraft:cobbled_deepslate":473,"minecraft:acacia_planks":539,"minecraft:iron_leggings":1,"minecraft:cooked_mutton":2,"minecraft:wheat_seeds":232,"minecraft:water_bucket":94,"minecraft:acacia_boat":1,"minecraft:dirt_path":31,"vampirism:altar_inspiration":1,"minecraft:cobblestone_stairs":74,"minecraft:birch_planks":2,"minecraft:baked_potato":14,"vampirism:item_garlic":2,"minecraft:cauldron":4,"minecraft:fletching_table":5,"iceandfire:dragon_skull_lightning":1,"securitycraft:scanner_door_item":1,"vampirism:blood_grinder":7,"justhammers:diamond_hammer":101,"minecraft:crafting_table":6,"minecraft:painting":20,"justhammers:iron_hammer":511,"minecraft:smoker":3,"tombstone:bag_of_seeds":3,"minecraft:acacia_stairs":12,"minecraft:diamond_pickaxe":867,"minecraft:diamond_shovel":1392,"minecraft:chicken":1,"minecraft:mangrove_propagule":2,"minecraft:pig_spawn_egg":6,"minecraft:jungle_stairs":4,"vampirism:altar_tip":7,"minecraft:cobblestone":180,"travelersbackpack:standard":19,"minecraft:white_banner":1,"minecraft:cooked_porkchop":88,"minecraft:bucket":92,"vampirism:totem_base":3,"vampirism:coffin_black":4,"minecraft:kelp":8,"vampirism:vampire_orchid":1,"minecraft:chainmail_leggings":1},"minecraft:killed_by":{"minecraft:wither_skeleton":2,"minecraft:piglin_brute":1,"minecraft:creeper":1,"iceandfire:sea_serpent":1,"vampirism:vampire_baron":2,"minecraft:zombie":2,"minecraft:husk":1,"minecraft:enderman":1,"iceandfire:lightning_dragon":1,"iceandfire:cockatrice":2},"minecraft:crafted":{"minecraft:smooth_stone":21,"minecraft:oak_planks":68,"minecraft:stone":497,"minecraft:cobblestone_stairs":44,"minecraft:diamond_shovel":1,"minecraft:bookshelf":2,"minecraft:cooked_mutton":2,"minecraft:quartz_block":4,"minecraft:glass":132,"minecraft:hopper":4,"minecraft:diamond_leggings":1,"minecraft:diamond_helmet":1,"minecraft:iron_boots":1,"vampirism:altar_inspiration":1,"minecraft:melon_seeds":6,"justhammers:diamond_hammer":1,"minecraft:chest":26,"vampirism:blood_grinder":4,"minecraft:acacia_fence":45,"easy_villagers:trader":2,"minecraft:stone_bricks":496,"minecraft:golden_boots":1,"travelersbackpack:iron_tier_upgrade":2,"minecraft:emerald":22,"minecraft:cauldron":4,"minecraft:cooked_porkchop":22,"minecraft:crafting_table":2,"minecraft:acacia_slab":6,"travelersbackpack:standard":4,"minecraft:iron_helmet":1,"minecraft:smithing_table":2,"minecraft:fletching_table":3,"waystones:warp_stone":1,"minecraft:lectern":3,"minecraft:iron_chestplate":1,"minecraft:book":1,"minecraft:paper":3,"minecraft:diamond_pickaxe":1,"minecraft:stick":724,"minecraft:iron_ingot":18,"minecraft:iron_block":21,"minecraft:gold_ingot":9,"vampirism:altar_tip":4,"minecraft:coal":45,"minecraft:stone_brick_wall":42,"minecraft:smooth_stone_slab":42,"minecraft:iron_nugget":72,"minecraft:furnace":2,"easy_villagers:iron_farm":1,"minecraft:bone_meal":66,"travelersbackpack:gold_tier_upgrade":1,"minecraft:glass_pane":160,"vampirism:blood_sieve":4,"minecraft:lantern":7,"vampirism:altar_infusion":1,"minecraft:diamond_boots":1,"travelersbackpack:diamond_tier_upgrade":1,"minecraft:wheat":72,"minecraft:cooked_beef":11,"paraglider:paraglider":2,"minecraft:crimson_planks":136,"minecraft:diamond_sword":1,"travelersbackpack:backpack_tank":2,"minecraft:acacia_stairs":8,"minecraft:enchanted_book":1,"minecraft:jungle_slab":258,"minecraft:air":0,"minecraft:bread":62,"minecraft:jungle_planks":500,"vampirism:altar_pillar":12,"minecraft:iron_leggings":1,"minecraft:iron_shovel":4,"minecraft:anvil":1,"vampirism:blood_container":6,"vampirism:vampire_clothing_crown":1,"minecraft:acacia_planks":544,"minecraft:diamond_chestplate":1},"minecraft:dropped":{"vampirism:totem_top_crafted":1,"minecraft:iron_sword":1,"minecraft:acacia_wood":4,"minecraft:soul_sand":7,"minecraft:porkchop":3,"minecraft:warped_fungus":1,"minecraft:cooked_porkchop":1,"minecraft:crossbow":1,"minecraft:weeping_vines":9,"minecraft:warped_roots":1,"minecraft:leather":2,"minecraft:honeycomb":53,"travelersbackpack:iron_tier_upgrade":1,"travelersbackpack:standard":4,"minecraft:flint":3,"minecraft:cobblestone_stairs":8,"minecraft:dirt":19,"minecraft:gray_concrete":8,"minecraft:crimson_roots":39,"minecraft:jungle_sapling":5,"minecraft:gold_nugget":1,"minecraft:bone_meal":16,"minecraft:sand":2,"paraglider:paraglider":2,"minecraft:bone":10,"minecraft:gravel":15,"minecraft:crimson_fungus":1,"minecraft:golden_chestplate":1,"minecraft:cobbled_deepslate":3698,"minecraft:nether_brick":4,"minecraft:andesite_slab":2,"minecraft:wheat":32,"minecraft:beetroot":2,"minecraft:rotten_flesh":64,"vampirism:blood_bottle":1,"minecraft:oak_planks":1,"justhammers:iron_hammer":9,"minecraft:poppy":33,"travelersbackpack:gold_tier_upgrade":1,"minecraft:gunpowder":2,"minecraft:skeleton_skull":1,"minecraft:beetroot_seeds":3,"minecraft:acacia_slab":1,"minecraft:acacia_sapling":4,"minecraft:chest":1,"minecraft:spruce_slab":6,"minecraft:arrow":3,"minecraft:glass":14,"minecraft:beef":1,"minecraft:crying_obsidian":1,"minecraft:acacia_fence":3,"minecraft:netherrack":153,"minecraft:crimson_planks":116,"minecraft:bread":18,"minecraft:wheat_seeds":163,"minecraft:prismarine_shard":2,"minecraft:cobblestone":281,"minecraft:prismarine_crystals":4,"minecraft:amethyst_block":2,"minecraft:granite":268,"minecraft:coal":98,"minecraft:coal_block":1,"minecraft:stick":8,"minecraft:jungle_slab":12,"minecraft:nether_wart_block":14,"minecraft:smooth_quartz":5,"tombstone:grave_dust":5,"minecraft:iron_leggings":2,"minecraft:iron_shovel":1,"minecraft:chainmail_leggings":1,"minecraft:string":16,"minecraft:acacia_planks":47,"minecraft:smooth_basalt":20,"minecraft:dandelion":3,"iceandfire:dragonbone":3,"minecraft:furnace":3,"minecraft:kelp":5,"minecraft:warped_nylium":2,"minecraft:soul_soil":2,"minecraft:stone_sword":1,"minecraft:chiseled_quartz_block":3,"minecraft:smooth_stone_slab":4,"minecraft:tuff":126,"minecraft:light_gray_wool":1,"minecraft:light_gray_concrete":25,"minecraft:stripped_acacia_wood":3,"minecraft:filled_map":1,"minecraft:diamond_sword":6,"vampirism:totem_base":1,"minecraft:shroomlight":14,"minecraft:shield":1,"minecraft:spruce_planks":68,"minecraft:bundle":1,"minecraft:andesite":72,"minecraft:quartz_stairs":4,"vampirism:crossbow_arrow_normal":1,"minecraft:oak_sapling":1,"minecraft:spider_eye":2,"minecraft:bow":2,"minecraft:calcite":15},"minecraft:killed":{"vampirism:vampire":21,"minecraft:zombified_piglin":4,"minecraft:witch":1,"vampirism:advanced_vampire":2,"minecraft:spider":24,"minecraft:skeleton":28,"vampirism:blinding_bat":1,"minecraft:chicken":3,"minecraft:magma_cube":1,"minecraft:pig":34,"minecraft:zombie_villager":1,"vampirism:converted_cow":1,"minecraft:creeper":7,"vampirism:hunter":6,"minecraft:sheep":12,"minecraft:pillager":13,"minecraft:zombie":55,"minecraft:blaze":3,"iceandfire:sea_serpent":1,"minecraft:cow":41,"minecraft:vindicator":15,"minecraft:phantom":2,"iceandfire:siren":1,"minecraft:drowned":2,"iceandfire:hippocampus":2,"minecraft:hoglin":9,"minecraft:squid":1,"iceandfire:ghost":2,"minecraft:wither_skeleton":7,"minecraft:villager":2,"minecraft:enderman":8},"minecraft:picked_up":{"minecraft:wheat":174,"minecraft:prismarine_shard":2,"tombstone:tablet_of_home":1,"minecraft:diamond_sword":15,"minecraft:enchanted_book":1,"minecraft:wither_rose":2,"minecraft:potion":3,"minecraft:nether_brick":4,"minecraft:stone_brick_stairs":13,"minecraft:crimson_planks":56,"minecraft:amethyst_block":2,"minecraft:string":55,"minecraft:soul_soil":2,"minecraft:raw_copper":59,"minecraft:smooth_stone_slab":8,"minecraft:iron_leggings":2,"minecraft:shroomlight":22,"minecraft:beetroot":2,"minecraft:gold_nugget":9,"minecraft:cobbled_deepslate":3710,"minecraft:spruce_planks":44,"minecraft:calcite":15,"minecraft:iron_pickaxe":1,"minecraft:smooth_quartz":5,"minecraft:melon_slice":6,"minecraft:coal_block":6,"minecraft:furnace":4,"minecraft:stick":112,"minecraft:acacia_fence":3,"minecraft:torch":41,"minecraft:acacia_log":321,"paraglider:kakariko_goddess_statue":2,"iceandfire:silver_ore":2,"minecraft:porkchop":128,"easy_villagers:iron_farm":1,"tombstone:grave_dust":21,"minecraft:pointed_dripstone":10,"vampirism:vampire_fang":10,"minecraft:golden_chestplate":1,"minecraft:stone_sword":1,"vampirism:blood_bottle":8,"minecraft:rotten_flesh":89,"vampirism:blood_grinder":3,"minecraft:blaze_rod":2,"minecraft:obsidian":25,"minecraft:blaze_powder":5,"minecraft:cobblestone":1085,"paraglider:paraglider":1,"minecraft:feather":2,"minecraft:magma_cream":11,"minecraft:andesite":181,"minecraft:jungle_log":206,"minecraft:chiseled_quartz_block":3,"minecraft:potato":27,"paraglider:spirit_orb":10,"minecraft:flint":13,"minecraft:tuff":126,"minecraft:wither_skeleton_skull":3,"minecraft:acacia_boat":1,"minecraft:gray_concrete":9,"minecraft:lapis_lazuli":65,"minecraft:dirt":2150,"minecraft:lantern":11,"minecraft:glass":26,"minecraft:bone":36,"minecraft:acacia_planks":146,"minecraft:stonecutter":1,"minecraft:bow":3,"minecraft:wheat_seeds":834,"easy_villagers:trader":3,"minecraft:raw_gold":23,"vampirism:item_garlic":4,"minecraft:bamboo":33,"minecraft:glowstone_dust":42,"vampirism:totem_top_crafted":2,"vampirism:blood_sieve":1,"minecraft:cooked_porkchop":3,"minecraft:stripped_acacia_wood":3,"justhammers:iron_hammer":3,"iceandfire:shiny_scales":11,"minecraft:sand":202,"minecraft:jungle_planks":11,"minecraft:grass_block":1,"iceandfire:podium_dark_oak":1,"minecraft:jungle_slab":49,"travelersbackpack:white_sleeping_bag":2,"minecraft:bundle":1,"minecraft:stripped_acacia_log":6,"minecraft:light_gray_concrete":27,"minecraft:diamond":65,"waystones:waystone":14,"minecraft:crossbow":2,"minecraft:granite":435,"minecraft:bone_meal":8,"minecraft:golden_horse_armor":1,"minecraft:emerald":7,"minecraft:oak_sapling":46,"minecraft:netherrack":311,"iceandfire:silver_nugget":10,"minecraft:andesite_slab":2,"minecraft:crimson_roots":40,"iceandfire:dragon_skull_lightning":2,"minecraft:cocoa_beans":8,"minecraft:crafting_table":3,"minecraft:chicken":3,"iceandfire:witherbone":4,"minecraft:nether_wart":45,"iceandfire:fire_lily":1,"minecraft:gold_block":3,"travelersbackpack:sandstone":1,"minecraft:shield":2,"minecraft:item_frame":1,"vampirism:totem_base":2,"minecraft:beef":85,"minecraft:player_head":7,"minecraft:jungle_sapling":19,"minecraft:poppy":12,"minecraft:light_gray_wool":1,"minecraft:spruce_slab":6,"minecraft:sugar_cane":223,"minecraft:quartz_stairs":6,"minecraft:chest":1,"minecraft:phantom_membrane":1,"minecraft:egg":4,"minecraft:raw_iron":22,"iceandfire:dragonbone":20,"minecraft:carrot":32,"minecraft:redstone":151,"minecraft:prismarine_crystals":4,"minecraft:purple_terracotta":2,"minecraft:arrow":21,"iceandfire:sea_serpent_scales_purple":4,"minecraft:weeping_vines":11,"minecraft:beetroot_seeds":4,"minecraft:nether_bricks":1,"minecraft:hay_block":74,"minecraft:saddle":3,"minecraft:gold_ingot":1,"minecraft:mutton":22,"minecraft:skeleton_skull":1,"minecraft:white_wool":14,"minecraft:air":0,"minecraft:golden_carrot":11,"minecraft:crimson_stem":19,"minecraft:leather":51,"minecraft:acacia_wood":8,"minecraft:birch_planks":2,"minecraft:filled_map":1,"minecraft:crimson_fungus":1,"minecraft:oak_log":17,"minecraft:chainmail_chestplate":1,"iceandfire:ectoplasm":1,"minecraft:nether_wart_block":68,"minecraft:gunpowder":9,"minecraft:cobblestone_stairs":4,"minecraft:white_banner":2,"vampirism:human_heart":3,"minecraft:apple":9,"minecraft:stone_bricks":55,"minecraft:kelp":5,"guideapi_vp:vampirism-guidebook":1,"minecraft:iron_ingot":3,"tombstone:bag_of_seeds":2,"minecraft:glass_bottle":20,"minecraft:iron_sword":3,"minecraft:acacia_sapling":48,"minecraft:soul_sand":37,"minecraft:smooth_basalt":20,"iceandfire:copper_nugget":14,"minecraft:warped_fungus":1,"minecraft:quartz":26,"minecraft:dandelion":3,"minecraft:dripstone_block":5,"minecraft:gravel":116,"minecraft:amethyst_shard":64,"minecraft:blast_furnace":3,"minecraft:crying_obsidian":1,"minecraft:spider_eye":10,"travelersbackpack:standard":10,"travelersbackpack:fox":3,"vampirism:blood_container":8,"vampirism:altar_tip":3,"minecraft:chainmail_leggings":1,"minecraft:painting":14,"minecraft:warped_roots":1,"vampirism:vampire_orchid":1,"tombstone:magic_scroll":2,"minecraft:damaged_anvil":2,"minecraft:acacia_slab":1,"minecraft:melon_seeds":2,"minecraft:warped_nylium":2,"minecraft:coal":111,"minecraft:mangrove_propagule":2,"minecraft:ender_pearl":3}},"DataVersion":3120}