{"stats":{"minecraft:mined":{"minecraft:hay_block":41,"minecraft:acacia_leaves":4,"minecraft:farmland":3,"minecraft:wheat":20,"minecraft:grass":308,"minecraft:acacia_log":7,"minecraft:grass_block":38,"minecraft:dirt_path":141,"minecraft:melon":53,"minecraft:dirt":5,"minecraft:tall_grass":28,"minecraft:acacia_planks":4},"minecraft:custom":{"minecraft:time_since_rest":9164,"minecraft:sprint_one_cm":136567,"minecraft:damage_taken":50,"minecraft:walk_one_cm":250065,"minecraft:mob_kills":2,"minecraft:drop":13,"minecraft:damage_dealt":463,"minecraft:talked_to_villager":6,"minecraft:fly_one_cm":421551,"minecraft:player_kills":1,"minecraft:open_chest":13,"minecraft:crouch_one_cm":3974,"minecraft:play_time":106883,"minecraft:bell_ring":175,"tombstone:undead_killed":1,"minecraft:sneak_time":1376,"minecraft:jump":1040,"minecraft:leave_game":6,"minecraft:walk_on_water_one_cm":3849,"minecraft:time_since_death":106883,"minecraft:sleep_in_bed":5,"minecraft:climb_one_cm":32,"minecraft:total_world_time":106883,"minecraft:fall_one_cm":14525},"minecraft:killed":{"minecraft:zombie":1,"minecraft:chicken":1},"minecraft:dropped":{"minecraft:wheat_seeds":10,"minecraft:rotten_flesh":2,"minecraft:acacia_planks":1},"minecraft:crafted":{"minecraft:crafting_table":1,"minecraft:acacia_planks":28},"minecraft:used":{"minecraft:wheat_seeds":23,"minecraft:diamond_shovel":606,"minecraft:grass_block":205,"minecraft:melon_slice":19,"minecraft:diamond_hoe":74,"minecraft:chest":1,"minecraft:diamond_axe":94,"minecraft:bell":1,"minecraft:melon_seeds":3,"minecraft:torch":4,"minecraft:dirt":179,"minecraft:hay_block":35,"minecraft:red_bed":17,"minecraft:acacia_fence":26,"minecraft:acacia_sapling":2,"minecraft:acacia_planks":2,"minecraft:oak_fence_gate":2},"minecraft:picked_up":{"minecraft:stick":2,"minecraft:wheat":10,"minecraft:chicken":1,"minecraft:acacia_log":7,"minecraft:string":1,"minecraft:dirt":175,"minecraft:rotten_flesh":2,"minecraft:acacia_planks":3,"minecraft:wheat_seeds":90,"minecraft:hay_block":41,"minecraft:melon_slice":279,"minecraft:melon_seeds":3,"minecraft:acacia_sapling":2}},"DataVersion":3120}