{"stats":{"minecraft:custom":{"minecraft:jump":181,"minecraft:open_chest":3,"minecraft:time_since_rest":21044,"minecraft:crouch_one_cm":84,"minecraft:leave_game":1,"minecraft:sprint_one_cm":20148,"minecraft:play_time":21044,"minecraft:time_since_death":21044,"minecraft:walk_one_cm":41021,"minecraft:bell_ring":75,"minecraft:sneak_time":178,"minecraft:climb_one_cm":32,"minecraft:total_world_time":21044,"minecraft:talked_to_villager":2,"minecraft:fall_one_cm":627,"minecraft:fly_one_cm":180625},"minecraft:picked_up":{"minecraft:wheat_seeds":2},"minecraft:used":{"minecraft:acacia_fence":26,"minecraft:dirt":6,"minecraft:oak_fence_gate":2,"minecraft:bell":1,"minecraft:red_bed":17,"minecraft:grass_block":34}},"DataVersion":3120}