{"stats":{"minecraft:mined":{"minecraft:farmland":1,"minecraft:quartz_stairs":4,"minecraft:deepslate_diamond_ore":49,"minecraft:granite":2,"minecraft:acacia_log":7,"minecraft:grass_block":194,"minecraft:jungle_planks":6,"minecraft:coal_block":5,"minecraft:mangrove_propagule":1,"minecraft:spawner":2,"minecraft:hay_block":30,"minecraft:fire":8,"minecraft:cobbled_deepslate":1,"minecraft:gold_block":1,"minecraft:potatoes":8,"minecraft:deepslate_iron_ore":8,"minecraft:light_gray_concrete":15,"minecraft:bamboo":1,"minecraft:stone":16,"minecraft:tripwire":1,"minecraft:deepslate_redstone_ore":12,"minecraft:acacia_leaves":6,"minecraft:gray_concrete":11,"minecraft:amethyst_cluster":17,"travelersbackpack:standard":3,"minecraft:chiseled_quartz_block":3,"minecraft:crafting_table":1,"minecraft:torch":4,"minecraft:poppy":4,"minecraft:melon":1,"minecraft:andesite_slab":2,"minecraft:tall_grass":56,"minecraft:deepslate_gold_ore":16,"minecraft:sugar_cane":20,"minecraft:wall_torch":12,"minecraft:amethyst_block":2,"minecraft:wheat":133,"minecraft:grass":659,"vampirism:garlic":1,"minecraft:oak_log":4,"minecraft:dirt":70,"minecraft:gravel":7,"minecraft:sand":66,"minecraft:smooth_quartz":5,"minecraft:cobweb":3,"minecraft:stonecutter":1,"minecraft:fern":1,"minecraft:oak_leaves":8,"minecraft:deepslate":54},"minecraft:used":{"minecraft:armor_stand":2,"minecraft:poppy":2,"minecraft:diamond_hoe":123,"minecraft:oak_sign":1,"minecraft:chest":27,"minecraft:stone":12,"minecraft:iron_sword":42,"securitycraft:keypad_door_item":1,"minecraft:oak_door":2,"minecraft:torch":59,"minecraft:dirt":217,"securitycraft:keypad_item":1,"minecraft:jungle_planks":241,"minecraft:cobblestone_wall":45,"minecraft:stone_stairs":21,"minecraft:acacia_sapling":5,"minecraft:granite":38,"minecraft:oak_fence_gate":1,"minecraft:glass":12,"minecraft:villager_spawn_egg":2,"minecraft:lantern":32,"minecraft:grass_block":39,"minecraft:melon_seeds":6,"minecraft:item_frame":16,"minecraft:hay_block":2,"minecraft:oak_sapling":1,"minecraft:furnace":3,"minecraft:acacia_fence":17,"tombstone:gift":4,"minecraft:potato":18,"minecraft:cobbled_deepslate":166,"minecraft:orange_terracotta":1,"minecraft:wheat_seeds":195,"minecraft:acacia_boat":1,"minecraft:water_bucket":16,"minecraft:cobblestone_stairs":33,"minecraft:dirt_path":31,"vampirism:item_garlic":2,"securitycraft:scanner_door_item":1,"minecraft:diamond_axe":28,"minecraft:fletching_table":5,"minecraft:crafting_table":1,"minecraft:blast_furnace":3,"minecraft:painting":6,"minecraft:cobbled_deepslate_stairs":23,"justhammers:iron_hammer":432,"minecraft:smoker":3,"waystones:waystone":5,"easy_villagers:villager":8,"minecraft:diamond_pickaxe":226,"minecraft:diamond_shovel":352,"minecraft:melon_slice":2,"minecraft:bread":61,"minecraft:mangrove_propagule":2,"minecraft:lectern":1,"minecraft:jungle_stairs":4,"minecraft:gravel":2,"minecraft:jungle_sign":6,"minecraft:diamond_sword":538,"travelersbackpack:standard":2,"minecraft:smithing_table":1,"minecraft:bucket":14,"minecraft:kelp":8,"minecraft:bone_meal":12},"minecraft:custom":{"minecraft:interact_with_smithing_table":2,"minecraft:mob_kills":103,"minecraft:interact_with_crafting_table":13,"minecraft:open_barrel":1,"minecraft:bell_ring":14,"minecraft:damage_dealt_resisted":526,"minecraft:leave_game":10,"minecraft:time_since_death":240475,"minecraft:climb_one_cm":14913,"minecraft:sprint_one_cm":660764,"minecraft:walk_one_cm":746510,"minecraft:drop":156,"minecraft:talked_to_villager":29,"minecraft:play_time":478543,"minecraft:deaths":4,"minecraft:sneak_time":6877,"minecraft:walk_under_water_one_cm":13401,"minecraft:boat_one_cm":344604,"minecraft:jump":3990,"minecraft:interact_with_blast_furnace":1,"minecraft:walk_on_water_one_cm":32638,"minecraft:total_world_time":478543,"minecraft:interact_with_furnace":8,"tombstone:raider_killed":2,"minecraft:sleep_in_bed":11,"minecraft:time_since_rest":42018,"minecraft:waystone_activated":7,"minecraft:damage_taken":2707,"minecraft:damage_dealt":19535,"minecraft:swim_one_cm":49287,"minecraft:fly_one_cm":1139315,"minecraft:player_kills":1,"minecraft:open_chest":265,"minecraft:crouch_one_cm":22598,"tombstone:undead_killed":18,"tombstone:villager_killed":2,"minecraft:interact_with_smoker":2,"minecraft:fall_one_cm":84654},"minecraft:crafted":{"minecraft:coal":45,"minecraft:melon_seeds":6,"minecraft:chest":3,"minecraft:wheat":45,"paraglider:paraglider":2,"travelersbackpack:iron_tier_upgrade":2,"travelersbackpack:backpack_tank":2,"travelersbackpack:standard":3,"minecraft:smithing_table":1,"minecraft:bread":62,"minecraft:stick":12,"minecraft:gold_ingot":9,"vampirism:vampire_clothing_crown":1},"minecraft:dropped":{"minecraft:wheat_seeds":76,"minecraft:cobblestone":6,"minecraft:amethyst_block":2,"travelersbackpack:iron_tier_upgrade":1,"travelersbackpack:standard":3,"minecraft:coal":96,"minecraft:stick":6,"minecraft:dirt":3,"minecraft:gray_concrete":8,"minecraft:smooth_quartz":5,"minecraft:iron_leggings":1,"minecraft:sand":1,"paraglider:paraglider":1,"minecraft:acacia_planks":39,"minecraft:smooth_basalt":20,"minecraft:gravel":3,"minecraft:chiseled_quartz_block":3,"minecraft:cobbled_deepslate":3692,"minecraft:andesite_slab":2,"minecraft:tuff":126,"minecraft:rotten_flesh":3,"minecraft:light_gray_concrete":13,"justhammers:iron_hammer":6,"minecraft:filled_map":1,"minecraft:diamond_sword":1,"minecraft:poppy":3,"minecraft:andesite":1,"minecraft:quartz_stairs":4,"minecraft:acacia_slab":1,"minecraft:glass":14,"minecraft:calcite":15},"minecraft:killed":{"vampirism:vampire":1,"vampirism:advanced_vampire":1,"minecraft:spider":5,"minecraft:skeleton":10,"minecraft:chicken":2,"minecraft:magma_cube":1,"minecraft:pig":24,"minecraft:creeper":3,"minecraft:squid":1,"vampirism:hunter":6,"minecraft:sheep":1,"minecraft:pillager":2,"minecraft:zombie":8,"minecraft:villager":2,"minecraft:cow":28,"minecraft:enderman":1},"minecraft:picked_up":{"minecraft:cocoa_beans":2,"minecraft:crafting_table":1,"minecraft:wheat":133,"minecraft:chicken":2,"minecraft:diamond_sword":1,"minecraft:gold_block":1,"minecraft:amethyst_block":2,"minecraft:string":13,"minecraft:iron_leggings":1,"minecraft:item_frame":1,"minecraft:cobbled_deepslate":3693,"minecraft:beef":53,"minecraft:jungle_sapling":1,"minecraft:calcite":15,"minecraft:poppy":5,"minecraft:smooth_quartz":5,"minecraft:coal_block":5,"minecraft:quartz_stairs":6,"minecraft:melon_slice":6,"minecraft:sugar_cane":36,"minecraft:egg":1,"minecraft:stick":11,"minecraft:raw_iron":13,"minecraft:torch":19,"minecraft:acacia_log":7,"minecraft:porkchop":48,"vampirism:vampire_fang":1,"tombstone:grave_dust":2,"minecraft:redstone":114,"minecraft:arrow":7,"vampirism:blood_bottle":1,"minecraft:rotten_flesh":14,"minecraft:hay_block":29,"minecraft:mutton":1,"minecraft:white_wool":1,"minecraft:cobblestone":92,"minecraft:blaze_powder":5,"minecraft:feather":2,"minecraft:jungle_log":5,"minecraft:andesite":1,"minecraft:leather":27,"minecraft:chiseled_quartz_block":3,"minecraft:potato":27,"minecraft:filled_map":1,"minecraft:tuff":126,"minecraft:oak_log":9,"minecraft:gunpowder":2,"minecraft:acacia_boat":1,"minecraft:lapis_lazuli":40,"minecraft:gray_concrete":9,"minecraft:dirt":325,"minecraft:bone":10,"minecraft:glass":26,"vampirism:human_heart":3,"minecraft:acacia_planks":47,"minecraft:stonecutter":1,"minecraft:bow":1,"minecraft:wheat_seeds":432,"minecraft:raw_gold":23,"minecraft:iron_ingot":3,"guideapi_vp:vampirism-guidebook":1,"vampirism:item_garlic":4,"minecraft:bamboo":14,"minecraft:smooth_basalt":20,"minecraft:gravel":5,"justhammers:iron_hammer":1,"minecraft:jungle_planks":6,"minecraft:sand":65,"minecraft:amethyst_shard":64,"minecraft:spider_eye":2,"travelersbackpack:white_sleeping_bag":2,"travelersbackpack:standard":3,"minecraft:light_gray_concrete":15,"minecraft:diamond":54,"waystones:waystone":4,"minecraft:granite":2,"minecraft:melon_seeds":2,"tombstone:magic_scroll":1,"minecraft:oak_sapling":2,"minecraft:acacia_slab":1,"minecraft:mangrove_propagule":2,"minecraft:andesite_slab":2,"minecraft:ender_pearl":1}},"DataVersion":3120}