{"stats":{"minecraft:custom":{"minecraft:mob_kills":16,"minecraft:bell_ring":190,"minecraft:leave_game":7,"minecraft:time_since_death":2881,"minecraft:sleep_in_bed":6,"minecraft:climb_one_cm":32,"minecraft:time_since_rest":2527,"minecraft:waystone_activated":1,"minecraft:sprint_one_cm":199458,"minecraft:damage_taken":461,"minecraft:walk_one_cm":297369,"minecraft:drop":14,"minecraft:damage_dealt":2553,"minecraft:swim_one_cm":883,"minecraft:talked_to_villager":8,"minecraft:player_kills":1,"minecraft:fly_one_cm":557853,"minecraft:open_chest":19,"minecraft:crouch_one_cm":4668,"minecraft:play_time":130805,"tombstone:undead_killed":3,"minecraft:deaths":1,"minecraft:sneak_time":1655,"minecraft:walk_under_water_one_cm":3604,"minecraft:jump":1584,"minecraft:walk_on_water_one_cm":5562,"minecraft:total_world_time":130805,"minecraft:interact_with_smoker":1,"minecraft:fall_one_cm":29839},"minecraft:mined":{"minecraft:acacia_leaves":4,"minecraft:farmland":3,"minecraft:smoker":1,"minecraft:acacia_log":7,"minecraft:grass_block":40,"minecraft:melon":53,"minecraft:tall_grass":33,"minecraft:hay_block":58,"minecraft:wheat":20,"minecraft:grass":354,"minecraft:coal_ore":37,"minecraft:dirt_path":141,"minecraft:water_cauldron":2,"minecraft:dirt":8,"minecraft:acacia_planks":4,"minecraft:stone_bricks":1,"minecraft:stone":53},"minecraft:killed":{"minecraft:spider":1,"minecraft:creeper":1,"minecraft:skeleton":1,"minecraft:trader_llama":2,"minecraft:zombie":2,"minecraft:chicken":1,"minecraft:cow":7},"minecraft:dropped":{"minecraft:wheat_seeds":11,"minecraft:rotten_flesh":2,"minecraft:acacia_planks":1},"minecraft:crafted":{"minecraft:crafting_table":1,"minecraft:acacia_planks":28},"minecraft:killed_by":{"minecraft:skeleton":1},"minecraft:used":{"minecraft:wheat_seeds":23,"minecraft:diamond_hoe":91,"minecraft:chest":1,"minecraft:diamond_axe":130,"minecraft:bell":1,"minecraft:torch":5,"minecraft:dirt":181,"minecraft:red_bed":17,"minecraft:acacia_sapling":2,"minecraft:oak_fence_gate":2,"waystones:waystone":1,"minecraft:diamond_pickaxe":95,"minecraft:diamond_shovel":609,"minecraft:grass_block":205,"minecraft:melon_slice":40,"minecraft:melon_seeds":3,"minecraft:stone_bricks":1,"minecraft:hay_block":41,"minecraft:acacia_fence":26,"tombstone:gift":1,"minecraft:acacia_planks":2},"minecraft:picked_up":{"minecraft:wheat":10,"minecraft:chicken":1,"minecraft:leather":5,"minecraft:lead":2,"minecraft:smoker":1,"minecraft:dirt":180,"minecraft:string":3,"minecraft:item_frame":1,"minecraft:bone":1,"minecraft:acacia_planks":3,"minecraft:stone_bricks":1,"minecraft:wheat_seeds":98,"minecraft:beef":14,"minecraft:melon_slice":279,"minecraft:acacia_sapling":2,"minecraft:stick":2,"minecraft:acacia_log":7,"vampirism:vampire_fang":1,"minecraft:cauldron":2,"minecraft:rotten_flesh":2,"waystones:waystone":1,"minecraft:hay_block":58,"minecraft:diamond_axe":1,"minecraft:melon_seeds":3,"minecraft:coal":37,"minecraft:cobblestone":51}},"DataVersion":3120}