{"stats":{"minecraft:custom":{"minecraft:time_since_rest":1172,"minecraft:open_chest":3,"minecraft:crouch_one_cm":458,"minecraft:sprint_one_cm":20661,"minecraft:play_time":24161,"minecraft:walk_one_cm":42194,"minecraft:sneak_time":480,"minecraft:bell_ring":139,"minecraft:jump":188,"minecraft:leave_game":2,"minecraft:time_since_death":24161,"minecraft:sleep_in_bed":1,"minecraft:climb_one_cm":32,"minecraft:total_world_time":24161,"minecraft:fly_one_cm":200376,"minecraft:fall_one_cm":627,"minecraft:talked_to_villager":4},"minecraft:used":{"minecraft:torch":4,"minecraft:dirt":6,"minecraft:red_bed":17,"minecraft:grass_block":34,"minecraft:acacia_fence":26,"minecraft:oak_fence_gate":2,"minecraft:bell":1},"minecraft:picked_up":{"minecraft:wheat_seeds":2}},"DataVersion":3120}