{"stats":{"minecraft:mined":{"minecraft:hay_block":15,"minecraft:acacia_leaves":4,"minecraft:farmland":3,"minecraft:wheat":17,"minecraft:grass":195,"minecraft:acacia_log":7,"minecraft:grass_block":35,"minecraft:dirt_path":139,"minecraft:melon":35,"minecraft:dirt":5,"minecraft:tall_grass":9,"minecraft:acacia_planks":2},"minecraft:killed":{"minecraft:zombie":1},"minecraft:dropped":{"minecraft:wheat_seeds":3,"minecraft:rotten_flesh":2,"minecraft:acacia_planks":1},"minecraft:custom":{"minecraft:time_since_rest":26059,"minecraft:sprint_one_cm":80048,"minecraft:damage_taken":50,"minecraft:walk_one_cm":178390,"minecraft:mob_kills":1,"minecraft:drop":6,"minecraft:damage_dealt":423,"minecraft:talked_to_villager":5,"minecraft:fly_one_cm":312934,"minecraft:player_kills":1,"minecraft:open_chest":6,"minecraft:crouch_one_cm":2067,"minecraft:play_time":84448,"minecraft:bell_ring":175,"tombstone:undead_killed":1,"minecraft:sneak_time":964,"minecraft:jump":659,"minecraft:leave_game":6,"minecraft:walk_on_water_one_cm":1370,"minecraft:time_since_death":84448,"minecraft:sleep_in_bed":4,"minecraft:climb_one_cm":32,"minecraft:total_world_time":84448,"minecraft:fall_one_cm":7164},"minecraft:crafted":{"minecraft:crafting_table":1,"minecraft:acacia_planks":28},"minecraft:used":{"minecraft:diamond_shovel":469,"minecraft:grass_block":136,"minecraft:melon_slice":11,"minecraft:diamond_hoe":18,"minecraft:chest":1,"minecraft:diamond_axe":64,"minecraft:bell":1,"minecraft:torch":4,"minecraft:dirt":176,"minecraft:red_bed":17,"minecraft:acacia_fence":26,"minecraft:acacia_sapling":2,"minecraft:oak_fence_gate":2},"minecraft:picked_up":{"minecraft:stick":2,"minecraft:wheat":6,"minecraft:acacia_log":7,"minecraft:dirt":170,"minecraft:rotten_flesh":2,"minecraft:acacia_planks":2,"minecraft:wheat_seeds":57,"minecraft:hay_block":15,"minecraft:melon_slice":190,"minecraft:melon_seeds":1,"minecraft:acacia_sapling":2}},"DataVersion":3120}