{"stats":{"minecraft:broken":{"minecraft:iron_shovel":3,"minecraft:golden_boots":1,"minecraft:iron_chestplate":1,"minecraft:iron_leggings":1,"minecraft:diamond_shovel":1,"minecraft:diamond_hoe":1,"minecraft:iron_helmet":2},"minecraft:mined":{"minecraft:spruce_planks":35,"minecraft:farmland":1,"iceandfire:copper_pile":2,"minecraft:jungle_slab":40,"minecraft:jungle_leaves":342,"minecraft:obsidian":1,"minecraft:granite":19,"minecraft:acacia_log":254,"minecraft:grass_block":1636,"minecraft:jungle_log":161,"minecraft:coal_block":6,"minecraft:nether_wart":40,"minecraft:spawner":6,"minecraft:weeping_vines_plant":1,"minecraft:glowstone":13,"minecraft:cobbled_deepslate":1,"minecraft:fire":18,"minecraft:pointed_dripstone":5,"iceandfire:gold_pile":3,"minecraft:iron_bars":4,"minecraft:light_gray_concrete":21,"minecraft:spruce_slab":2,"minecraft:tripwire":1,"minecraft:piston_head":2,"minecraft:deepslate_redstone_ore":20,"minecraft:crimson_nylium":13,"minecraft:amethyst_cluster":17,"minecraft:chiseled_quartz_block":3,"minecraft:torch":18,"minecraft:blast_furnace":3,"minecraft:melon":1,"minecraft:poppy":8,"iceandfire:fire_lily":1,"minecraft:nether_quartz_ore":26,"minecraft:sugar_cane":153,"minecraft:wall_torch":15,"minecraft:amethyst_block":2,"minecraft:nether_wart_block":70,"minecraft:wheat":141,"minecraft:stone_brick_stairs":13,"minecraft:wither_rose":1,"minecraft:smooth_stone_slab":4,"minecraft:grass":2039,"minecraft:oak_log":12,"minecraft:dirt":247,"minecraft:sand":203,"minecraft:smooth_quartz":5,"minecraft:crimson_planks":1,"minecraft:stonecutter":1,"minecraft:netherrack":24,"minecraft:deepslate":55,"minecraft:oak_leaves":979,"iceandfire:silver_ore":1,"minecraft:quartz_stairs":4,"minecraft:deepslate_diamond_ore":57,"minecraft:nether_bricks":1,"minecraft:purple_terracotta":2,"minecraft:jungle_planks":10,"minecraft:crimson_roots":19,"minecraft:mangrove_propagule":1,"minecraft:crimson_stem":16,"minecraft:hay_block":75,"easy_villagers:iron_farm":1,"minecraft:furnace":5,"minecraft:jungle_sapling":4,"minecraft:acacia_wood":12,"minecraft:andesite":43,"minecraft:gold_block":3,"minecraft:potatoes":8,"minecraft:shroomlight":9,"minecraft:deepslate_iron_ore":8,"minecraft:vine":40,"easy_villagers:trader":3,"minecraft:lantern":2,"minecraft:stripped_acacia_log":6,"minecraft:bamboo":3,"minecraft:stone":132,"minecraft:redstone_block":1,"minecraft:acacia_leaves":54,"minecraft:gray_concrete":11,"minecraft:soul_sand":13,"minecraft:dandelion":3,"travelersbackpack:standard":9,"minecraft:crafting_table":3,"minecraft:andesite_slab":2,"minecraft:copper_ore":3,"minecraft:stone_slab":3,"minecraft:tall_grass":158,"minecraft:deepslate_gold_ore":16,"minecraft:birch_planks":2,"vampirism:garlic":1,"iceandfire:silver_pile":3,"minecraft:gravel":123,"minecraft:dripstone_block":8,"minecraft:cobweb":10,"minecraft:acacia_planks":10,"minecraft:stripped_acacia_wood":2,"minecraft:stone_bricks":55,"minecraft:fern":16},"minecraft:custom":{"minecraft:interact_with_crafting_table":56,"minecraft:open_barrel":19,"minecraft:bell_ring":14,"minecraft:leave_game":22,"minecraft:time_since_death":184465,"minecraft:sprint_one_cm":1888499,"minecraft:damage_blocked_by_shield":465,"minecraft:drop":351,"minecraft:talked_to_villager":31,"minecraft:play_time":1176308,"minecraft:deaths":15,"minecraft:jump":12795,"minecraft:walk_on_water_one_cm":125680,"tombstone:steal_effect":8,"minecraft:interact_with_furnace":99,"minecraft:traded_with_villager":23,"minecraft:sleep_in_bed":48,"minecraft:waystone_activated":13,"minecraft:damage_dealt":58959,"minecraft:player_kills":1,"minecraft:crouch_one_cm":96052,"tombstone:undead_killed":80,"tombstone:villager_killed":2,"minecraft:interact_with_smoker":7,"minecraft:use_cauldron":4,"minecraft:interact_with_smithing_table":8,"minecraft:interact_with_anvil":1,"minecraft:mob_kills":250,"minecraft:damage_dealt_resisted":526,"minecraft:climb_one_cm":36424,"minecraft:walk_one_cm":2155251,"minecraft:sneak_time":29862,"minecraft:walk_under_water_one_cm":70971,"minecraft:boat_one_cm":763292,"minecraft:interact_with_blast_furnace":4,"minecraft:total_world_time":1176308,"tombstone:raider_killed":31,"minecraft:tune_noteblock":1,"minecraft:raid_trigger":1,"minecraft:interact_with_stonecutter":1,"minecraft:time_since_rest":68960,"minecraft:damage_taken":14465,"minecraft:trigger_trapped_chest":1,"tombstone:cast_on_ally":0,"minecraft:swim_one_cm":150668,"minecraft:fly_one_cm":3796950,"minecraft:open_chest":502,"minecraft:fall_one_cm":226233},"minecraft:used":{"minecraft:iron_shovel":1017,"minecraft:oak_sign":1,"minecraft:shield":19,"minecraft:ladder":12,"minecraft:poppy":2,"minecraft:diamond_hoe":1530,"minecraft:chest":45,"minecraft:stone":142,"minecraft:iron_sword":42,"minecraft:iron_chestplate":1,"minecraft:soul_sand":27,"securitycraft:keypad_item":1,"minecraft:jungle_planks":241,"minecraft:nether_bricks":1,"minecraft:jungle_slab":219,"minecraft:acacia_sapling":41,"minecraft:weeping_vines":2,"minecraft:obsidian":25,"minecraft:glass":12,"minecraft:jungle_sapling":12,"minecraft:lava_bucket":4,"minecraft:villager_spawn_egg":2,"minecraft:grass_block":281,"minecraft:lantern":109,"minecraft:iron_helmet":1,"easy_villagers:iron_farm":8,"minecraft:crimson_roots":1,"minecraft:stone_brick_stairs":54,"minecraft:stone_bricks":719,"minecraft:item_frame":16,"minecraft:hay_block":2,"minecraft:oak_sapling":3,"minecraft:furnace":5,"minecraft:acacia_fence":17,"minecraft:skeleton_skull":1,"minecraft:egg":2,"minecraft:potato":18,"minecraft:cow_spawn_egg":62,"minecraft:wither_skeleton_skull":1,"minecraft:stripped_acacia_log":55,"minecraft:sugar_cane":203,"minecraft:diamond_axe":790,"minecraft:sand":21,"minecraft:blast_furnace":6,"minecraft:purple_terracotta":2,"minecraft:stone_brick_wall":72,"minecraft:cobbled_deepslate_stairs":23,"minecraft:lightning_rod":4,"waystones:waystone":11,"easy_villagers:villager":14,"minecraft:melon_slice":2,"minecraft:acacia_door":3,"minecraft:bread":90,"minecraft:lectern":1,"tombstone:grave_key":5,"minecraft:gravel":80,"minecraft:jungle_sign":6,"minecraft:nether_wart_block":54,"minecraft:diamond_sword":1402,"minecraft:smithing_table":1,"iceandfire:fire_lily":1,"minecraft:smooth_stone_slab":46,"minecraft:bone_meal":79,"minecraft:experience_bottle":2,"minecraft:acacia_log":378,"minecraft:flint_and_steel":15,"minecraft:armor_stand":2,"minecraft:spruce_planks":10,"securitycraft:keypad_door_item":1,"minecraft:netherrack":255,"minecraft:oak_door":2,"minecraft:torch":109,"minecraft:dirt":615,"minecraft:anvil":1,"minecraft:cobblestone_wall":45,"minecraft:stone_stairs":25,"minecraft:oak_fence_gate":1,"minecraft:granite":38,"minecraft:shroomlight":7,"minecraft:stone_brick_slab":34,"minecraft:jungle_log":45,"easy_villagers:trader":5,"minecraft:iron_boots":1,"minecraft:crimson_planks":11,"minecraft:melon_seeds":6,"tombstone:gift":7,"minecraft:pointed_dripstone":4,"minecraft:cooked_beef":11,"minecraft:cobbled_deepslate":166,"minecraft:acacia_planks":539,"travelersbackpack:fox":2,"minecraft:orange_terracotta":1,"minecraft:iron_leggings":1,"minecraft:cooked_mutton":2,"minecraft:wheat_seeds":203,"minecraft:acacia_boat":1,"minecraft:water_bucket":86,"minecraft:cobblestone_stairs":73,"minecraft:dirt_path":31,"minecraft:birch_planks":2,"minecraft:baked_potato":14,"vampirism:item_garlic":2,"minecraft:cauldron":4,"minecraft:fletching_table":5,"iceandfire:dragon_skull_lightning":1,"securitycraft:scanner_door_item":1,"justhammers:diamond_hammer":14,"minecraft:crafting_table":5,"minecraft:painting":6,"justhammers:iron_hammer":511,"minecraft:smoker":3,"tombstone:bag_of_seeds":3,"minecraft:acacia_stairs":12,"minecraft:diamond_pickaxe":629,"minecraft:diamond_shovel":1181,"minecraft:chicken":1,"minecraft:mangrove_propagule":2,"minecraft:jungle_stairs":4,"minecraft:cobblestone":119,"travelersbackpack:standard":16,"minecraft:white_banner":1,"minecraft:cooked_porkchop":88,"minecraft:bucket":84,"minecraft:kelp":8},"minecraft:killed_by":{"minecraft:wither_skeleton":2,"minecraft:creeper":1,"iceandfire:sea_serpent":1,"minecraft:zombie":2,"minecraft:husk":1,"minecraft:enderman":1,"iceandfire:lightning_dragon":1,"iceandfire:cockatrice":2},"minecraft:crafted":{"minecraft:smooth_stone":21,"minecraft:oak_planks":48,"minecraft:cobblestone_stairs":44,"minecraft:stone":497,"minecraft:diamond_shovel":1,"minecraft:cooked_mutton":2,"minecraft:glass":132,"minecraft:iron_boots":1,"minecraft:melon_seeds":6,"justhammers:diamond_hammer":1,"minecraft:chest":19,"easy_villagers:trader":2,"minecraft:stone_bricks":432,"minecraft:golden_boots":1,"travelersbackpack:iron_tier_upgrade":2,"minecraft:emerald":22,"minecraft:cooked_porkchop":22,"minecraft:crafting_table":2,"minecraft:acacia_slab":6,"minecraft:iron_helmet":1,"travelersbackpack:standard":4,"minecraft:smithing_table":2,"minecraft:fletching_table":3,"waystones:warp_stone":1,"minecraft:diamond_pickaxe":1,"minecraft:lectern":1,"minecraft:iron_chestplate":1,"minecraft:book":1,"minecraft:paper":3,"minecraft:stick":692,"minecraft:iron_block":3,"minecraft:gold_ingot":9,"minecraft:coal":45,"minecraft:stone_brick_wall":42,"minecraft:smooth_stone_slab":42,"minecraft:iron_nugget":72,"minecraft:furnace":2,"easy_villagers:iron_farm":1,"minecraft:bone_meal":33,"travelersbackpack:gold_tier_upgrade":1,"minecraft:glass_pane":160,"minecraft:lantern":7,"travelersbackpack:diamond_tier_upgrade":1,"minecraft:wheat":72,"minecraft:cooked_beef":11,"paraglider:paraglider":2,"minecraft:crimson_planks":64,"minecraft:diamond_sword":1,"travelersbackpack:backpack_tank":2,"minecraft:acacia_stairs":8,"minecraft:enchanted_book":1,"minecraft:jungle_slab":246,"minecraft:air":0,"minecraft:bread":62,"minecraft:jungle_planks":480,"minecraft:iron_leggings":1,"minecraft:iron_shovel":4,"minecraft:anvil":1,"vampirism:vampire_clothing_crown":1,"minecraft:acacia_planks":428},"minecraft:dropped":{"minecraft:acacia_wood":4,"minecraft:porkchop":3,"minecraft:warped_fungus":1,"minecraft:crossbow":1,"minecraft:weeping_vines":9,"minecraft:leather":1,"travelersbackpack:iron_tier_upgrade":1,"travelersbackpack:standard":4,"minecraft:flint":3,"minecraft:dirt":15,"minecraft:gray_concrete":8,"minecraft:crimson_roots":39,"minecraft:jungle_sapling":5,"minecraft:gold_nugget":1,"minecraft:bone_meal":16,"minecraft:sand":2,"paraglider:paraglider":2,"minecraft:bone":9,"minecraft:gravel":15,"minecraft:crimson_fungus":1,"minecraft:golden_chestplate":1,"minecraft:cobbled_deepslate":3694,"minecraft:nether_brick":4,"minecraft:andesite_slab":2,"minecraft:wheat":32,"minecraft:rotten_flesh":32,"vampirism:blood_bottle":1,"justhammers:iron_hammer":9,"minecraft:poppy":33,"travelersbackpack:gold_tier_upgrade":1,"minecraft:gunpowder":2,"minecraft:skeleton_skull":1,"minecraft:beetroot_seeds":3,"minecraft:acacia_slab":1,"minecraft:acacia_sapling":4,"minecraft:chest":1,"minecraft:spruce_slab":6,"minecraft:arrow":2,"minecraft:beef":1,"minecraft:glass":14,"minecraft:crying_obsidian":1,"minecraft:acacia_fence":2,"minecraft:netherrack":144,"minecraft:crimson_planks":108,"minecraft:wheat_seeds":148,"minecraft:prismarine_shard":2,"minecraft:cobblestone":6,"minecraft:prismarine_crystals":4,"minecraft:amethyst_block":2,"minecraft:granite":158,"minecraft:coal":98,"minecraft:coal_block":1,"minecraft:stick":6,"minecraft:jungle_slab":6,"minecraft:nether_wart_block":14,"minecraft:smooth_quartz":5,"tombstone:grave_dust":2,"minecraft:iron_leggings":2,"minecraft:iron_shovel":1,"minecraft:string":14,"minecraft:acacia_planks":47,"minecraft:dandelion":3,"iceandfire:dragonbone":3,"minecraft:smooth_basalt":20,"minecraft:furnace":3,"minecraft:kelp":5,"minecraft:chiseled_quartz_block":3,"minecraft:stone_sword":1,"minecraft:smooth_stone_slab":4,"minecraft:tuff":126,"minecraft:stripped_acacia_wood":3,"minecraft:light_gray_concrete":25,"minecraft:filled_map":1,"minecraft:diamond_sword":3,"minecraft:shroomlight":1,"minecraft:spruce_planks":4,"minecraft:bundle":1,"minecraft:andesite":66,"minecraft:quartz_stairs":4,"minecraft:oak_sapling":1,"minecraft:spider_eye":1,"minecraft:bow":2,"minecraft:calcite":15},"minecraft:killed":{"vampirism:vampire":3,"minecraft:zombified_piglin":1,"minecraft:witch":1,"vampirism:advanced_vampire":2,"minecraft:spider":13,"minecraft:skeleton":26,"minecraft:chicken":3,"minecraft:magma_cube":1,"minecraft:pig":29,"minecraft:zombie_villager":1,"minecraft:creeper":6,"vampirism:hunter":6,"minecraft:sheep":4,"minecraft:pillager":13,"minecraft:zombie":41,"iceandfire:sea_serpent":1,"minecraft:blaze":3,"minecraft:cow":36,"minecraft:vindicator":15,"minecraft:phantom":2,"iceandfire:siren":1,"minecraft:drowned":2,"minecraft:hoglin":9,"minecraft:squid":1,"minecraft:wither_skeleton":7,"minecraft:villager":2,"minecraft:enderman":3},"minecraft:picked_up":{"minecraft:wheat":141,"minecraft:prismarine_shard":2,"tombstone:tablet_of_home":1,"minecraft:diamond_sword":11,"minecraft:potion":3,"minecraft:wither_rose":1,"minecraft:enchanted_book":1,"minecraft:nether_brick":4,"minecraft:stone_brick_stairs":13,"minecraft:crimson_planks":55,"minecraft:amethyst_block":2,"minecraft:string":44,"minecraft:raw_copper":25,"minecraft:smooth_stone_slab":8,"minecraft:iron_leggings":2,"minecraft:shroomlight":9,"minecraft:gold_nugget":9,"minecraft:cobbled_deepslate":3695,"minecraft:spruce_planks":44,"minecraft:calcite":15,"minecraft:smooth_quartz":5,"minecraft:melon_slice":6,"minecraft:coal_block":6,"minecraft:furnace":4,"minecraft:stick":106,"minecraft:acacia_fence":2,"minecraft:torch":41,"minecraft:acacia_log":304,"iceandfire:silver_ore":1,"minecraft:porkchop":111,"easy_villagers:iron_farm":1,"minecraft:pointed_dripstone":10,"tombstone:grave_dust":16,"vampirism:vampire_fang":1,"minecraft:golden_chestplate":1,"minecraft:stone_sword":1,"vampirism:blood_bottle":2,"minecraft:rotten_flesh":56,"minecraft:blaze_rod":2,"minecraft:obsidian":13,"minecraft:blaze_powder":5,"minecraft:cobblestone":398,"paraglider:paraglider":1,"minecraft:feather":2,"minecraft:andesite":175,"minecraft:jungle_log":206,"minecraft:chiseled_quartz_block":3,"minecraft:potato":27,"paraglider:spirit_orb":10,"minecraft:flint":13,"minecraft:tuff":126,"minecraft:acacia_boat":1,"minecraft:wither_skeleton_skull":1,"minecraft:gray_concrete":9,"minecraft:lapis_lazuli":40,"minecraft:dirt":1971,"minecraft:lantern":3,"minecraft:glass":26,"minecraft:bone":35,"minecraft:acacia_planks":146,"minecraft:bow":3,"minecraft:stonecutter":1,"minecraft:wheat_seeds":724,"easy_villagers:trader":3,"minecraft:raw_gold":23,"vampirism:item_garlic":4,"minecraft:glowstone_dust":42,"minecraft:bamboo":33,"minecraft:cooked_porkchop":2,"minecraft:stripped_acacia_wood":3,"justhammers:iron_hammer":3,"iceandfire:shiny_scales":4,"minecraft:sand":202,"minecraft:jungle_planks":11,"minecraft:grass_block":1,"minecraft:jungle_slab":46,"travelersbackpack:white_sleeping_bag":2,"minecraft:bundle":1,"minecraft:stripped_acacia_log":6,"minecraft:light_gray_concrete":27,"minecraft:diamond":65,"waystones:waystone":11,"minecraft:crossbow":2,"minecraft:granite":325,"minecraft:bone_meal":8,"minecraft:golden_horse_armor":1,"minecraft:emerald":7,"minecraft:oak_sapling":46,"minecraft:netherrack":299,"iceandfire:silver_nugget":10,"minecraft:andesite_slab":2,"minecraft:crimson_roots":40,"iceandfire:dragon_skull_lightning":2,"minecraft:cocoa_beans":8,"minecraft:crafting_table":3,"iceandfire:witherbone":4,"minecraft:chicken":3,"minecraft:nether_wart":45,"iceandfire:fire_lily":1,"minecraft:gold_block":3,"minecraft:shield":1,"minecraft:item_frame":1,"minecraft:beef":70,"minecraft:jungle_sapling":19,"minecraft:poppy":12,"minecraft:spruce_slab":6,"minecraft:chest":1,"minecraft:quartz_stairs":6,"minecraft:sugar_cane":218,"minecraft:phantom_membrane":1,"minecraft:egg":3,"minecraft:raw_iron":13,"iceandfire:dragonbone":20,"minecraft:carrot":29,"minecraft:redstone":151,"minecraft:prismarine_crystals":4,"minecraft:purple_terracotta":2,"minecraft:arrow":20,"iceandfire:sea_serpent_scales_purple":4,"minecraft:weeping_vines":11,"minecraft:nether_bricks":1,"minecraft:hay_block":74,"minecraft:saddle":3,"minecraft:gold_ingot":1,"minecraft:mutton":4,"minecraft:white_wool":3,"minecraft:air":0,"minecraft:golden_carrot":11,"minecraft:crimson_stem":16,"minecraft:leather":39,"minecraft:acacia_wood":8,"minecraft:filled_map":1,"minecraft:birch_planks":2,"minecraft:crimson_fungus":1,"minecraft:oak_log":17,"minecraft:chainmail_chestplate":1,"iceandfire:ectoplasm":1,"minecraft:nether_wart_block":68,"minecraft:gunpowder":7,"minecraft:white_banner":2,"vampirism:human_heart":3,"minecraft:apple":9,"minecraft:stone_bricks":55,"minecraft:kelp":5,"guideapi_vp:vampirism-guidebook":1,"minecraft:iron_ingot":3,"tombstone:bag_of_seeds":2,"minecraft:glass_bottle":2,"minecraft:iron_sword":2,"minecraft:acacia_sapling":42,"minecraft:soul_sand":13,"minecraft:smooth_basalt":20,"iceandfire:copper_nugget":14,"minecraft:warped_fungus":1,"minecraft:quartz":26,"minecraft:dandelion":3,"minecraft:dripstone_block":5,"minecraft:gravel":116,"minecraft:amethyst_shard":64,"minecraft:blast_furnace":3,"minecraft:crying_obsidian":1,"minecraft:spider_eye":5,"travelersbackpack:fox":1,"travelersbackpack:standard":9,"tombstone:magic_scroll":2,"minecraft:acacia_slab":1,"minecraft:melon_seeds":2,"minecraft:mangrove_propagule":2,"minecraft:coal":79,"minecraft:ender_pearl":3}},"DataVersion":3120}