{"stats":{"minecraft:mined":{"minecraft:hay_block":10,"minecraft:wheat":7,"minecraft:grass":121,"minecraft:acacia_log":3,"minecraft:grass_block":30,"minecraft:dirt_path":112,"minecraft:melon":18,"minecraft:dirt":3,"minecraft:acacia_planks":1},"minecraft:killed":{"minecraft:zombie":1},"minecraft:dropped":{"minecraft:wheat_seeds":3,"minecraft:rotten_flesh":2,"minecraft:acacia_planks":1},"minecraft:custom":{"minecraft:time_since_rest":6664,"minecraft:sprint_one_cm":55690,"minecraft:damage_taken":50,"minecraft:walk_one_cm":136850,"minecraft:mob_kills":1,"minecraft:drop":6,"minecraft:damage_dealt":200,"minecraft:talked_to_villager":4,"minecraft:fly_one_cm":279279,"minecraft:open_chest":4,"minecraft:crouch_one_cm":1301,"minecraft:play_time":65053,"tombstone:undead_killed":1,"minecraft:bell_ring":168,"minecraft:sneak_time":791,"minecraft:jump":493,"minecraft:leave_game":2,"minecraft:time_since_death":65053,"minecraft:walk_on_water_one_cm":1370,"minecraft:sleep_in_bed":4,"minecraft:total_world_time":65053,"minecraft:climb_one_cm":32,"minecraft:fall_one_cm":4807},"minecraft:crafted":{"minecraft:crafting_table":1,"minecraft:acacia_planks":4},"minecraft:used":{"minecraft:diamond_shovel":349,"minecraft:grass_block":101,"minecraft:melon_slice":7,"minecraft:diamond_hoe":9,"minecraft:chest":1,"minecraft:bell":1,"minecraft:diamond_axe":33,"minecraft:torch":4,"minecraft:dirt":139,"minecraft:red_bed":17,"minecraft:acacia_fence":26,"minecraft:oak_fence_gate":2},"minecraft:picked_up":{"minecraft:wheat":2,"minecraft:acacia_log":3,"minecraft:dirt":133,"minecraft:acacia_planks":1,"minecraft:rotten_flesh":2,"minecraft:wheat_seeds":26,"minecraft:hay_block":10,"minecraft:melon_slice":98}},"DataVersion":3120}