{"stats":{"minecraft:crafted":{"minecraft:melon_seeds":6,"minecraft:bread":15,"minecraft:wheat":45},"minecraft:dropped":{"minecraft:diamond_sword":1,"minecraft:rotten_flesh":1},"minecraft:killed":{"minecraft:spider":1},"minecraft:mined":{"minecraft:hay_block":5,"minecraft:farmland":1,"minecraft:wheat":8,"minecraft:cobbled_deepslate":1,"minecraft:crafting_table":1,"minecraft:torch":1,"minecraft:granite":2,"minecraft:grass":451,"minecraft:oak_log":4,"vampirism:garlic":1,"minecraft:grass_block":110,"minecraft:melon":1,"minecraft:jungle_planks":6,"minecraft:dirt":22,"minecraft:tall_grass":28,"minecraft:stone":14,"minecraft:oak_leaves":3,"minecraft:wall_torch":5},"minecraft:custom":{"minecraft:time_since_rest":4980,"minecraft:sprint_one_cm":101963,"minecraft:damage_taken":21,"minecraft:walk_one_cm":149624,"minecraft:mob_kills":2,"minecraft:drop":2,"minecraft:damage_dealt":568,"minecraft:talked_to_villager":5,"minecraft:interact_with_crafting_table":1,"minecraft:fly_one_cm":132496,"minecraft:open_chest":17,"minecraft:crouch_one_cm":2787,"minecraft:play_time":154479,"minecraft:sneak_time":533,"minecraft:bell_ring":14,"minecraft:jump":609,"minecraft:leave_game":5,"minecraft:walk_on_water_one_cm":121,"minecraft:time_since_death":154479,"minecraft:sleep_in_bed":2,"minecraft:climb_one_cm":451,"minecraft:total_world_time":154479,"minecraft:fall_one_cm":12746},"minecraft:used":{"minecraft:wheat_seeds":62,"minecraft:water_bucket":3,"minecraft:diamond_pickaxe":17,"minecraft:diamond_shovel":136,"minecraft:melon_slice":2,"minecraft:bread":5,"minecraft:diamond_hoe":95,"minecraft:chest":26,"vampirism:item_garlic":2,"minecraft:diamond_axe":14,"minecraft:melon_seeds":6,"minecraft:torch":10,"minecraft:diamond_sword":11,"minecraft:dirt":47,"minecraft:crafting_table":1,"minecraft:jungle_planks":2,"minecraft:bucket":3,"minecraft:stone_stairs":21,"minecraft:cobbled_deepslate":61,"justhammers:iron_hammer":8},"minecraft:picked_up":{"minecraft:crafting_table":1,"minecraft:wheat":8,"minecraft:torch":6,"minecraft:diamond_sword":1,"minecraft:jungle_planks":6,"minecraft:oak_log":4,"minecraft:string":1,"minecraft:dirt":133,"minecraft:rotten_flesh":1,"minecraft:wheat_seeds":78,"minecraft:cobbled_deepslate":1,"vampirism:item_garlic":4,"minecraft:hay_block":5,"minecraft:granite":2,"minecraft:melon_slice":6,"minecraft:cobblestone":86}},"DataVersion":3120}