{"stats":{"minecraft:custom":{"minecraft:interact_with_furnace":2,"minecraft:mob_kills":16,"minecraft:interact_with_crafting_table":4,"minecraft:bell_ring":190,"minecraft:leave_game":7,"minecraft:time_since_death":26881,"minecraft:sleep_in_bed":7,"minecraft:climb_one_cm":32,"minecraft:time_since_rest":14119,"minecraft:waystone_activated":1,"minecraft:sprint_one_cm":238171,"minecraft:damage_taken":521,"minecraft:walk_one_cm":375133,"minecraft:drop":19,"minecraft:damage_dealt":2553,"minecraft:swim_one_cm":883,"minecraft:talked_to_villager":8,"minecraft:player_kills":1,"minecraft:fly_one_cm":602109,"minecraft:open_chest":25,"minecraft:crouch_one_cm":4717,"minecraft:play_time":154805,"tombstone:undead_killed":3,"minecraft:deaths":1,"minecraft:sneak_time":1694,"minecraft:walk_under_water_one_cm":3604,"minecraft:jump":1869,"minecraft:walk_on_water_one_cm":5750,"minecraft:total_world_time":154805,"minecraft:interact_with_smoker":1,"minecraft:fall_one_cm":35242},"minecraft:mined":{"minecraft:deepslate_redstone_ore":10,"minecraft:tuff":1,"minecraft:acacia_leaves":4,"minecraft:attached_melon_stem":1,"minecraft:glass_pane":1,"minecraft:farmland":3,"minecraft:smoker":1,"minecraft:crafting_table":2,"minecraft:granite":1,"minecraft:acacia_log":9,"minecraft:grass_block":45,"minecraft:melon":54,"minecraft:tall_grass":33,"minecraft:deepslate_gold_ore":8,"minecraft:wall_torch":1,"minecraft:deepslate_copper_ore":4,"minecraft:hay_block":58,"minecraft:wheat":27,"minecraft:grass":406,"minecraft:deepslate_iron_ore":3,"minecraft:coal_ore":37,"minecraft:dirt_path":141,"minecraft:water_cauldron":2,"minecraft:acacia_door":1,"minecraft:dirt":14,"minecraft:acacia_planks":4,"minecraft:stone_bricks":1,"minecraft:stone":54,"minecraft:deepslate":120},"minecraft:killed":{"minecraft:spider":1,"minecraft:creeper":1,"minecraft:skeleton":1,"minecraft:trader_llama":2,"minecraft:zombie":2,"minecraft:chicken":1,"minecraft:cow":7},"minecraft:dropped":{"minecraft:wheat_seeds":11,"minecraft:tuff":8,"minecraft:rotten_flesh":2,"minecraft:granite":23,"minecraft:diorite":6,"minecraft:andesite":1,"minecraft:acacia_planks":1},"minecraft:crafted":{"minecraft:crafting_table":1,"minecraft:furnace":1,"minecraft:bucket":1,"minecraft:stick":4,"minecraft:acacia_planks":32},"minecraft:killed_by":{"minecraft:skeleton":1},"minecraft:used":{"minecraft:wheat_seeds":23,"minecraft:acacia_log":5,"minecraft:diamond_hoe":91,"minecraft:chest":1,"minecraft:diamond_axe":138,"minecraft:bell":1,"minecraft:torch":5,"minecraft:dirt":192,"minecraft:crafting_table":2,"minecraft:red_bed":17,"minecraft:acacia_sapling":2,"minecraft:smoker":1,"minecraft:oak_fence_gate":2,"waystones:waystone":1,"minecraft:diamond_pickaxe":249,"minecraft:diamond_shovel":615,"minecraft:acacia_door":2,"minecraft:grass_block":322,"minecraft:melon_slice":45,"justhammers:stone_hammer":21,"minecraft:melon_seeds":3,"minecraft:stone_bricks":1,"minecraft:item_frame":1,"minecraft:hay_block":58,"minecraft:furnace":1,"minecraft:bucket":1,"minecraft:acacia_fence":78,"tombstone:gift":1,"minecraft:acacia_planks":2},"minecraft:picked_up":{"minecraft:crafting_table":2,"minecraft:wheat":15,"minecraft:chicken":1,"minecraft:glow_ink_sac":2,"minecraft:andesite":1,"minecraft:leather":5,"minecraft:lead":2,"minecraft:smoker":1,"minecraft:tuff":8,"minecraft:dirt":190,"minecraft:string":3,"minecraft:raw_copper":14,"minecraft:acacia_door":2,"minecraft:item_frame":1,"minecraft:bone":1,"minecraft:acacia_planks":3,"minecraft:stone_bricks":1,"minecraft:wheat_seeds":122,"minecraft:raw_gold":8,"minecraft:cobbled_deepslate":300,"minecraft:beef":14,"minecraft:melon_slice":284,"minecraft:acacia_sapling":2,"minecraft:raw_iron":3,"minecraft:stick":2,"minecraft:torch":1,"minecraft:acacia_log":9,"justhammers:stone_hammer":1,"minecraft:diorite":6,"vampirism:vampire_fang":1,"minecraft:redstone":44,"minecraft:cauldron":2,"minecraft:rotten_flesh":2,"waystones:waystone":1,"minecraft:hay_block":58,"minecraft:granite":23,"minecraft:diamond_axe":1,"minecraft:melon_seeds":3,"minecraft:coal":37,"minecraft:cobblestone":52}},"DataVersion":3120}