{"stats":{"minecraft:killed":{"minecraft:magma_cube":1,"minecraft:pig":16,"minecraft:spider":1,"minecraft:squid":1,"vampirism:hunter":4,"minecraft:skeleton":8,"minecraft:pillager":2,"minecraft:chicken":1,"minecraft:cow":18},"minecraft:dropped":{"minecraft:wheat_seeds":2,"minecraft:chiseled_quartz_block":3,"minecraft:cobblestone":6,"minecraft:rotten_flesh":1,"travelersbackpack:iron_tier_upgrade":1,"minecraft:light_gray_concrete":13,"travelersbackpack:standard":2,"minecraft:coal":96,"minecraft:stick":6,"minecraft:filled_map":1,"minecraft:diamond_sword":1,"minecraft:gray_concrete":8,"minecraft:quartz_stairs":4,"minecraft:smooth_quartz":5,"minecraft:acacia_slab":1,"minecraft:iron_leggings":1,"minecraft:glass":14},"minecraft:crafted":{"minecraft:coal":36,"travelersbackpack:iron_tier_upgrade":2,"travelersbackpack:backpack_tank":2,"travelersbackpack:standard":3,"minecraft:smithing_table":1,"minecraft:bread":15,"minecraft:melon_seeds":6,"minecraft:chest":2,"minecraft:gold_ingot":9,"minecraft:wheat":45},"minecraft:mined":{"minecraft:acacia_leaves":6,"minecraft:gray_concrete":11,"minecraft:farmland":1,"minecraft:quartz_stairs":4,"minecraft:chiseled_quartz_block":3,"travelersbackpack:standard":1,"minecraft:crafting_table":1,"minecraft:torch":2,"minecraft:granite":2,"minecraft:acacia_log":7,"minecraft:grass_block":125,"minecraft:melon":1,"minecraft:jungle_planks":6,"minecraft:coal_block":4,"minecraft:tall_grass":29,"minecraft:sugar_cane":8,"minecraft:wall_torch":5,"minecraft:spawner":2,"minecraft:hay_block":7,"minecraft:cobbled_deepslate":1,"minecraft:wheat":16,"minecraft:gold_block":1,"minecraft:grass":503,"vampirism:garlic":1,"minecraft:oak_log":4,"minecraft:light_gray_concrete":15,"minecraft:smooth_quartz":5,"minecraft:dirt":32,"minecraft:cobweb":1,"minecraft:stonecutter":1,"minecraft:stone":16,"minecraft:oak_leaves":4,"minecraft:tripwire":1},"minecraft:picked_up":{"minecraft:crafting_table":1,"minecraft:wheat":16,"minecraft:chicken":1,"minecraft:leather":21,"minecraft:diamond_sword":1,"minecraft:chiseled_quartz_block":3,"minecraft:gold_block":1,"minecraft:oak_log":4,"minecraft:gray_concrete":9,"minecraft:string":3,"minecraft:dirt":158,"vampirism:human_heart":1,"minecraft:iron_leggings":1,"minecraft:bone":9,"minecraft:glass":26,"minecraft:stonecutter":1,"minecraft:wheat_seeds":101,"minecraft:cobbled_deepslate":1,"guideapi_vp:vampirism-guidebook":1,"vampirism:item_garlic":4,"minecraft:beef":33,"minecraft:smooth_quartz":5,"minecraft:quartz_stairs":6,"minecraft:coal_block":4,"minecraft:melon_slice":6,"minecraft:sugar_cane":12,"minecraft:egg":1,"minecraft:stick":11,"minecraft:torch":8,"minecraft:acacia_log":7,"minecraft:porkchop":29,"minecraft:jungle_planks":6,"travelersbackpack:white_sleeping_bag":2,"travelersbackpack:standard":1,"minecraft:light_gray_concrete":15,"minecraft:arrow":6,"minecraft:rotten_flesh":1,"waystones:waystone":1,"minecraft:hay_block":7,"minecraft:granite":2,"tombstone:magic_scroll":1,"minecraft:oak_sapling":2,"minecraft:acacia_slab":1,"minecraft:blaze_powder":5,"minecraft:cobblestone":92},"minecraft:used":{"minecraft:wheat_seeds":75,"minecraft:water_bucket":13,"minecraft:dirt_path":3,"minecraft:cobblestone_stairs":30,"minecraft:diamond_hoe":95,"minecraft:chest":26,"vampirism:item_garlic":2,"minecraft:iron_sword":42,"minecraft:diamond_axe":27,"minecraft:torch":32,"minecraft:dirt":156,"minecraft:crafting_table":1,"minecraft:jungle_planks":2,"minecraft:stone_stairs":21,"justhammers:iron_hammer":8,"waystones:waystone":1,"minecraft:diamond_pickaxe":66,"minecraft:diamond_shovel":179,"minecraft:lantern":2,"minecraft:grass_block":2,"minecraft:melon_slice":2,"minecraft:bread":30,"minecraft:melon_seeds":6,"minecraft:diamond_sword":319,"travelersbackpack:standard":1,"minecraft:hay_block":2,"minecraft:smithing_table":1,"minecraft:oak_sapling":1,"minecraft:bucket":13,"minecraft:acacia_fence":6,"tombstone:gift":2,"minecraft:potato":8,"minecraft:cobbled_deepslate":61,"minecraft:bone_meal":2},"minecraft:custom":{"minecraft:interact_with_smithing_table":2,"minecraft:interact_with_furnace":2,"minecraft:mob_kills":59,"tombstone:raider_killed":2,"minecraft:interact_with_crafting_table":7,"minecraft:open_barrel":1,"minecraft:bell_ring":14,"minecraft:damage_dealt_resisted":164,"minecraft:leave_game":7,"minecraft:time_since_death":28466,"minecraft:sleep_in_bed":6,"minecraft:climb_one_cm":8743,"minecraft:time_since_rest":27922,"minecraft:waystone_activated":1,"minecraft:sprint_one_cm":316698,"minecraft:damage_taken":1881,"minecraft:walk_one_cm":343463,"minecraft:drop":32,"minecraft:damage_dealt":10790,"minecraft:swim_one_cm":19153,"minecraft:talked_to_villager":5,"minecraft:player_kills":1,"minecraft:fly_one_cm":537956,"minecraft:open_chest":92,"minecraft:crouch_one_cm":16927,"minecraft:play_time":266534,"tombstone:undead_killed":8,"minecraft:deaths":4,"minecraft:sneak_time":4680,"minecraft:walk_under_water_one_cm":5683,"minecraft:jump":2077,"minecraft:walk_on_water_one_cm":18081,"minecraft:total_world_time":266534,"minecraft:fall_one_cm":48437}},"DataVersion":3120}