{"stats":{"minecraft:killed":{"minecraft:spider":1},"minecraft:crafted":{"minecraft:melon_seeds":6,"minecraft:bread":15,"minecraft:wheat":45},"minecraft:dropped":{"minecraft:diamond_sword":1,"minecraft:wheat_seeds":1,"minecraft:rotten_flesh":1,"minecraft:coal":96},"minecraft:picked_up":{"minecraft:stick":5,"minecraft:crafting_table":1,"minecraft:wheat":8,"minecraft:torch":7,"minecraft:diamond_sword":1,"minecraft:acacia_log":7,"minecraft:jungle_planks":6,"minecraft:oak_log":4,"minecraft:dirt":158,"minecraft:string":1,"minecraft:rotten_flesh":1,"minecraft:wheat_seeds":81,"minecraft:cobbled_deepslate":1,"minecraft:hay_block":5,"vampirism:item_garlic":4,"minecraft:granite":2,"minecraft:oak_sapling":2,"minecraft:melon_slice":6,"minecraft:sugar_cane":12,"minecraft:cobblestone":88},"minecraft:mined":{"minecraft:hay_block":5,"minecraft:acacia_leaves":6,"minecraft:farmland":1,"minecraft:wheat":8,"minecraft:cobbled_deepslate":1,"minecraft:crafting_table":1,"minecraft:torch":2,"minecraft:granite":2,"minecraft:grass":482,"minecraft:acacia_log":7,"vampirism:garlic":1,"minecraft:grass_block":125,"minecraft:oak_log":4,"minecraft:melon":1,"minecraft:jungle_planks":6,"minecraft:dirt":32,"minecraft:tall_grass":29,"minecraft:stone":16,"minecraft:sugar_cane":8,"minecraft:oak_leaves":4,"minecraft:wall_torch":5},"minecraft:used":{"minecraft:wheat_seeds":75,"minecraft:water_bucket":3,"minecraft:diamond_pickaxe":19,"minecraft:diamond_shovel":178,"minecraft:lantern":2,"minecraft:bread":7,"minecraft:melon_slice":2,"minecraft:diamond_hoe":95,"minecraft:chest":26,"vampirism:item_garlic":2,"minecraft:diamond_axe":27,"minecraft:melon_seeds":6,"minecraft:torch":22,"minecraft:diamond_sword":13,"minecraft:dirt":156,"minecraft:crafting_table":1,"minecraft:jungle_planks":2,"minecraft:oak_sapling":1,"minecraft:bucket":3,"minecraft:stone_stairs":21,"minecraft:cobbled_deepslate":61,"justhammers:iron_hammer":8},"minecraft:custom":{"minecraft:time_since_rest":5270,"minecraft:sprint_one_cm":144410,"minecraft:damage_taken":21,"minecraft:walk_one_cm":194746,"minecraft:mob_kills":2,"minecraft:drop":5,"minecraft:damage_dealt":568,"minecraft:interact_with_crafting_table":1,"minecraft:fly_one_cm":198432,"minecraft:talked_to_villager":5,"minecraft:open_chest":26,"minecraft:crouch_one_cm":4437,"minecraft:play_time":170534,"minecraft:bell_ring":14,"minecraft:sneak_time":863,"minecraft:jump":854,"minecraft:leave_game":7,"minecraft:time_since_death":170534,"minecraft:walk_on_water_one_cm":121,"minecraft:sleep_in_bed":4,"minecraft:total_world_time":170534,"minecraft:climb_one_cm":451,"minecraft:fall_one_cm":17162}},"DataVersion":3120}