{"stats":{"minecraft:broken":{"minecraft:iron_shovel":3,"minecraft:iron_chestplate":1,"minecraft:iron_leggings":1,"minecraft:diamond_shovel":1,"minecraft:iron_helmet":1},"minecraft:mined":{"minecraft:spruce_planks":17,"minecraft:farmland":1,"iceandfire:copper_pile":2,"minecraft:jungle_slab":4,"minecraft:jungle_leaves":8,"minecraft:granite":2,"minecraft:acacia_log":171,"minecraft:grass_block":1565,"minecraft:jungle_log":51,"minecraft:coal_block":5,"minecraft:spawner":3,"minecraft:cobbled_deepslate":1,"minecraft:fire":10,"minecraft:pointed_dripstone":5,"iceandfire:gold_pile":3,"minecraft:light_gray_concrete":15,"minecraft:spruce_slab":2,"minecraft:tripwire":1,"minecraft:deepslate_redstone_ore":20,"minecraft:amethyst_cluster":17,"minecraft:chiseled_quartz_block":3,"minecraft:torch":18,"minecraft:blast_furnace":3,"minecraft:poppy":8,"minecraft:melon":1,"minecraft:sugar_cane":153,"minecraft:wall_torch":15,"minecraft:amethyst_block":2,"minecraft:wheat":141,"minecraft:wither_rose":1,"minecraft:stone_brick_stairs":13,"minecraft:grass":1830,"minecraft:oak_log":12,"minecraft:dirt":166,"minecraft:sand":203,"minecraft:smooth_quartz":5,"minecraft:stonecutter":1,"minecraft:oak_leaves":39,"minecraft:deepslate":55,"iceandfire:silver_ore":1,"minecraft:quartz_stairs":4,"minecraft:deepslate_diamond_ore":57,"minecraft:purple_terracotta":2,"minecraft:jungle_planks":10,"minecraft:mangrove_propagule":1,"minecraft:hay_block":75,"easy_villagers:iron_farm":1,"minecraft:furnace":2,"minecraft:andesite":7,"minecraft:gold_block":1,"minecraft:potatoes":8,"minecraft:deepslate_iron_ore":8,"minecraft:vine":9,"easy_villagers:trader":3,"minecraft:lantern":1,"minecraft:stripped_acacia_log":6,"minecraft:bamboo":3,"minecraft:stone":32,"minecraft:acacia_leaves":32,"minecraft:gray_concrete":11,"minecraft:dandelion":3,"travelersbackpack:standard":8,"minecraft:crafting_table":3,"minecraft:andesite_slab":2,"minecraft:tall_grass":156,"minecraft:copper_ore":3,"minecraft:deepslate_gold_ore":16,"vampirism:garlic":1,"iceandfire:silver_pile":3,"minecraft:gravel":58,"minecraft:dripstone_block":8,"minecraft:cobweb":4,"minecraft:acacia_planks":10,"minecraft:stone_bricks":55,"minecraft:fern":2},"minecraft:custom":{"minecraft:interact_with_crafting_table":44,"minecraft:open_barrel":13,"minecraft:bell_ring":14,"minecraft:leave_game":18,"minecraft:time_since_death":179639,"minecraft:sprint_one_cm":1315662,"minecraft:drop":222,"minecraft:talked_to_villager":31,"minecraft:play_time":933626,"minecraft:deaths":11,"minecraft:jump":9128,"minecraft:walk_on_water_one_cm":102799,"minecraft:interact_with_furnace":83,"minecraft:sleep_in_bed":40,"minecraft:waystone_activated":13,"minecraft:damage_dealt":39262,"minecraft:player_kills":1,"minecraft:crouch_one_cm":44572,"tombstone:undead_killed":46,"tombstone:villager_killed":2,"minecraft:interact_with_smoker":7,"minecraft:use_cauldron":4,"minecraft:interact_with_smithing_table":2,"minecraft:mob_kills":179,"minecraft:damage_dealt_resisted":526,"minecraft:climb_one_cm":17408,"minecraft:walk_one_cm":1626132,"minecraft:sneak_time":13256,"minecraft:walk_under_water_one_cm":59486,"minecraft:boat_one_cm":763292,"minecraft:interact_with_blast_furnace":4,"minecraft:total_world_time":933626,"tombstone:raider_killed":21,"minecraft:tune_noteblock":1,"minecraft:interact_with_stonecutter":1,"minecraft:time_since_rest":6867,"minecraft:damage_taken":8828,"minecraft:trigger_trapped_chest":1,"tombstone:cast_on_ally":0,"minecraft:swim_one_cm":122797,"minecraft:fly_one_cm":2855326,"minecraft:open_chest":385,"minecraft:fall_one_cm":173874},"minecraft:used":{"minecraft:iron_shovel":1017,"minecraft:diamond_hoe":162,"minecraft:poppy":2,"minecraft:ladder":12,"minecraft:oak_sign":1,"minecraft:chest":29,"minecraft:stone":142,"minecraft:iron_sword":42,"minecraft:soul_sand":14,"securitycraft:keypad_item":1,"minecraft:jungle_planks":241,"minecraft:jungle_slab":3,"minecraft:acacia_sapling":38,"minecraft:obsidian":18,"minecraft:glass":12,"minecraft:lava_bucket":4,"minecraft:villager_spawn_egg":2,"minecraft:lantern":89,"minecraft:grass_block":281,"easy_villagers:iron_farm":8,"minecraft:stone_brick_stairs":54,"minecraft:stone_bricks":719,"minecraft:item_frame":16,"minecraft:hay_block":2,"minecraft:oak_sapling":3,"minecraft:furnace":5,"minecraft:acacia_fence":17,"minecraft:skeleton_skull":1,"minecraft:egg":2,"minecraft:potato":18,"minecraft:cow_spawn_egg":62,"minecraft:stripped_acacia_log":55,"minecraft:sugar_cane":203,"minecraft:diamond_axe":428,"minecraft:sand":21,"minecraft:blast_furnace":6,"minecraft:purple_terracotta":2,"minecraft:stone_brick_wall":72,"minecraft:cobbled_deepslate_stairs":23,"minecraft:lightning_rod":4,"waystones:waystone":11,"easy_villagers:villager":13,"minecraft:acacia_door":3,"minecraft:melon_slice":2,"minecraft:bread":90,"minecraft:lectern":1,"tombstone:grave_key":5,"minecraft:gravel":78,"minecraft:jungle_sign":6,"minecraft:diamond_sword":966,"minecraft:smithing_table":1,"minecraft:bone_meal":54,"minecraft:acacia_log":377,"minecraft:flint_and_steel":14,"minecraft:armor_stand":2,"minecraft:spruce_planks":3,"securitycraft:keypad_door_item":1,"minecraft:netherrack":100,"minecraft:oak_door":2,"minecraft:torch":109,"minecraft:dirt":466,"minecraft:anvil":1,"minecraft:cobblestone_wall":45,"minecraft:stone_stairs":25,"minecraft:granite":38,"minecraft:oak_fence_gate":1,"minecraft:stone_brick_slab":34,"minecraft:jungle_log":9,"easy_villagers:trader":5,"minecraft:melon_seeds":6,"tombstone:gift":5,"minecraft:cooked_beef":11,"minecraft:acacia_planks":326,"minecraft:cobbled_deepslate":166,"minecraft:orange_terracotta":1,"minecraft:pointed_dripstone":4,"minecraft:cooked_mutton":2,"minecraft:wheat_seeds":203,"minecraft:acacia_boat":1,"minecraft:water_bucket":53,"minecraft:cobblestone_stairs":33,"minecraft:dirt_path":31,"minecraft:baked_potato":14,"vampirism:item_garlic":2,"minecraft:cauldron":4,"minecraft:fletching_table":5,"iceandfire:dragon_skull_lightning":1,"securitycraft:scanner_door_item":1,"minecraft:crafting_table":3,"minecraft:painting":6,"justhammers:iron_hammer":432,"minecraft:smoker":3,"tombstone:bag_of_seeds":1,"minecraft:acacia_stairs":12,"minecraft:diamond_pickaxe":377,"minecraft:diamond_shovel":997,"minecraft:mangrove_propagule":2,"minecraft:jungle_stairs":4,"minecraft:cobblestone":8,"travelersbackpack:standard":14,"minecraft:cooked_porkchop":25,"minecraft:bucket":51,"minecraft:kelp":8},"minecraft:crafted":{"minecraft:stone":497,"minecraft:cooked_mutton":2,"minecraft:glass":132,"minecraft:melon_seeds":6,"minecraft:chest":3,"easy_villagers:trader":2,"minecraft:stone_bricks":432,"travelersbackpack:iron_tier_upgrade":2,"minecraft:cooked_porkchop":12,"minecraft:crafting_table":1,"minecraft:acacia_slab":6,"travelersbackpack:standard":3,"minecraft:smithing_table":2,"minecraft:lectern":1,"minecraft:stick":12,"minecraft:iron_block":3,"minecraft:gold_ingot":9,"minecraft:coal":45,"minecraft:stone_brick_wall":42,"minecraft:iron_nugget":72,"minecraft:furnace":2,"easy_villagers:iron_farm":1,"minecraft:glass_pane":160,"minecraft:lantern":7,"minecraft:wheat":72,"minecraft:cooked_beef":11,"paraglider:paraglider":2,"travelersbackpack:backpack_tank":2,"minecraft:acacia_stairs":8,"minecraft:bread":62,"minecraft:air":0,"minecraft:iron_shovel":4,"minecraft:anvil":1,"vampirism:vampire_clothing_crown":1,"minecraft:acacia_planks":28},"minecraft:killed_by":{"minecraft:creeper":1,"iceandfire:sea_serpent":1,"minecraft:zombie":2,"minecraft:enderman":1,"iceandfire:lightning_dragon":1,"iceandfire:cockatrice":1},"minecraft:dropped":{"minecraft:porkchop":2,"travelersbackpack:iron_tier_upgrade":1,"travelersbackpack:standard":4,"minecraft:flint":3,"minecraft:dirt":3,"minecraft:gray_concrete":8,"minecraft:sand":2,"paraglider:paraglider":1,"minecraft:gravel":3,"minecraft:cobbled_deepslate":3694,"minecraft:andesite_slab":2,"minecraft:wheat":32,"minecraft:rotten_flesh":16,"justhammers:iron_hammer":6,"minecraft:poppy":28,"minecraft:skeleton_skull":1,"minecraft:acacia_slab":1,"minecraft:acacia_sapling":2,"minecraft:spruce_slab":6,"minecraft:glass":14,"minecraft:wheat_seeds":121,"minecraft:prismarine_shard":2,"minecraft:prismarine_crystals":4,"minecraft:cobblestone":6,"minecraft:amethyst_block":2,"minecraft:coal":96,"minecraft:stick":6,"minecraft:jungle_slab":3,"minecraft:smooth_quartz":5,"minecraft:iron_leggings":2,"minecraft:iron_shovel":1,"minecraft:acacia_planks":40,"minecraft:dandelion":3,"iceandfire:dragonbone":3,"minecraft:smooth_basalt":20,"minecraft:kelp":5,"minecraft:chiseled_quartz_block":3,"minecraft:tuff":126,"minecraft:light_gray_concrete":13,"minecraft:filled_map":1,"minecraft:diamond_sword":3,"minecraft:andesite":8,"minecraft:quartz_stairs":4,"minecraft:oak_sapling":1,"minecraft:spider_eye":1,"minecraft:calcite":15},"minecraft:killed":{"vampirism:vampire":2,"minecraft:witch":1,"vampirism:advanced_vampire":1,"minecraft:spider":9,"minecraft:skeleton":19,"minecraft:chicken":2,"minecraft:magma_cube":1,"minecraft:pig":29,"minecraft:creeper":4,"vampirism:hunter":6,"minecraft:sheep":4,"minecraft:pillager":5,"minecraft:zombie":25,"minecraft:cow":36,"iceandfire:sea_serpent":1,"minecraft:vindicator":15,"iceandfire:siren":1,"minecraft:drowned":2,"minecraft:squid":1,"minecraft:villager":2,"minecraft:enderman":3},"minecraft:picked_up":{"minecraft:wheat":141,"minecraft:prismarine_shard":2,"minecraft:diamond_sword":6,"minecraft:potion":1,"minecraft:wither_rose":1,"minecraft:stone_brick_stairs":13,"minecraft:amethyst_block":2,"minecraft:string":18,"minecraft:raw_copper":25,"minecraft:iron_leggings":2,"minecraft:gold_nugget":8,"minecraft:cobbled_deepslate":3695,"minecraft:spruce_planks":17,"minecraft:calcite":15,"minecraft:smooth_quartz":5,"minecraft:melon_slice":6,"minecraft:coal_block":5,"minecraft:furnace":1,"minecraft:stick":50,"minecraft:torch":40,"minecraft:acacia_log":223,"iceandfire:silver_ore":1,"minecraft:porkchop":68,"easy_villagers:iron_farm":1,"vampirism:vampire_fang":1,"minecraft:pointed_dripstone":10,"tombstone:grave_dust":4,"vampirism:blood_bottle":1,"minecraft:rotten_flesh":38,"minecraft:blaze_powder":5,"minecraft:cobblestone":115,"minecraft:feather":2,"minecraft:andesite":8,"minecraft:jungle_log":53,"minecraft:chiseled_quartz_block":3,"minecraft:potato":27,"paraglider:spirit_orb":2,"minecraft:flint":7,"minecraft:tuff":126,"minecraft:acacia_boat":1,"minecraft:gray_concrete":9,"minecraft:lapis_lazuli":40,"minecraft:dirt":1789,"minecraft:lantern":2,"minecraft:bone":21,"minecraft:glass":26,"minecraft:acacia_planks":146,"minecraft:stonecutter":1,"minecraft:bow":1,"minecraft:wheat_seeds":698,"easy_villagers:trader":3,"minecraft:raw_gold":23,"vampirism:item_garlic":4,"minecraft:bamboo":33,"justhammers:iron_hammer":1,"minecraft:jungle_planks":11,"iceandfire:shiny_scales":4,"minecraft:sand":202,"minecraft:grass_block":1,"minecraft:jungle_slab":6,"travelersbackpack:white_sleeping_bag":2,"minecraft:light_gray_concrete":15,"minecraft:stripped_acacia_log":6,"minecraft:diamond":62,"waystones:waystone":11,"minecraft:granite":2,"minecraft:emerald":7,"minecraft:oak_sapling":6,"iceandfire:silver_nugget":10,"minecraft:andesite_slab":2,"iceandfire:dragon_skull_lightning":2,"minecraft:cocoa_beans":8,"minecraft:crafting_table":3,"minecraft:chicken":2,"minecraft:gold_block":1,"minecraft:item_frame":1,"minecraft:beef":69,"minecraft:jungle_sapling":2,"minecraft:poppy":12,"minecraft:spruce_slab":6,"minecraft:quartz_stairs":6,"minecraft:sugar_cane":218,"minecraft:egg":3,"minecraft:raw_iron":13,"iceandfire:dragonbone":20,"minecraft:redstone":151,"minecraft:prismarine_crystals":4,"minecraft:purple_terracotta":2,"iceandfire:sea_serpent_scales_purple":4,"minecraft:arrow":17,"minecraft:hay_block":74,"minecraft:mutton":4,"minecraft:white_wool":3,"minecraft:leather":33,"minecraft:filled_map":1,"minecraft:oak_log":17,"iceandfire:ectoplasm":1,"minecraft:gunpowder":4,"vampirism:human_heart":3,"minecraft:stone_bricks":55,"minecraft:kelp":5,"guideapi_vp:vampirism-guidebook":1,"minecraft:iron_ingot":3,"tombstone:bag_of_seeds":1,"minecraft:glass_bottle":2,"minecraft:acacia_sapling":37,"minecraft:iron_sword":2,"iceandfire:copper_nugget":14,"minecraft:smooth_basalt":20,"minecraft:dandelion":3,"minecraft:dripstone_block":5,"minecraft:gravel":49,"minecraft:amethyst_shard":64,"minecraft:blast_furnace":3,"minecraft:spider_eye":4,"travelersbackpack:standard":8,"tombstone:magic_scroll":2,"minecraft:acacia_slab":1,"minecraft:melon_seeds":2,"minecraft:mangrove_propagule":2,"minecraft:coal":73,"minecraft:ender_pearl":3}},"DataVersion":3120}