{"stats":{"minecraft:killed":{"minecraft:spider":4,"minecraft:skeleton":9,"minecraft:chicken":1,"minecraft:magma_cube":1,"minecraft:pig":23,"minecraft:creeper":1,"minecraft:squid":1,"vampirism:hunter":6,"minecraft:pillager":2,"minecraft:zombie":4,"minecraft:enderman":1,"minecraft:cow":24},"minecraft:crafted":{"minecraft:coal":36,"minecraft:melon_seeds":6,"minecraft:chest":2,"minecraft:wheat":45,"travelersbackpack:iron_tier_upgrade":2,"travelersbackpack:backpack_tank":2,"travelersbackpack:standard":3,"minecraft:smithing_table":1,"minecraft:bread":38,"minecraft:gold_ingot":9,"vampirism:vampire_clothing_crown":1},"minecraft:dropped":{"minecraft:wheat_seeds":60,"minecraft:cobblestone":6,"travelersbackpack:iron_tier_upgrade":1,"travelersbackpack:standard":3,"minecraft:coal":96,"minecraft:stick":6,"minecraft:dirt":1,"minecraft:gray_concrete":8,"minecraft:smooth_quartz":5,"minecraft:iron_leggings":1,"minecraft:sand":1,"minecraft:chiseled_quartz_block":3,"minecraft:cobbled_deepslate":1078,"minecraft:tuff":31,"minecraft:rotten_flesh":1,"minecraft:light_gray_concrete":13,"justhammers:iron_hammer":1,"minecraft:filled_map":1,"minecraft:diamond_sword":1,"minecraft:quartz_stairs":4,"minecraft:acacia_slab":1,"minecraft:glass":14},"minecraft:mined":{"minecraft:farmland":1,"minecraft:quartz_stairs":4,"minecraft:deepslate_diamond_ore":10,"minecraft:granite":2,"minecraft:acacia_log":7,"minecraft:grass_block":125,"minecraft:jungle_planks":6,"minecraft:coal_block":4,"minecraft:mangrove_propagule":1,"minecraft:spawner":2,"minecraft:hay_block":25,"minecraft:cobbled_deepslate":1,"minecraft:gold_block":1,"minecraft:deepslate_iron_ore":8,"minecraft:light_gray_concrete":15,"minecraft:stone":16,"minecraft:tripwire":1,"minecraft:acacia_leaves":6,"minecraft:gray_concrete":11,"travelersbackpack:standard":3,"minecraft:chiseled_quartz_block":3,"minecraft:crafting_table":1,"minecraft:torch":3,"minecraft:melon":1,"minecraft:tall_grass":43,"minecraft:deepslate_gold_ore":1,"minecraft:sugar_cane":14,"minecraft:wall_torch":5,"minecraft:wheat":52,"minecraft:grass":536,"vampirism:garlic":1,"minecraft:oak_log":4,"minecraft:gravel":2,"minecraft:dirt":32,"minecraft:sand":65,"minecraft:smooth_quartz":5,"minecraft:cobweb":1,"minecraft:stonecutter":1,"minecraft:deepslate":19,"minecraft:oak_leaves":7},"minecraft:picked_up":{"minecraft:crafting_table":1,"minecraft:wheat":52,"minecraft:chicken":1,"minecraft:diamond_sword":1,"minecraft:gold_block":1,"minecraft:string":10,"minecraft:iron_leggings":1,"minecraft:cobbled_deepslate":1092,"minecraft:beef":46,"minecraft:smooth_quartz":5,"minecraft:sugar_cane":24,"minecraft:melon_slice":6,"minecraft:coal_block":4,"minecraft:quartz_stairs":6,"minecraft:egg":1,"minecraft:raw_iron":10,"minecraft:stick":11,"minecraft:torch":9,"minecraft:acacia_log":7,"minecraft:porkchop":45,"tombstone:grave_dust":2,"minecraft:redstone":19,"minecraft:arrow":6,"minecraft:rotten_flesh":5,"minecraft:hay_block":25,"minecraft:cobblestone":92,"minecraft:blaze_powder":5,"minecraft:leather":24,"minecraft:chiseled_quartz_block":3,"minecraft:filled_map":1,"minecraft:tuff":31,"minecraft:oak_log":4,"minecraft:acacia_boat":1,"minecraft:lapis_lazuli":40,"minecraft:gray_concrete":9,"minecraft:dirt":159,"minecraft:glass":26,"minecraft:bone":10,"vampirism:human_heart":2,"minecraft:bow":1,"minecraft:stonecutter":1,"minecraft:wheat_seeds":198,"minecraft:raw_gold":4,"guideapi_vp:vampirism-guidebook":1,"vampirism:item_garlic":4,"justhammers:iron_hammer":1,"minecraft:jungle_planks":6,"minecraft:sand":65,"minecraft:spider_eye":2,"travelersbackpack:white_sleeping_bag":2,"travelersbackpack:standard":3,"minecraft:light_gray_concrete":15,"minecraft:diamond":13,"waystones:waystone":4,"minecraft:granite":2,"tombstone:magic_scroll":1,"minecraft:oak_sapling":2,"minecraft:acacia_slab":1,"minecraft:mangrove_propagule":2,"minecraft:ender_pearl":1},"minecraft:used":{"minecraft:diamond_hoe":113,"minecraft:chest":26,"minecraft:iron_sword":42,"minecraft:torch":33,"minecraft:dirt":156,"minecraft:jungle_planks":2,"minecraft:stone_stairs":21,"minecraft:lantern":2,"minecraft:grass_block":2,"minecraft:melon_seeds":6,"minecraft:item_frame":13,"minecraft:hay_block":2,"minecraft:oak_sapling":1,"minecraft:acacia_fence":6,"tombstone:gift":4,"minecraft:potato":8,"minecraft:cobbled_deepslate":61,"minecraft:wheat_seeds":112,"minecraft:acacia_boat":1,"minecraft:water_bucket":13,"minecraft:cobblestone_stairs":30,"minecraft:dirt_path":3,"vampirism:item_garlic":2,"minecraft:diamond_axe":28,"minecraft:crafting_table":1,"minecraft:cobbled_deepslate_stairs":2,"justhammers:iron_hammer":145,"waystones:waystone":5,"minecraft:diamond_pickaxe":105,"minecraft:diamond_shovel":244,"minecraft:bread":45,"minecraft:mangrove_propagule":2,"minecraft:melon_slice":2,"minecraft:diamond_sword":440,"travelersbackpack:standard":2,"minecraft:smithing_table":1,"minecraft:bucket":13,"minecraft:bone_meal":2},"minecraft:custom":{"minecraft:interact_with_smithing_table":2,"minecraft:mob_kills":84,"minecraft:interact_with_crafting_table":8,"minecraft:open_barrel":1,"minecraft:bell_ring":14,"minecraft:damage_dealt_resisted":276,"minecraft:leave_game":7,"minecraft:time_since_death":94466,"minecraft:climb_one_cm":9240,"minecraft:sprint_one_cm":428954,"minecraft:walk_one_cm":462362,"minecraft:drop":64,"minecraft:talked_to_villager":9,"minecraft:play_time":332534,"minecraft:deaths":4,"minecraft:sneak_time":5163,"minecraft:walk_under_water_one_cm":8696,"minecraft:boat_one_cm":143921,"minecraft:jump":2869,"minecraft:walk_on_water_one_cm":25195,"minecraft:total_world_time":332534,"minecraft:interact_with_furnace":3,"tombstone:raider_killed":2,"minecraft:sleep_in_bed":9,"minecraft:time_since_rest":16655,"minecraft:waystone_activated":6,"minecraft:damage_taken":2428,"minecraft:damage_dealt":15116,"minecraft:swim_one_cm":30483,"minecraft:fly_one_cm":804021,"minecraft:player_kills":1,"minecraft:open_chest":171,"minecraft:crouch_one_cm":18042,"tombstone:undead_killed":13,"minecraft:interact_with_smoker":1,"minecraft:fall_one_cm":66967}},"DataVersion":3120}