{"stats":{"minecraft:mined":{"iceandfire:copper_pile":2,"iceandfire:podium_dark_oak":1,"minecraft:jungle_leaves":342,"minecraft:obsidian":1,"minecraft:granite":28,"minecraft:acacia_log":383,"minecraft:jungle_log":161,"minecraft:coal_block":6,"minecraft:nether_wart":40,"minecraft:spawner":6,"minecraft:weeping_vines_plant":1,"minecraft:cobbled_deepslate":15,"minecraft:fire":20,"iceandfire:gold_pile":3,"minecraft:dirt_path":2,"minecraft:light_gray_concrete":21,"minecraft:white_banner":1,"minecraft:tripwire":1,"minecraft:piston_head":2,"minecraft:red_bed":15,"minecraft:player_wall_head":6,"minecraft:crimson_nylium":13,"minecraft:amethyst_cluster":17,"minecraft:torch":21,"minecraft:blast_furnace":3,"minecraft:melon":1,"minecraft:sugar_cane":204,"minecraft:damaged_anvil":2,"minecraft:amethyst_block":3,"minecraft:wheat":302,"minecraft:wither_rose":2,"minecraft:stone_brick_stairs":13,"minecraft:grass":2309,"minecraft:smooth_quartz":5,"minecraft:stonecutter":1,"minecraft:deepslate":101,"iceandfire:silver_ore":7,"minecraft:nether_bricks":1,"minecraft:jungle_planks":10,"minecraft:crimson_roots":19,"minecraft:jungle_sapling":4,"minecraft:acacia_wood":12,"minecraft:andesite":72,"minecraft:potatoes":62,"minecraft:vine":41,"minecraft:bamboo":3,"minecraft:redstone_block":1,"minecraft:gray_concrete":11,"minecraft:soul_sand":41,"travelersbackpack:nether":1,"minecraft:dandelion":3,"minecraft:warped_roots":4,"minecraft:tall_grass":177,"minecraft:copper_ore":6,"minecraft:deepslate_gold_ore":57,"vampirism:totem_base":1,"vampirism:garlic":1,"iceandfire:silver_pile":3,"minecraft:gravel":125,"minecraft:dripstone_block":8,"minecraft:cobweb":10,"minecraft:acacia_planks":10,"minecraft:stone_bricks":55,"minecraft:fern":16,"vampirism:altar_tip":3,"vampirism:blood_sieve":1,"minecraft:spruce_planks":35,"minecraft:farmland":1,"minecraft:jungle_slab":40,"minecraft:cobblestone_stairs":4,"vampirism:totem_top_crafted":1,"minecraft:grass_block":3177,"minecraft:soul_soil":2,"minecraft:glowstone":13,"minecraft:iron_ore":9,"minecraft:skeleton_wall_skull":1,"minecraft:pointed_dripstone":5,"minecraft:iron_bars":4,"minecraft:spruce_slab":2,"minecraft:deepslate_redstone_ore":20,"minecraft:chiseled_quartz_block":3,"vampirism:blood_grinder":3,"minecraft:calcite":2,"minecraft:poppy":8,"iceandfire:fire_lily":1,"minecraft:nether_quartz_ore":26,"minecraft:wither_skeleton_wall_skull":2,"minecraft:cobblestone":15,"minecraft:wall_torch":16,"minecraft:nether_wart_block":72,"paraglider:kakariko_goddess_statue":1,"minecraft:smooth_stone_slab":4,"minecraft:oak_log":17,"minecraft:beetroots":3,"minecraft:acacia_fence":1,"minecraft:sand":222,"minecraft:dirt":1365,"minecraft:crimson_planks":2,"minecraft:netherrack":28,"minecraft:oak_leaves":982,"minecraft:quartz_stairs":4,"minecraft:deepslate_diamond_ore":110,"travelersbackpack:fox":2,"minecraft:purple_terracotta":2,"minecraft:weeping_vines":1,"vampirism:vampire_orchid":1,"minecraft:mangrove_propagule":1,"minecraft:crimson_stem":19,"minecraft:hay_block":75,"easy_villagers:iron_farm":1,"minecraft:furnace":5,"minecraft:carrots":1,"minecraft:nether_sprouts":1,"minecraft:gold_block":3,"minecraft:deepslate_iron_ore":9,"minecraft:shroomlight":23,"easy_villagers:trader":3,"minecraft:lantern":10,"minecraft:stripped_acacia_log":6,"minecraft:stone":571,"minecraft:acacia_leaves":90,"travelersbackpack:standard":12,"minecraft:crafting_table":3,"minecraft:andesite_slab":2,"minecraft:stone_slab":3,"minecraft:lapis_ore":4,"minecraft:birch_planks":2,"minecraft:coal_ore":24,"minecraft:stripped_acacia_wood":2},"minecraft:killed_by":{"minecraft:piglin_brute":1,"minecraft:zombie":2,"minecraft:husk":1,"iceandfire:cockatrice":2,"minecraft:wither_skeleton":2,"minecraft:creeper":1,"iceandfire:sea_serpent":1,"vampirism:vampire_baron":2,"minecraft:enderman":1,"iceandfire:lightning_dragon":1},"minecraft:killed":{"vampirism:vampire":23,"vampirism:advanced_vampire":2,"vampirism:blinding_bat":1,"minecraft:skeleton":29,"minecraft:chicken":3,"minecraft:magma_cube":1,"vampirism:converted_cow":1,"minecraft:pillager":13,"minecraft:zombie":62,"iceandfire:sea_serpent":1,"minecraft:cow":44,"minecraft:vindicator":15,"minecraft:horse":1,"iceandfire:siren":1,"iceandfire:hippocampus":2,"iceandfire:ghost":2,"minecraft:enderman":11,"minecraft:zombified_piglin":4,"minecraft:witch":1,"minecraft:spider":52,"minecraft:pig":34,"minecraft:zombie_villager":1,"minecraft:creeper":8,"vampirism:hunter":8,"minecraft:sheep":12,"minecraft:blaze":3,"minecraft:phantom":2,"minecraft:drowned":2,"minecraft:hoglin":9,"minecraft:squid":1,"minecraft:wither_skeleton":7,"minecraft:villager":2},"minecraft:used":{"iceandfire:lectern":1,"minecraft:spruce_slab":41,"minecraft:poppy":2,"minecraft:ladder":12,"vampirism:altar_infusion":1,"minecraft:chest":63,"minecraft:stone":207,"vampirism:blood_container":12,"minecraft:soul_sand":79,"securitycraft:keypad_item":1,"minecraft:jungle_slab":285,"minecraft:acacia_sapling":70,"minecraft:weeping_vines":2,"minecraft:jungle_sapling":28,"minecraft:lava_bucket":4,"minecraft:villager_spawn_egg":3,"minecraft:grass_block":283,"easy_villagers:iron_farm":8,"vampirism:blood_sieve":5,"minecraft:stone_brick_stairs":54,"minecraft:furnace":5,"minecraft:oak_sapling":3,"minecraft:acacia_fence":261,"minecraft:egg":6,"minecraft:potato":78,"travelersbackpack:nether":3,"minecraft:damaged_anvil":6,"minecraft:cow_spawn_egg":66,"vampirism:human_heart":1,"minecraft:glow_berries":1,"minecraft:sand":21,"minecraft:blast_furnace":6,"minecraft:purple_terracotta":2,"minecraft:lightning_rod":4,"minecraft:lectern":1,"minecraft:nether_wart_block":119,"minecraft:diamond_sword":1992,"minecraft:smithing_table":1,"iceandfire:fire_lily":1,"travelersbackpack:sandstone":1,"minecraft:acacia_log":382,"minecraft:armor_stand":7,"minecraft:netherrack":259,"minecraft:torch":146,"minecraft:anvil":1,"minecraft:target":2,"minecraft:stone_stairs":25,"tombstone:decorative_tombstone":1,"minecraft:oak_fence_gate":1,"minecraft:shroomlight":7,"tombstone:ankh_of_pray":5,"iceandfire:podium_dark_oak":2,"minecraft:jungle_log":117,"easy_villagers:trader":23,"minecraft:melon_seeds":6,"minecraft:glowstone":5,"tombstone:gift":9,"minecraft:acacia_planks":699,"minecraft:cobbled_deepslate":537,"minecraft:orange_terracotta":1,"minecraft:pointed_dripstone":4,"minecraft:calcite":2,"minecraft:wheat_seeds":371,"minecraft:water_bucket":96,"vampirism:altar_inspiration":1,"minecraft:dirt_path":31,"minecraft:birch_planks":2,"vampirism:item_garlic":2,"minecraft:cauldron":4,"minecraft:fletching_table":5,"iceandfire:dragon_skull_lightning":6,"securitycraft:scanner_door_item":1,"vampirism:blood_grinder":7,"minecraft:crafting_table":6,"justhammers:diamond_hammer":322,"justhammers:iron_hammer":511,"minecraft:diamond_pickaxe":1314,"minecraft:diamond_shovel":3887,"minecraft:mangrove_propagule":2,"minecraft:iron_pickaxe":69,"minecraft:pig_spawn_egg":6,"vampirism:altar_tip":7,"minecraft:cobblestone":434,"travelersbackpack:standard":21,"minecraft:cooked_porkchop":88,"vampirism:coffin_black":6,"vampirism:totem_base":3,"minecraft:kelp":8,"vampirism:vampire_orchid":1,"minecraft:iron_shovel":1017,"easy_villagers:breeder":1,"minecraft:diamond_hoe":1530,"minecraft:oak_sign":1,"minecraft:shield":19,"minecraft:iron_sword":42,"minecraft:player_head":9,"minecraft:iron_chestplate":1,"minecraft:mutton":2,"minecraft:jungle_planks":241,"minecraft:nether_bricks":1,"minecraft:carrot":3,"minecraft:axolotl_bucket":1,"minecraft:obsidian":25,"minecraft:glass":12,"vampirism:totem_top_crafted":1,"minecraft:lantern":123,"minecraft:iron_helmet":1,"minecraft:crimson_roots":1,"minecraft:stone_bricks":719,"minecraft:item_frame":16,"minecraft:deepslate_diamond_ore":35,"minecraft:hay_block":2,"minecraft:beetroot_seeds":4,"minecraft:gold_block":1,"minecraft:skeleton_skull":4,"minecraft:stripped_acacia_log":56,"minecraft:wither_skeleton_skull":3,"minecraft:mangrove_planks":65,"minecraft:sugar_cane":282,"minecraft:diamond_axe":968,"vampirism:totem_top":3,"minecraft:stone_brick_wall":72,"minecraft:black_bed":1,"minecraft:cobbled_deepslate_stairs":23,"waystones:waystone":14,"easy_villagers:villager":25,"minecraft:acacia_door":3,"minecraft:bread":90,"minecraft:melon_slice":2,"vampirism:altar_pillar":12,"paraglider:kakariko_goddess_statue":1,"tombstone:grave_key":6,"minecraft:gravel":81,"minecraft:jungle_sign":6,"minecraft:andesite":3,"minecraft:smooth_stone_slab":46,"minecraft:bone_meal":201,"minecraft:experience_bottle":4,"vampirism:vampire_cloak_red_black":1,"minecraft:flint_and_steel":19,"minecraft:spruce_planks":10,"securitycraft:keypad_door_item":1,"minecraft:deepslate_gold_ore":1,"minecraft:oak_door":5,"minecraft:dirt":2877,"minecraft:hopper":1,"minecraft:cobblestone_wall":45,"minecraft:granite":38,"minecraft:stone_brick_slab":34,"minecraft:acacia_slab":6,"minecraft:iron_boots":1,"minecraft:crimson_planks":66,"minecraft:deepslate_tile_stairs":40,"easy_villagers:incubator":1,"minecraft:cooked_beef":11,"travelersbackpack:fox":5,"minecraft:iron_leggings":1,"minecraft:cooked_mutton":2,"minecraft:acacia_boat":1,"minecraft:amethyst_block":1,"minecraft:cobblestone_stairs":74,"minecraft:baked_potato":14,"minecraft:painting":20,"minecraft:smoker":3,"tombstone:bag_of_seeds":3,"minecraft:acacia_stairs":12,"minecraft:chicken":1,"minecraft:jungle_stairs":4,"minecraft:white_banner":2,"minecraft:bucket":95,"minecraft:chainmail_leggings":1},"minecraft:crafted":{"minecraft:smooth_stone":21,"minecraft:diamond_shovel":2,"minecraft:bookshelf":2,"minecraft:cooked_mutton":2,"minecraft:glass":132,"minecraft:quartz_block":4,"minecraft:diamond_helmet":1,"minecraft:diamond_leggings":1,"minecraft:melon_seeds":6,"minecraft:acacia_fence":45,"easy_villagers:trader":2,"minecraft:emerald":22,"minecraft:cooked_porkchop":22,"minecraft:acacia_slab":12,"travelersbackpack:standard":4,"minecraft:smithing_table":2,"minecraft:fletching_table":3,"minecraft:hay_block":56,"waystones:warp_stone":1,"tombstone:white_marble":5,"minecraft:lectern":3,"minecraft:iron_block":21,"minecraft:gold_ingot":27,"vampirism:altar_tip":4,"minecraft:smooth_stone_slab":42,"minecraft:iron_nugget":72,"easy_villagers:iron_farm":1,"minecraft:bone_meal":66,"travelersbackpack:gold_tier_upgrade":1,"minecraft:lantern":7,"minecraft:diamond_boots":1,"minecraft:redstone_block":17,"minecraft:wheat":72,"minecraft:acacia_stairs":8,"minecraft:enchanted_book":1,"minecraft:jungle_slab":258,"minecraft:writable_book":1,"minecraft:iron_shovel":4,"minecraft:iron_leggings":1,"vampirism:vampire_clothing_crown":1,"minecraft:oak_planks":68,"minecraft:cobblestone_stairs":44,"minecraft:stone":497,"tombstone:decorative_tombstone":1,"minecraft:hopper":4,"minecraft:iron_boots":1,"vampirism:altar_inspiration":1,"justhammers:diamond_hammer":2,"minecraft:chest":32,"vampirism:blood_grinder":4,"minecraft:stone_bricks":496,"minecraft:golden_boots":1,"travelersbackpack:iron_tier_upgrade":2,"minecraft:cauldron":4,"minecraft:crafting_table":2,"minecraft:spruce_planks":16,"minecraft:iron_helmet":1,"minecraft:book":1,"minecraft:iron_chestplate":1,"minecraft:paper":3,"minecraft:diamond_pickaxe":1,"minecraft:stick":724,"minecraft:iron_ingot":18,"minecraft:coal":45,"minecraft:stone_brick_wall":42,"minecraft:furnace":2,"minecraft:glass_pane":160,"vampirism:blood_sieve":4,"vampirism:altar_infusion":1,"travelersbackpack:diamond_tier_upgrade":1,"minecraft:cooked_beef":11,"paraglider:paraglider":2,"minecraft:crimson_planks":136,"minecraft:diamond_sword":1,"travelersbackpack:backpack_tank":2,"tombstone:ankh_of_pray":1,"minecraft:bread":62,"minecraft:air":0,"minecraft:jungle_planks":500,"vampirism:altar_pillar":12,"minecraft:anvil":1,"vampirism:blood_container":6,"minecraft:acacia_planks":580,"minecraft:diamond_chestplate":1},"minecraft:picked_up":{"minecraft:prismarine_shard":2,"minecraft:diamond_sword":15,"minecraft:wither_rose":2,"minecraft:enchanted_book":1,"minecraft:amethyst_block":3,"minecraft:soul_soil":2,"minecraft:string":81,"minecraft:shroomlight":22,"minecraft:beetroot":2,"minecraft:gold_nugget":9,"minecraft:cobbled_deepslate":7105,"minecraft:spruce_planks":44,"minecraft:coal_block":6,"minecraft:melon_slice":6,"iceandfire:silver_ore":8,"minecraft:acacia_log":433,"paraglider:kakariko_goddess_statue":2,"easy_villagers:iron_farm":1,"minecraft:golden_chestplate":1,"minecraft:stone_sword":1,"vampirism:blood_bottle":8,"vampirism:blood_grinder":3,"minecraft:blaze_rod":2,"minecraft:feather":4,"minecraft:jungle_log":206,"minecraft:flint":13,"minecraft:gray_concrete":9,"minecraft:lantern":11,"minecraft:stonecutter":1,"minecraft:glowstone_dust":42,"minecraft:stripped_acacia_wood":3,"iceandfire:shiny_scales":11,"minecraft:bundle":1,"minecraft:stripped_acacia_log":7,"minecraft:deepslate":33,"minecraft:deepslate_gold_ore":1,"minecraft:granite":435,"minecraft:golden_horse_armor":1,"minecraft:crimson_roots":40,"iceandfire:dragon_skull_lightning":6,"minecraft:crafting_table":3,"iceandfire:witherbone":4,"minecraft:nether_wart":45,"travelersbackpack:sandstone":1,"minecraft:red_bed":15,"vampirism:totem_base":2,"minecraft:deepslate_diamond_ore":35,"minecraft:beef":92,"minecraft:jungle_sapling":27,"minecraft:poppy":27,"minecraft:spruce_slab":6,"minecraft:quartz_stairs":6,"minecraft:chest":1,"minecraft:egg":6,"minecraft:carrot":36,"minecraft:redstone":160,"minecraft:prismarine_crystals":4,"minecraft:beetroot_seeds":4,"minecraft:hay_block":74,"minecraft:gold_ingot":1,"minecraft:glow_berries":5,"minecraft:mutton":22,"minecraft:rail":1,"minecraft:white_wool":14,"minecraft:acacia_wood":8,"minecraft:filled_map":1,"minecraft:oak_log":22,"minecraft:white_banner":3,"minecraft:apple":9,"minecraft:stone_bricks":55,"minecraft:kelp":5,"guideapi_vp:vampirism-guidebook":1,"tombstone:bag_of_seeds":2,"minecraft:glass_bottle":20,"minecraft:iron_sword":3,"iceandfire:copper_nugget":14,"minecraft:smooth_basalt":20,"minecraft:gravel":116,"minecraft:crying_obsidian":1,"travelersbackpack:standard":12,"vampirism:blood_container":8,"minecraft:painting":14,"minecraft:warped_roots":1,"vampirism:vampire_orchid":1,"minecraft:melon_seeds":2,"minecraft:warped_nylium":2,"minecraft:mangrove_propagule":2,"minecraft:ender_pearl":5,"minecraft:wheat":314,"minecraft:redstone_block":1,"tombstone:tablet_of_home":1,"minecraft:nether_brick":4,"minecraft:potion":3,"minecraft:stone_brick_stairs":13,"minecraft:crimson_planks":56,"minecraft:raw_copper":71,"minecraft:smooth_stone_slab":8,"minecraft:iron_leggings":2,"minecraft:calcite":17,"minecraft:smooth_quartz":5,"minecraft:iron_pickaxe":2,"minecraft:furnace":4,"minecraft:stick":124,"minecraft:acacia_fence":3,"minecraft:torch":45,"minecraft:porkchop":130,"minecraft:pointed_dripstone":10,"tombstone:grave_dust":23,"vampirism:vampire_fang":10,"minecraft:rotten_flesh":103,"minecraft:obsidian":25,"minecraft:blaze_powder":5,"minecraft:cobblestone":1683,"paraglider:paraglider":1,"minecraft:magma_cream":11,"minecraft:andesite":277,"minecraft:chiseled_quartz_block":3,"minecraft:potato":221,"paraglider:spirit_orb":10,"minecraft:tuff":149,"minecraft:acacia_boat":1,"minecraft:wither_skeleton_skull":3,"minecraft:lapis_lazuli":65,"minecraft:dirt":4529,"minecraft:glass":26,"minecraft:bone":36,"minecraft:acacia_planks":146,"minecraft:bow":3,"minecraft:wheat_seeds":1251,"easy_villagers:trader":3,"minecraft:raw_gold":75,"vampirism:item_garlic":4,"minecraft:bamboo":33,"vampirism:totem_top_crafted":2,"vampirism:blood_sieve":1,"minecraft:cooked_porkchop":3,"justhammers:iron_hammer":3,"minecraft:jungle_planks":11,"minecraft:sand":221,"minecraft:grass_block":2,"iceandfire:podium_dark_oak":1,"minecraft:jungle_slab":49,"travelersbackpack:white_sleeping_bag":2,"minecraft:light_gray_concrete":27,"minecraft:diamond":85,"waystones:waystone":14,"minecraft:crossbow":2,"travelersbackpack:nether":1,"minecraft:bone_meal":8,"minecraft:emerald":7,"minecraft:oak_sapling":46,"iceandfire:silver_nugget":10,"minecraft:netherrack":312,"minecraft:andesite_slab":2,"minecraft:cocoa_beans":8,"minecraft:chicken":4,"iceandfire:fire_lily":1,"minecraft:gold_block":3,"minecraft:shield":2,"minecraft:item_frame":1,"minecraft:player_head":7,"minecraft:light_gray_wool":1,"minecraft:sugar_cane":334,"minecraft:phantom_membrane":1,"minecraft:raw_iron":25,"iceandfire:dragonbone":20,"minecraft:purple_terracotta":2,"minecraft:weeping_vines":11,"iceandfire:sea_serpent_scales_purple":4,"minecraft:arrow":21,"minecraft:nether_bricks":1,"minecraft:saddle":3,"minecraft:skeleton_skull":1,"minecraft:air":0,"minecraft:golden_carrot":11,"minecraft:crimson_stem":19,"minecraft:leather":56,"minecraft:birch_planks":2,"minecraft:crimson_fungus":1,"minecraft:chainmail_chestplate":1,"iceandfire:ectoplasm":1,"minecraft:nether_wart_block":70,"minecraft:gunpowder":11,"minecraft:cobblestone_stairs":4,"vampirism:human_heart":3,"minecraft:iron_ingot":3,"minecraft:soul_sand":38,"minecraft:acacia_sapling":86,"minecraft:warped_fungus":1,"minecraft:quartz":26,"minecraft:dandelion":11,"minecraft:dripstone_block":5,"minecraft:amethyst_shard":64,"minecraft:blast_furnace":3,"minecraft:spider_eye":18,"travelersbackpack:fox":3,"vampirism:altar_tip":3,"minecraft:chainmail_leggings":1,"minecraft:iron_helmet":1,"tombstone:magic_scroll":2,"minecraft:acacia_slab":1,"minecraft:damaged_anvil":2,"minecraft:coal":112},"minecraft:custom":{"minecraft:interact_with_crafting_table":81,"minecraft:open_barrel":35,"minecraft:bell_ring":14,"minecraft:leave_game":38,"minecraft:time_since_death":119368,"minecraft:damage_blocked_by_shield":465,"minecraft:play_time":1864727,"minecraft:deaths":19,"minecraft:jump":18364,"minecraft:interact_with_furnace":99,"minecraft:traded_with_villager":23,"minecraft:sleep_in_bed":50,"minecraft:waystone_activated":18,"minecraft:damage_dealt":90180,"tombstone:undead_killed":109,"minecraft:interact_with_smoker":7,"minecraft:use_cauldron":4,"minecraft:interact_with_smithing_table":9,"minecraft:interact_with_anvil":1,"vampirism:infected_creatures":1,"minecraft:sneak_time":45383,"minecraft:interact_with_blast_furnace":5,"minecraft:total_world_time":1864727,"vampirism:win_village_capture":1,"tombstone:raider_killed":31,"minecraft:tune_noteblock":1,"minecraft:interact_with_stonecutter":1,"tombstone:pray_on_grave":1,"minecraft:time_since_rest":116969,"tombstone:cast_on_ally":0,"minecraft:swim_one_cm":203788,"minecraft:fly_one_cm":5958719,"minecraft:open_chest":1016,"minecraft:fall_one_cm":303662,"minecraft:animals_bred":25,"minecraft:damage_resisted":429,"minecraft:sprint_one_cm":3167499,"minecraft:drop":581,"minecraft:talked_to_villager":41,"minecraft:walk_on_water_one_cm":150440,"tombstone:steal_effect":16,"minecraft:player_kills":1,"minecraft:crouch_one_cm":158684,"tombstone:villager_killed":2,"minecraft:mob_kills":386,"minecraft:damage_dealt_resisted":1017,"minecraft:climb_one_cm":41429,"minecraft:walk_one_cm":3589523,"vampirism:capture_village":1,"minecraft:walk_under_water_one_cm":97963,"minecraft:boat_one_cm":763292,"minecraft:raid_trigger":1,"minecraft:damage_taken":222658,"minecraft:trigger_trapped_chest":2},"minecraft:broken":{"minecraft:golden_boots":1,"minecraft:iron_chestplate":1,"minecraft:iron_leggings":1,"minecraft:diamond_shovel":2,"minecraft:iron_helmet":2,"minecraft:iron_shovel":3,"minecraft:diamond_hoe":1},"minecraft:dropped":{"minecraft:iron_sword":1,"minecraft:acacia_wood":4,"minecraft:porkchop":3,"minecraft:cooked_porkchop":1,"minecraft:crossbow":1,"minecraft:weeping_vines":9,"minecraft:warped_roots":1,"travelersbackpack:iron_tier_upgrade":1,"minecraft:rail":1,"minecraft:dirt":20,"minecraft:gray_concrete":8,"minecraft:jungle_sapling":19,"minecraft:gold_nugget":1,"minecraft:bone_meal":16,"minecraft:sand":2,"minecraft:bone":14,"minecraft:sugar_cane":3,"minecraft:golden_chestplate":1,"minecraft:cobbled_deepslate":4563,"minecraft:nether_brick":4,"minecraft:wheat":32,"minecraft:rotten_flesh":78,"minecraft:oak_planks":1,"justhammers:iron_hammer":9,"minecraft:acacia_sapling":27,"minecraft:spruce_slab":6,"minecraft:glass":14,"minecraft:beef":1,"minecraft:crying_obsidian":1,"minecraft:acacia_fence":3,"minecraft:egg":1,"minecraft:crimson_planks":116,"minecraft:wheat_seeds":244,"minecraft:prismarine_crystals":4,"minecraft:iron_helmet":1,"minecraft:cobblestone":375,"minecraft:book":2,"minecraft:granite":268,"minecraft:coal":99,"minecraft:coal_block":1,"minecraft:jungle_slab":12,"minecraft:chainmail_leggings":1,"minecraft:iron_shovel":1,"minecraft:string":23,"minecraft:acacia_planks":48,"minecraft:furnace":3,"minecraft:soul_soil":2,"minecraft:stone_sword":1,"minecraft:smooth_stone_slab":4,"minecraft:deepslate":33,"minecraft:light_gray_concrete":25,"minecraft:diamond_sword":6,"minecraft:shroomlight":14,"minecraft:bundle":1,"minecraft:spruce_planks":68,"vampirism:crossbow_arrow_normal":2,"minecraft:spider_eye":5,"minecraft:bow":2,"vampirism:totem_top_crafted":1,"minecraft:soul_sand":7,"minecraft:warped_fungus":1,"minecraft:leather":3,"minecraft:honeycomb":53,"travelersbackpack:standard":4,"paraglider:spirit_orb":6,"minecraft:cobblestone_stairs":8,"minecraft:flint":3,"minecraft:crimson_roots":39,"paraglider:paraglider":2,"minecraft:gravel":15,"minecraft:crimson_fungus":1,"minecraft:andesite_slab":2,"minecraft:beetroot":2,"vampirism:blood_bottle":1,"travelersbackpack:gold_tier_upgrade":1,"minecraft:poppy":605,"minecraft:gunpowder":4,"minecraft:skeleton_skull":1,"minecraft:beetroot_seeds":3,"minecraft:acacia_slab":1,"minecraft:chest":1,"minecraft:arrow":3,"minecraft:netherrack":153,"minecraft:bread":25,"minecraft:prismarine_shard":2,"minecraft:amethyst_block":2,"minecraft:grass_block":1,"minecraft:stick":8,"minecraft:torch":2,"minecraft:nether_wart_block":14,"minecraft:smooth_quartz":5,"tombstone:grave_dust":7,"minecraft:iron_leggings":2,"minecraft:tripwire_hook":1,"iceandfire:dragonbone":3,"minecraft:dandelion":11,"minecraft:redstone_block":1,"minecraft:smooth_basalt":20,"minecraft:kelp":5,"minecraft:warped_nylium":2,"minecraft:chiseled_quartz_block":3,"minecraft:tuff":149,"minecraft:raw_iron":2,"minecraft:light_gray_wool":1,"iceandfire:silver_ore":6,"minecraft:stripped_acacia_wood":3,"minecraft:filled_map":1,"vampirism:totem_base":1,"minecraft:shield":1,"minecraft:andesite":165,"minecraft:quartz_stairs":4,"minecraft:oak_sapling":1,"minecraft:calcite":15}},"DataVersion":3120}