{"stats":{"minecraft:dropped":{"minecraft:rotten_flesh":1,"minecraft:diamond_sword":1},"minecraft:killed":{"minecraft:spider":1},"minecraft:mined":{"minecraft:grass":13,"minecraft:tall_grass":2,"minecraft:wall_torch":1},"minecraft:custom":{"minecraft:open_chest":6,"minecraft:time_since_rest":1330,"minecraft:crouch_one_cm":124,"minecraft:sprint_one_cm":14688,"minecraft:play_time":5255,"minecraft:damage_taken":21,"minecraft:walk_one_cm":11786,"minecraft:sneak_time":45,"minecraft:mob_kills":2,"minecraft:drop":2,"minecraft:jump":124,"minecraft:damage_dealt":352,"minecraft:leave_game":3,"minecraft:time_since_death":5255,"minecraft:sleep_in_bed":1,"minecraft:total_world_time":5255,"minecraft:talked_to_villager":1,"minecraft:fall_one_cm":2898,"minecraft:fly_one_cm":29506},"minecraft:used":{"minecraft:torch":1,"minecraft:diamond_sword":8,"minecraft:melon_slice":2},"minecraft:picked_up":{"minecraft:rotten_flesh":1,"minecraft:wheat_seeds":2,"minecraft:torch":1,"minecraft:diamond_sword":1,"minecraft:string":1}},"DataVersion":3120}