{"stats":{"minecraft:dropped":{"minecraft:rotten_flesh":1,"minecraft:diamond_sword":1},"minecraft:killed":{"minecraft:spider":1},"minecraft:mined":{"minecraft:grass":13,"minecraft:tall_grass":2,"minecraft:wall_torch":1},"minecraft:custom":{"minecraft:open_chest":8,"minecraft:time_since_rest":48363,"minecraft:crouch_one_cm":124,"minecraft:sprint_one_cm":15486,"minecraft:play_time":52288,"minecraft:damage_taken":21,"minecraft:walk_one_cm":13393,"minecraft:sneak_time":45,"minecraft:mob_kills":2,"minecraft:drop":2,"minecraft:jump":127,"minecraft:damage_dealt":352,"minecraft:leave_game":4,"minecraft:time_since_death":52288,"minecraft:sleep_in_bed":1,"minecraft:total_world_time":52288,"minecraft:talked_to_villager":1,"minecraft:fall_one_cm":2898,"minecraft:fly_one_cm":30337},"minecraft:used":{"minecraft:torch":1,"minecraft:diamond_sword":8,"minecraft:melon_slice":2},"minecraft:picked_up":{"minecraft:rotten_flesh":1,"minecraft:wheat_seeds":2,"minecraft:torch":1,"minecraft:diamond_sword":1,"minecraft:string":1}},"DataVersion":3120}