{"stats":{"minecraft:mined":{"minecraft:spruce_planks":17,"minecraft:farmland":1,"iceandfire:copper_pile":2,"minecraft:jungle_slab":4,"minecraft:jungle_leaves":8,"minecraft:granite":2,"minecraft:acacia_log":46,"minecraft:grass_block":631,"minecraft:jungle_log":51,"minecraft:coal_block":5,"minecraft:spawner":3,"minecraft:cobbled_deepslate":1,"minecraft:fire":10,"minecraft:pointed_dripstone":5,"iceandfire:gold_pile":3,"minecraft:light_gray_concrete":15,"minecraft:spruce_slab":2,"minecraft:tripwire":1,"minecraft:deepslate_redstone_ore":20,"minecraft:amethyst_cluster":17,"minecraft:chiseled_quartz_block":3,"minecraft:torch":9,"minecraft:blast_furnace":1,"minecraft:poppy":7,"minecraft:melon":1,"minecraft:sugar_cane":40,"minecraft:wall_torch":15,"minecraft:amethyst_block":2,"minecraft:wheat":141,"minecraft:wither_rose":1,"minecraft:grass":1295,"minecraft:oak_log":12,"minecraft:dirt":91,"minecraft:sand":67,"minecraft:smooth_quartz":5,"minecraft:stonecutter":1,"minecraft:oak_leaves":39,"minecraft:deepslate":55,"iceandfire:silver_ore":1,"minecraft:quartz_stairs":4,"minecraft:deepslate_diamond_ore":57,"minecraft:purple_terracotta":2,"minecraft:jungle_planks":10,"minecraft:mangrove_propagule":1,"minecraft:hay_block":75,"minecraft:gold_block":1,"minecraft:potatoes":8,"minecraft:deepslate_iron_ore":8,"minecraft:vine":9,"minecraft:bamboo":3,"minecraft:stone":17,"minecraft:acacia_leaves":13,"minecraft:gray_concrete":11,"minecraft:dandelion":2,"travelersbackpack:standard":8,"minecraft:crafting_table":1,"minecraft:andesite_slab":2,"minecraft:tall_grass":105,"minecraft:deepslate_gold_ore":16,"vampirism:garlic":1,"iceandfire:silver_pile":3,"minecraft:gravel":33,"minecraft:dripstone_block":8,"minecraft:cobweb":4,"minecraft:stone_bricks":30,"minecraft:fern":2},"minecraft:killed_by":{"minecraft:creeper":1,"iceandfire:sea_serpent":1,"minecraft:zombie":1,"iceandfire:lightning_dragon":1,"iceandfire:cockatrice":1},"minecraft:killed":{"vampirism:vampire":2,"minecraft:witch":1,"vampirism:advanced_vampire":1,"minecraft:spider":9,"minecraft:skeleton":14,"minecraft:chicken":2,"minecraft:magma_cube":1,"minecraft:pig":29,"minecraft:creeper":3,"vampirism:hunter":6,"minecraft:sheep":3,"minecraft:pillager":5,"minecraft:zombie":20,"minecraft:cow":36,"iceandfire:sea_serpent":1,"minecraft:vindicator":15,"iceandfire:siren":1,"minecraft:drowned":2,"minecraft:squid":1,"minecraft:villager":2,"minecraft:enderman":1},"minecraft:used":{"minecraft:diamond_hoe":162,"minecraft:poppy":2,"minecraft:oak_sign":1,"minecraft:chest":27,"minecraft:stone":12,"minecraft:iron_sword":42,"securitycraft:keypad_item":1,"minecraft:jungle_planks":241,"minecraft:jungle_slab":3,"minecraft:acacia_sapling":12,"minecraft:glass":12,"minecraft:villager_spawn_egg":2,"minecraft:lantern":32,"minecraft:grass_block":39,"easy_villagers:iron_farm":1,"minecraft:stone_bricks":178,"minecraft:item_frame":16,"minecraft:hay_block":2,"minecraft:furnace":4,"minecraft:oak_sapling":1,"minecraft:acacia_fence":17,"minecraft:skeleton_skull":1,"minecraft:potato":18,"minecraft:diamond_axe":212,"minecraft:sugar_cane":47,"minecraft:blast_furnace":4,"minecraft:purple_terracotta":2,"minecraft:cobbled_deepslate_stairs":23,"waystones:waystone":10,"easy_villagers:villager":8,"minecraft:bread":90,"minecraft:melon_slice":2,"minecraft:lectern":1,"tombstone:grave_key":4,"minecraft:gravel":2,"minecraft:jungle_sign":6,"minecraft:diamond_sword":849,"minecraft:smithing_table":1,"minecraft:bone_meal":12,"minecraft:armor_stand":2,"minecraft:spruce_planks":3,"securitycraft:keypad_door_item":1,"minecraft:oak_door":2,"minecraft:torch":75,"minecraft:dirt":368,"minecraft:cobblestone_wall":45,"minecraft:stone_stairs":21,"minecraft:granite":38,"minecraft:oak_fence_gate":1,"minecraft:jungle_log":9,"easy_villagers:trader":1,"minecraft:melon_seeds":6,"tombstone:gift":5,"minecraft:cooked_beef":6,"minecraft:cobbled_deepslate":166,"minecraft:orange_terracotta":1,"minecraft:wheat_seeds":203,"minecraft:cooked_mutton":2,"minecraft:acacia_boat":1,"minecraft:water_bucket":23,"minecraft:cobblestone_stairs":33,"minecraft:dirt_path":31,"minecraft:baked_potato":14,"vampirism:item_garlic":2,"minecraft:fletching_table":5,"securitycraft:scanner_door_item":1,"minecraft:crafting_table":2,"minecraft:painting":6,"minecraft:smoker":3,"justhammers:iron_hammer":432,"minecraft:diamond_pickaxe":301,"minecraft:diamond_shovel":840,"minecraft:mangrove_propagule":2,"minecraft:jungle_stairs":4,"travelersbackpack:standard":14,"minecraft:cooked_porkchop":8,"minecraft:bucket":22,"minecraft:kelp":8},"minecraft:crafted":{"minecraft:stone":149,"minecraft:cooked_mutton":2,"minecraft:melon_seeds":6,"minecraft:chest":3,"easy_villagers:trader":1,"minecraft:stone_bricks":148,"travelersbackpack:iron_tier_upgrade":2,"minecraft:cooked_porkchop":12,"minecraft:crafting_table":1,"minecraft:acacia_slab":6,"travelersbackpack:standard":3,"minecraft:smithing_table":1,"minecraft:lectern":1,"minecraft:stick":12,"minecraft:gold_ingot":9,"minecraft:coal":45,"minecraft:furnace":1,"easy_villagers:iron_farm":1,"minecraft:wheat":72,"minecraft:cooked_beef":11,"paraglider:paraglider":2,"travelersbackpack:backpack_tank":2,"minecraft:bread":62,"minecraft:air":0,"vampirism:vampire_clothing_crown":1,"minecraft:acacia_planks":4},"minecraft:picked_up":{"minecraft:wheat":141,"minecraft:prismarine_shard":2,"minecraft:diamond_sword":6,"minecraft:potion":1,"minecraft:wither_rose":1,"minecraft:amethyst_block":2,"minecraft:string":18,"minecraft:iron_leggings":2,"minecraft:gold_nugget":8,"minecraft:cobbled_deepslate":3695,"minecraft:spruce_planks":17,"minecraft:calcite":15,"minecraft:smooth_quartz":5,"minecraft:melon_slice":6,"minecraft:coal_block":5,"minecraft:stick":29,"minecraft:torch":30,"minecraft:acacia_log":45,"iceandfire:silver_ore":1,"minecraft:porkchop":66,"vampirism:vampire_fang":1,"tombstone:grave_dust":4,"minecraft:pointed_dripstone":10,"vampirism:blood_bottle":1,"minecraft:rotten_flesh":32,"minecraft:blaze_powder":5,"minecraft:cobblestone":92,"minecraft:feather":2,"minecraft:jungle_log":53,"minecraft:andesite":1,"minecraft:chiseled_quartz_block":3,"minecraft:potato":27,"paraglider:spirit_orb":2,"minecraft:flint":3,"minecraft:tuff":126,"minecraft:acacia_boat":1,"minecraft:dirt":789,"minecraft:lapis_lazuli":40,"minecraft:gray_concrete":9,"minecraft:bone":15,"minecraft:glass":26,"minecraft:acacia_planks":47,"minecraft:stonecutter":1,"minecraft:bow":1,"minecraft:wheat_seeds":544,"minecraft:raw_gold":23,"vampirism:item_garlic":4,"minecraft:bamboo":33,"justhammers:iron_hammer":1,"minecraft:jungle_planks":11,"iceandfire:shiny_scales":4,"minecraft:sand":66,"minecraft:jungle_slab":6,"travelersbackpack:white_sleeping_bag":2,"minecraft:light_gray_concrete":15,"minecraft:diamond":62,"waystones:waystone":9,"minecraft:granite":2,"minecraft:emerald":7,"minecraft:oak_sapling":6,"iceandfire:silver_nugget":10,"minecraft:andesite_slab":2,"iceandfire:dragon_skull_lightning":1,"minecraft:cocoa_beans":8,"minecraft:crafting_table":1,"minecraft:chicken":2,"minecraft:gold_block":1,"minecraft:item_frame":1,"minecraft:beef":69,"minecraft:jungle_sapling":2,"minecraft:poppy":10,"minecraft:spruce_slab":6,"minecraft:sugar_cane":63,"minecraft:quartz_stairs":6,"minecraft:egg":1,"minecraft:raw_iron":13,"iceandfire:dragonbone":17,"minecraft:redstone":151,"minecraft:prismarine_crystals":4,"minecraft:purple_terracotta":2,"iceandfire:sea_serpent_scales_purple":4,"minecraft:arrow":11,"minecraft:hay_block":74,"minecraft:mutton":2,"minecraft:white_wool":2,"minecraft:leather":33,"minecraft:filled_map":1,"minecraft:oak_log":17,"iceandfire:ectoplasm":1,"minecraft:gunpowder":2,"vampirism:human_heart":3,"minecraft:stone_bricks":30,"minecraft:kelp":5,"guideapi_vp:vampirism-guidebook":1,"minecraft:iron_ingot":3,"minecraft:glass_bottle":2,"minecraft:acacia_sapling":7,"minecraft:iron_sword":2,"iceandfire:copper_nugget":14,"minecraft:smooth_basalt":20,"minecraft:dandelion":1,"minecraft:dripstone_block":5,"minecraft:gravel":28,"minecraft:amethyst_shard":64,"minecraft:blast_furnace":1,"minecraft:spider_eye":4,"travelersbackpack:standard":8,"tombstone:magic_scroll":1,"minecraft:acacia_slab":1,"minecraft:melon_seeds":2,"minecraft:mangrove_propagule":2,"minecraft:coal":44,"minecraft:ender_pearl":1},"minecraft:custom":{"minecraft:interact_with_crafting_table":27,"minecraft:open_barrel":13,"minecraft:bell_ring":14,"minecraft:leave_game":14,"minecraft:time_since_death":53720,"minecraft:sprint_one_cm":938276,"minecraft:drop":206,"minecraft:talked_to_villager":30,"minecraft:play_time":682793,"minecraft:deaths":9,"minecraft:jump":6446,"minecraft:walk_on_water_one_cm":83075,"minecraft:interact_with_furnace":31,"minecraft:sleep_in_bed":21,"minecraft:waystone_activated":12,"minecraft:damage_dealt":36079,"minecraft:player_kills":1,"minecraft:crouch_one_cm":26846,"tombstone:undead_killed":36,"tombstone:villager_killed":2,"minecraft:interact_with_smoker":7,"minecraft:interact_with_smithing_table":2,"minecraft:mob_kills":166,"minecraft:damage_dealt_resisted":526,"minecraft:climb_one_cm":16527,"minecraft:walk_one_cm":1118675,"minecraft:sneak_time":8488,"minecraft:walk_under_water_one_cm":58968,"minecraft:boat_one_cm":763292,"minecraft:interact_with_blast_furnace":4,"minecraft:total_world_time":682793,"tombstone:raider_killed":21,"minecraft:tune_noteblock":1,"minecraft:interact_with_stonecutter":1,"minecraft:time_since_rest":13805,"minecraft:damage_taken":7282,"minecraft:trigger_trapped_chest":1,"minecraft:swim_one_cm":121084,"minecraft:fly_one_cm":1760775,"minecraft:open_chest":342,"minecraft:fall_one_cm":131356},"minecraft:broken":{"minecraft:iron_chestplate":1,"minecraft:iron_leggings":1,"minecraft:iron_helmet":1},"minecraft:dropped":{"minecraft:porkchop":2,"travelersbackpack:iron_tier_upgrade":1,"travelersbackpack:standard":4,"minecraft:flint":3,"minecraft:dirt":3,"minecraft:gray_concrete":8,"minecraft:sand":2,"paraglider:paraglider":1,"minecraft:gravel":3,"minecraft:cobbled_deepslate":3694,"minecraft:andesite_slab":2,"minecraft:wheat":32,"minecraft:rotten_flesh":16,"justhammers:iron_hammer":6,"minecraft:poppy":8,"minecraft:skeleton_skull":1,"minecraft:acacia_slab":1,"minecraft:spruce_slab":6,"minecraft:glass":14,"minecraft:wheat_seeds":94,"minecraft:prismarine_shard":2,"minecraft:cobblestone":6,"minecraft:prismarine_crystals":4,"minecraft:amethyst_block":2,"minecraft:coal":96,"minecraft:stick":6,"minecraft:jungle_slab":3,"minecraft:smooth_quartz":5,"minecraft:iron_leggings":2,"minecraft:acacia_planks":39,"minecraft:dandelion":1,"minecraft:smooth_basalt":20,"minecraft:kelp":5,"minecraft:chiseled_quartz_block":3,"minecraft:tuff":126,"minecraft:light_gray_concrete":13,"minecraft:filled_map":1,"minecraft:diamond_sword":3,"minecraft:andesite":1,"minecraft:quartz_stairs":4,"minecraft:oak_sapling":1,"minecraft:spider_eye":1,"minecraft:calcite":15}},"DataVersion":3120}