{"stats":{"minecraft:crafted":{"minecraft:crafting_table":1,"minecraft:furnace":1,"minecraft:bucket":1,"minecraft:stick":4,"minecraft:acacia_planks":32},"minecraft:dropped":{"minecraft:wheat_seeds":11,"minecraft:raw_copper":14,"minecraft:tuff":33,"minecraft:rotten_flesh":3,"minecraft:diamond_shovel":1,"minecraft:granite":95,"justhammers:stone_hammer":1,"minecraft:dirt":4,"minecraft:diorite":6,"minecraft:diamond_pickaxe":1,"minecraft:iron_chestplate":1,"minecraft:andesite":1,"minecraft:melon_slice":25,"minecraft:arrow":1,"minecraft:string":2,"minecraft:acacia_planks":1},"minecraft:killed":{"vampirism:vampire":1,"minecraft:witch":1,"minecraft:spider":2,"minecraft:creeper":1,"minecraft:skeleton":3,"minecraft:trader_llama":2,"minecraft:zombie":3,"minecraft:chicken":1,"minecraft:cow":7},"minecraft:custom":{"minecraft:interact_with_furnace":2,"minecraft:mob_kills":20,"tombstone:raider_killed":1,"minecraft:interact_with_crafting_table":5,"minecraft:bell_ring":190,"minecraft:damage_dealt_resisted":245,"minecraft:leave_game":9,"minecraft:time_since_death":63431,"minecraft:sleep_in_bed":10,"minecraft:climb_one_cm":32,"minecraft:time_since_rest":1694,"minecraft:waystone_activated":3,"minecraft:sprint_one_cm":291811,"minecraft:damage_taken":1146,"minecraft:walk_one_cm":432928,"minecraft:drop":33,"minecraft:damage_dealt":4598,"minecraft:swim_one_cm":42525,"minecraft:talked_to_villager":8,"minecraft:player_kills":1,"minecraft:fly_one_cm":690240,"minecraft:open_chest":26,"minecraft:play_time":227250,"minecraft:crouch_one_cm":5476,"minecraft:sneak_time":2025,"tombstone:undead_killed":6,"minecraft:deaths":2,"minecraft:walk_under_water_one_cm":10005,"minecraft:jump":2366,"minecraft:walk_on_water_one_cm":17117,"minecraft:total_world_time":227250,"minecraft:interact_with_smoker":1,"minecraft:fall_one_cm":44945},"minecraft:mined":{"minecraft:deepslate_redstone_ore":15,"minecraft:tuff":1,"minecraft:acacia_leaves":4,"minecraft:glass_pane":1,"minecraft:attached_melon_stem":1,"minecraft:farmland":3,"minecraft:smoker":1,"minecraft:crafting_table":3,"minecraft:torch":1,"minecraft:granite":14,"minecraft:acacia_log":9,"minecraft:grass_block":64,"minecraft:melon":54,"minecraft:tall_grass":33,"minecraft:deepslate_gold_ore":13,"minecraft:sugar_cane":4,"minecraft:wall_torch":1,"minecraft:deepslate_copper_ore":4,"minecraft:hay_block":58,"minecraft:iron_ore":1,"minecraft:wheat":27,"minecraft:grass":406,"minecraft:coal_ore":37,"minecraft:dirt_path":141,"minecraft:deepslate_iron_ore":9,"minecraft:water_cauldron":2,"minecraft:gravel":2,"minecraft:acacia_door":1,"minecraft:dirt":25,"minecraft:acacia_planks":4,"minecraft:stone":80,"minecraft:stone_bricks":1,"minecraft:deepslate":126},"minecraft:used":{"minecraft:wheat_seeds":23,"minecraft:acacia_log":5,"minecraft:diamond_hoe":91,"minecraft:chest":1,"minecraft:diamond_axe":139,"minecraft:bell":1,"minecraft:torch":7,"minecraft:dirt":199,"minecraft:red_bed":17,"minecraft:crafting_table":4,"minecraft:acacia_sapling":2,"justhammers:iron_hammer":70,"minecraft:smoker":1,"minecraft:oak_fence_gate":2,"waystones:waystone":2,"minecraft:diamond_pickaxe":311,"minecraft:diamond_shovel":644,"minecraft:acacia_door":2,"minecraft:grass_block":322,"minecraft:melon_slice":71,"justhammers:stone_hammer":54,"minecraft:melon_seeds":3,"minecraft:stone_bricks":1,"minecraft:item_frame":1,"minecraft:diamond_sword":36,"minecraft:hay_block":58,"minecraft:furnace":1,"minecraft:acacia_fence":78,"minecraft:bucket":1,"tombstone:gift":1,"minecraft:cobbled_deepslate":39,"minecraft:acacia_planks":2},"minecraft:killed_by":{"minecraft:skeleton":1,"minecraft:creeper":1},"minecraft:picked_up":{"minecraft:crafting_table":3,"minecraft:iron_chestplate":1,"minecraft:wheat":15,"minecraft:chicken":1,"minecraft:glow_ink_sac":4,"minecraft:andesite":1,"minecraft:leather":5,"minecraft:lead":2,"minecraft:smoker":1,"minecraft:tuff":33,"minecraft:gunpowder":1,"minecraft:dirt":220,"minecraft:string":7,"minecraft:raw_copper":14,"minecraft:acacia_door":2,"minecraft:item_frame":1,"minecraft:bone":1,"minecraft:acacia_planks":3,"minecraft:stone_bricks":1,"minecraft:wheat_seeds":122,"minecraft:cobbled_deepslate":896,"minecraft:raw_gold":13,"minecraft:beef":14,"minecraft:melon_slice":309,"minecraft:sugar_cane":10,"minecraft:acacia_sapling":2,"minecraft:stick":2,"minecraft:raw_iron":14,"minecraft:torch":3,"vampirism:ring":1,"minecraft:acacia_log":9,"justhammers:stone_hammer":1,"minecraft:diorite":6,"vampirism:vampire_fang":1,"minecraft:redstone":62,"minecraft:cauldron":2,"minecraft:diamond_shovel":1,"minecraft:arrow":1,"minecraft:rotten_flesh":3,"minecraft:diamond":12,"waystones:waystone":2,"minecraft:hay_block":58,"minecraft:diamond_axe":1,"minecraft:granite":95,"minecraft:melon_seeds":3,"minecraft:coal":37,"minecraft:cobblestone":55,"minecraft:diamond_pickaxe":1}},"DataVersion":3120}