{"stats":{"minecraft:crafted":{"minecraft:coal":36,"minecraft:melon_seeds":6,"minecraft:chest":2,"minecraft:wheat":45,"travelersbackpack:iron_tier_upgrade":2,"travelersbackpack:backpack_tank":2,"travelersbackpack:standard":3,"minecraft:smithing_table":1,"minecraft:bread":38,"minecraft:gold_ingot":9,"vampirism:vampire_clothing_crown":1},"minecraft:dropped":{"minecraft:wheat_seeds":76,"minecraft:cobblestone":6,"minecraft:amethyst_block":2,"travelersbackpack:iron_tier_upgrade":1,"travelersbackpack:standard":3,"minecraft:coal":96,"minecraft:stick":6,"minecraft:dirt":1,"minecraft:gray_concrete":8,"minecraft:smooth_quartz":5,"minecraft:iron_leggings":1,"minecraft:sand":1,"minecraft:smooth_basalt":20,"minecraft:gravel":3,"minecraft:chiseled_quartz_block":3,"minecraft:cobbled_deepslate":3692,"minecraft:tuff":126,"minecraft:rotten_flesh":3,"minecraft:light_gray_concrete":13,"justhammers:iron_hammer":6,"minecraft:filled_map":1,"minecraft:diamond_sword":1,"minecraft:poppy":3,"minecraft:quartz_stairs":4,"minecraft:acacia_slab":1,"minecraft:glass":14,"minecraft:calcite":15},"minecraft:killed":{"vampirism:advanced_vampire":1,"minecraft:spider":4,"minecraft:skeleton":9,"minecraft:chicken":1,"minecraft:magma_cube":1,"minecraft:pig":23,"minecraft:creeper":1,"minecraft:squid":1,"vampirism:hunter":6,"minecraft:pillager":2,"minecraft:zombie":5,"minecraft:villager":2,"minecraft:cow":24,"minecraft:enderman":1},"minecraft:mined":{"minecraft:farmland":1,"minecraft:quartz_stairs":4,"minecraft:deepslate_diamond_ore":49,"minecraft:granite":2,"minecraft:acacia_log":7,"minecraft:grass_block":194,"minecraft:jungle_planks":6,"minecraft:coal_block":4,"minecraft:mangrove_propagule":1,"minecraft:spawner":2,"minecraft:hay_block":25,"minecraft:cobbled_deepslate":1,"minecraft:gold_block":1,"minecraft:deepslate_iron_ore":8,"minecraft:light_gray_concrete":15,"minecraft:stone":16,"minecraft:tripwire":1,"minecraft:deepslate_redstone_ore":12,"minecraft:acacia_leaves":6,"minecraft:gray_concrete":11,"minecraft:amethyst_cluster":17,"travelersbackpack:standard":3,"minecraft:chiseled_quartz_block":3,"minecraft:crafting_table":1,"minecraft:torch":3,"minecraft:poppy":4,"minecraft:melon":1,"minecraft:tall_grass":52,"minecraft:deepslate_gold_ore":16,"minecraft:sugar_cane":14,"minecraft:wall_torch":8,"minecraft:amethyst_block":2,"minecraft:wheat":52,"minecraft:grass":650,"vampirism:garlic":1,"minecraft:oak_log":4,"minecraft:dirt":68,"minecraft:gravel":7,"minecraft:sand":65,"minecraft:smooth_quartz":5,"minecraft:cobweb":1,"minecraft:stonecutter":1,"minecraft:oak_leaves":7,"minecraft:deepslate":54},"minecraft:custom":{"minecraft:interact_with_smithing_table":2,"minecraft:mob_kills":88,"minecraft:interact_with_crafting_table":8,"minecraft:open_barrel":1,"minecraft:bell_ring":14,"minecraft:damage_dealt_resisted":526,"minecraft:leave_game":8,"minecraft:time_since_death":146216,"minecraft:climb_one_cm":9240,"minecraft:sprint_one_cm":503403,"minecraft:walk_one_cm":616727,"minecraft:drop":149,"minecraft:talked_to_villager":27,"minecraft:play_time":384284,"minecraft:deaths":4,"minecraft:sneak_time":5892,"minecraft:walk_under_water_one_cm":11609,"minecraft:boat_one_cm":143921,"minecraft:jump":3139,"minecraft:interact_with_blast_furnace":1,"minecraft:walk_on_water_one_cm":30787,"minecraft:total_world_time":384284,"minecraft:interact_with_furnace":7,"tombstone:raider_killed":2,"minecraft:sleep_in_bed":9,"minecraft:time_since_rest":68405,"minecraft:waystone_activated":7,"minecraft:damage_taken":2504,"minecraft:damage_dealt":16715,"minecraft:swim_one_cm":30483,"minecraft:fly_one_cm":854503,"minecraft:player_kills":1,"minecraft:open_chest":206,"minecraft:crouch_one_cm":19687,"tombstone:undead_killed":14,"tombstone:villager_killed":2,"minecraft:interact_with_smoker":2,"minecraft:fall_one_cm":70288},"minecraft:used":{"minecraft:armor_stand":2,"minecraft:diamond_hoe":113,"minecraft:oak_sign":1,"minecraft:chest":26,"minecraft:stone":8,"minecraft:iron_sword":42,"minecraft:oak_door":2,"minecraft:torch":38,"minecraft:dirt":209,"minecraft:jungle_planks":237,"minecraft:stone_stairs":21,"minecraft:granite":38,"minecraft:glass":8,"minecraft:villager_spawn_egg":2,"minecraft:lantern":20,"minecraft:grass_block":2,"minecraft:melon_seeds":6,"minecraft:item_frame":14,"minecraft:hay_block":2,"minecraft:furnace":3,"minecraft:oak_sapling":1,"minecraft:acacia_fence":6,"tombstone:gift":4,"minecraft:potato":8,"minecraft:cobbled_deepslate":131,"minecraft:wheat_seeds":112,"minecraft:acacia_boat":1,"minecraft:water_bucket":15,"minecraft:cobblestone_stairs":30,"minecraft:dirt_path":3,"vampirism:item_garlic":2,"minecraft:fletching_table":5,"minecraft:diamond_axe":28,"minecraft:crafting_table":1,"minecraft:blast_furnace":3,"minecraft:painting":6,"minecraft:smoker":3,"minecraft:cobbled_deepslate_stairs":23,"justhammers:iron_hammer":432,"waystones:waystone":5,"minecraft:diamond_pickaxe":221,"minecraft:diamond_shovel":352,"minecraft:bread":49,"minecraft:mangrove_propagule":2,"minecraft:melon_slice":2,"minecraft:lectern":1,"minecraft:jungle_stairs":4,"minecraft:gravel":2,"minecraft:jungle_sign":6,"minecraft:diamond_sword":472,"travelersbackpack:standard":2,"minecraft:smithing_table":1,"minecraft:bucket":13,"minecraft:kelp":8,"minecraft:bone_meal":2},"minecraft:picked_up":{"minecraft:crafting_table":1,"minecraft:wheat":52,"minecraft:chicken":1,"minecraft:diamond_sword":1,"minecraft:gold_block":1,"minecraft:amethyst_block":2,"minecraft:string":10,"minecraft:iron_leggings":1,"minecraft:item_frame":1,"minecraft:cobbled_deepslate":3693,"minecraft:beef":46,"minecraft:calcite":15,"minecraft:poppy":3,"minecraft:smooth_quartz":5,"minecraft:coal_block":4,"minecraft:melon_slice":6,"minecraft:quartz_stairs":6,"minecraft:sugar_cane":24,"minecraft:egg":1,"minecraft:stick":11,"minecraft:raw_iron":13,"minecraft:torch":12,"minecraft:acacia_log":7,"minecraft:porkchop":45,"tombstone:grave_dust":2,"minecraft:redstone":114,"minecraft:arrow":6,"vampirism:blood_bottle":1,"minecraft:rotten_flesh":7,"minecraft:hay_block":25,"minecraft:cobblestone":92,"minecraft:blaze_powder":5,"minecraft:leather":24,"minecraft:chiseled_quartz_block":3,"minecraft:filled_map":1,"minecraft:tuff":126,"minecraft:oak_log":4,"minecraft:acacia_boat":1,"minecraft:lapis_lazuli":40,"minecraft:gray_concrete":9,"minecraft:dirt":260,"minecraft:bone":10,"minecraft:glass":26,"vampirism:human_heart":3,"minecraft:stonecutter":1,"minecraft:bow":1,"minecraft:wheat_seeds":214,"minecraft:raw_gold":23,"guideapi_vp:vampirism-guidebook":1,"vampirism:item_garlic":4,"minecraft:smooth_basalt":20,"minecraft:gravel":5,"justhammers:iron_hammer":1,"minecraft:jungle_planks":6,"minecraft:sand":65,"minecraft:amethyst_shard":64,"minecraft:spider_eye":2,"travelersbackpack:white_sleeping_bag":2,"travelersbackpack:standard":3,"minecraft:light_gray_concrete":15,"minecraft:diamond":54,"waystones:waystone":4,"minecraft:granite":2,"tombstone:magic_scroll":1,"minecraft:oak_sapling":2,"minecraft:acacia_slab":1,"minecraft:mangrove_propagule":2,"minecraft:ender_pearl":1}},"DataVersion":3120}