{"stats":{"minecraft:broken":{"minecraft:iron_chestplate":1,"minecraft:iron_leggings":1,"minecraft:diamond_shovel":1,"minecraft:iron_helmet":1},"minecraft:mined":{"minecraft:spruce_planks":17,"minecraft:farmland":1,"iceandfire:copper_pile":2,"minecraft:jungle_slab":4,"minecraft:jungle_leaves":8,"minecraft:granite":2,"minecraft:acacia_log":54,"minecraft:grass_block":979,"minecraft:jungle_log":51,"minecraft:coal_block":5,"minecraft:spawner":3,"minecraft:cobbled_deepslate":1,"minecraft:fire":10,"minecraft:pointed_dripstone":5,"iceandfire:gold_pile":3,"minecraft:light_gray_concrete":15,"minecraft:spruce_slab":2,"minecraft:tripwire":1,"minecraft:deepslate_redstone_ore":20,"minecraft:amethyst_cluster":17,"minecraft:chiseled_quartz_block":3,"minecraft:torch":18,"minecraft:blast_furnace":3,"minecraft:poppy":8,"minecraft:melon":1,"minecraft:sugar_cane":42,"minecraft:wall_torch":15,"minecraft:amethyst_block":2,"minecraft:wheat":141,"minecraft:wither_rose":1,"minecraft:stone_brick_stairs":13,"minecraft:grass":1399,"minecraft:oak_log":12,"minecraft:dirt":125,"minecraft:sand":71,"minecraft:smooth_quartz":5,"minecraft:stonecutter":1,"minecraft:oak_leaves":39,"minecraft:deepslate":55,"iceandfire:silver_ore":1,"minecraft:quartz_stairs":4,"minecraft:deepslate_diamond_ore":57,"minecraft:purple_terracotta":2,"minecraft:jungle_planks":10,"minecraft:mangrove_propagule":1,"minecraft:hay_block":75,"minecraft:furnace":2,"minecraft:gold_block":1,"minecraft:potatoes":8,"minecraft:deepslate_iron_ore":8,"minecraft:vine":9,"easy_villagers:trader":1,"minecraft:lantern":1,"minecraft:bamboo":3,"minecraft:stone":17,"minecraft:acacia_leaves":13,"minecraft:gray_concrete":11,"minecraft:dandelion":3,"travelersbackpack:standard":8,"minecraft:crafting_table":3,"minecraft:andesite_slab":2,"minecraft:tall_grass":105,"minecraft:deepslate_gold_ore":16,"vampirism:garlic":1,"iceandfire:silver_pile":3,"minecraft:gravel":58,"minecraft:dripstone_block":8,"minecraft:cobweb":4,"minecraft:stone_bricks":55,"minecraft:fern":2},"minecraft:custom":{"minecraft:interact_with_crafting_table":44,"minecraft:open_barrel":13,"minecraft:bell_ring":14,"minecraft:leave_game":15,"minecraft:time_since_death":28106,"minecraft:sprint_one_cm":1090931,"minecraft:drop":218,"minecraft:talked_to_villager":30,"minecraft:play_time":782093,"minecraft:deaths":11,"minecraft:jump":7494,"minecraft:walk_on_water_one_cm":91719,"minecraft:interact_with_furnace":62,"minecraft:sleep_in_bed":28,"minecraft:waystone_activated":13,"minecraft:damage_dealt":38034,"minecraft:player_kills":1,"minecraft:crouch_one_cm":33494,"tombstone:undead_killed":42,"tombstone:villager_killed":2,"minecraft:interact_with_smoker":7,"minecraft:interact_with_smithing_table":2,"minecraft:mob_kills":173,"minecraft:damage_dealt_resisted":526,"minecraft:climb_one_cm":17220,"minecraft:walk_one_cm":1304942,"minecraft:sneak_time":10177,"minecraft:walk_under_water_one_cm":58968,"minecraft:boat_one_cm":763292,"minecraft:interact_with_blast_furnace":4,"minecraft:total_world_time":782093,"tombstone:raider_killed":21,"minecraft:tune_noteblock":1,"minecraft:interact_with_stonecutter":1,"minecraft:time_since_rest":27822,"minecraft:damage_taken":8348,"minecraft:trigger_trapped_chest":1,"minecraft:swim_one_cm":121084,"minecraft:fly_one_cm":2169584,"minecraft:open_chest":357,"minecraft:fall_one_cm":150184},"minecraft:used":{"minecraft:iron_shovel":254,"minecraft:ladder":12,"minecraft:diamond_hoe":162,"minecraft:poppy":2,"minecraft:oak_sign":1,"minecraft:chest":27,"minecraft:stone":142,"minecraft:iron_sword":42,"securitycraft:keypad_item":1,"minecraft:jungle_planks":241,"minecraft:jungle_slab":3,"minecraft:acacia_sapling":18,"minecraft:glass":12,"minecraft:lava_bucket":4,"minecraft:villager_spawn_egg":2,"minecraft:lantern":73,"minecraft:grass_block":74,"easy_villagers:iron_farm":1,"minecraft:stone_brick_stairs":54,"minecraft:stone_bricks":719,"minecraft:item_frame":16,"minecraft:hay_block":2,"minecraft:furnace":5,"minecraft:oak_sapling":3,"minecraft:acacia_fence":17,"minecraft:skeleton_skull":1,"minecraft:potato":18,"minecraft:sugar_cane":53,"minecraft:diamond_axe":222,"minecraft:blast_furnace":6,"minecraft:purple_terracotta":2,"minecraft:stone_brick_wall":72,"minecraft:cobbled_deepslate_stairs":23,"waystones:waystone":11,"easy_villagers:villager":12,"minecraft:melon_slice":2,"minecraft:bread":90,"minecraft:lectern":1,"tombstone:grave_key":5,"minecraft:gravel":78,"minecraft:jungle_sign":6,"minecraft:diamond_sword":888,"minecraft:smithing_table":1,"minecraft:bone_meal":23,"minecraft:armor_stand":2,"minecraft:spruce_planks":3,"securitycraft:keypad_door_item":1,"minecraft:oak_door":2,"minecraft:torch":79,"minecraft:dirt":386,"minecraft:cobblestone_wall":45,"minecraft:stone_stairs":25,"minecraft:granite":38,"minecraft:oak_fence_gate":1,"minecraft:stone_brick_slab":34,"minecraft:jungle_log":9,"easy_villagers:trader":3,"minecraft:melon_seeds":6,"tombstone:gift":5,"minecraft:cooked_beef":11,"minecraft:cobbled_deepslate":166,"minecraft:orange_terracotta":1,"minecraft:pointed_dripstone":4,"minecraft:cooked_mutton":2,"minecraft:wheat_seeds":203,"minecraft:acacia_boat":1,"minecraft:water_bucket":46,"minecraft:cobblestone_stairs":33,"minecraft:dirt_path":31,"minecraft:baked_potato":14,"vampirism:item_garlic":2,"minecraft:cauldron":4,"minecraft:fletching_table":5,"securitycraft:scanner_door_item":1,"minecraft:crafting_table":3,"minecraft:painting":6,"justhammers:iron_hammer":432,"minecraft:smoker":3,"minecraft:diamond_pickaxe":348,"minecraft:diamond_shovel":997,"minecraft:mangrove_propagule":2,"minecraft:jungle_stairs":4,"travelersbackpack:standard":14,"minecraft:cooked_porkchop":12,"minecraft:bucket":45,"minecraft:kelp":8},"minecraft:crafted":{"minecraft:stone":497,"minecraft:cooked_mutton":2,"minecraft:melon_seeds":6,"minecraft:chest":3,"easy_villagers:trader":2,"minecraft:stone_bricks":432,"travelersbackpack:iron_tier_upgrade":2,"minecraft:cooked_porkchop":12,"minecraft:crafting_table":1,"minecraft:acacia_slab":6,"travelersbackpack:standard":3,"minecraft:smithing_table":2,"minecraft:lectern":1,"minecraft:stick":12,"minecraft:gold_ingot":9,"minecraft:coal":45,"minecraft:stone_brick_wall":42,"minecraft:iron_nugget":72,"minecraft:furnace":2,"easy_villagers:iron_farm":1,"minecraft:lantern":7,"minecraft:wheat":72,"minecraft:cooked_beef":11,"paraglider:paraglider":2,"travelersbackpack:backpack_tank":2,"minecraft:bread":62,"minecraft:air":0,"minecraft:iron_shovel":2,"vampirism:vampire_clothing_crown":1,"minecraft:acacia_planks":8},"minecraft:killed_by":{"minecraft:creeper":1,"iceandfire:sea_serpent":1,"minecraft:zombie":2,"minecraft:enderman":1,"iceandfire:lightning_dragon":1,"iceandfire:cockatrice":1},"minecraft:dropped":{"minecraft:porkchop":2,"travelersbackpack:iron_tier_upgrade":1,"travelersbackpack:standard":4,"minecraft:flint":3,"minecraft:dirt":3,"minecraft:gray_concrete":8,"minecraft:sand":2,"paraglider:paraglider":1,"minecraft:gravel":3,"minecraft:cobbled_deepslate":3694,"minecraft:andesite_slab":2,"minecraft:wheat":32,"minecraft:rotten_flesh":16,"justhammers:iron_hammer":6,"minecraft:poppy":28,"minecraft:skeleton_skull":1,"minecraft:acacia_slab":1,"minecraft:acacia_sapling":1,"minecraft:spruce_slab":6,"minecraft:glass":14,"minecraft:wheat_seeds":121,"minecraft:prismarine_shard":2,"minecraft:cobblestone":6,"minecraft:prismarine_crystals":4,"minecraft:amethyst_block":2,"minecraft:coal":96,"minecraft:stick":6,"minecraft:jungle_slab":3,"minecraft:smooth_quartz":5,"minecraft:iron_leggings":2,"minecraft:iron_shovel":1,"minecraft:acacia_planks":39,"minecraft:dandelion":3,"minecraft:smooth_basalt":20,"minecraft:kelp":5,"minecraft:chiseled_quartz_block":3,"minecraft:tuff":126,"minecraft:light_gray_concrete":13,"minecraft:filled_map":1,"minecraft:diamond_sword":3,"minecraft:andesite":1,"minecraft:quartz_stairs":4,"minecraft:oak_sapling":1,"minecraft:spider_eye":1,"minecraft:calcite":15},"minecraft:killed":{"vampirism:vampire":2,"minecraft:witch":1,"vampirism:advanced_vampire":1,"minecraft:spider":9,"minecraft:skeleton":18,"minecraft:chicken":2,"minecraft:magma_cube":1,"minecraft:pig":29,"minecraft:creeper":3,"vampirism:hunter":6,"minecraft:sheep":3,"minecraft:pillager":5,"minecraft:zombie":22,"minecraft:cow":36,"iceandfire:sea_serpent":1,"minecraft:vindicator":15,"iceandfire:siren":1,"minecraft:drowned":2,"minecraft:squid":1,"minecraft:villager":2,"minecraft:enderman":2},"minecraft:picked_up":{"minecraft:wheat":141,"minecraft:prismarine_shard":2,"minecraft:diamond_sword":6,"minecraft:potion":1,"minecraft:wither_rose":1,"minecraft:stone_brick_stairs":13,"minecraft:amethyst_block":2,"minecraft:string":18,"minecraft:iron_leggings":2,"minecraft:gold_nugget":8,"minecraft:cobbled_deepslate":3695,"minecraft:spruce_planks":17,"minecraft:calcite":15,"minecraft:smooth_quartz":5,"minecraft:melon_slice":6,"minecraft:coal_block":5,"minecraft:furnace":1,"minecraft:stick":37,"minecraft:torch":40,"minecraft:acacia_log":54,"iceandfire:silver_ore":1,"minecraft:porkchop":66,"vampirism:vampire_fang":1,"minecraft:pointed_dripstone":10,"tombstone:grave_dust":4,"vampirism:blood_bottle":1,"minecraft:rotten_flesh":34,"minecraft:blaze_powder":5,"minecraft:cobblestone":92,"minecraft:feather":2,"minecraft:andesite":1,"minecraft:jungle_log":53,"minecraft:chiseled_quartz_block":3,"minecraft:potato":27,"paraglider:spirit_orb":2,"minecraft:flint":7,"minecraft:tuff":126,"minecraft:acacia_boat":1,"minecraft:gray_concrete":9,"minecraft:lapis_lazuli":40,"minecraft:dirt":1171,"minecraft:lantern":2,"minecraft:bone":20,"minecraft:glass":26,"minecraft:acacia_planks":47,"minecraft:stonecutter":1,"minecraft:bow":1,"minecraft:wheat_seeds":573,"easy_villagers:trader":1,"minecraft:raw_gold":23,"vampirism:item_garlic":4,"minecraft:bamboo":33,"justhammers:iron_hammer":1,"minecraft:jungle_planks":11,"iceandfire:shiny_scales":4,"minecraft:sand":70,"minecraft:jungle_slab":6,"travelersbackpack:white_sleeping_bag":2,"minecraft:light_gray_concrete":15,"minecraft:diamond":62,"waystones:waystone":10,"minecraft:granite":2,"minecraft:emerald":7,"minecraft:oak_sapling":6,"iceandfire:silver_nugget":10,"minecraft:andesite_slab":2,"iceandfire:dragon_skull_lightning":1,"minecraft:cocoa_beans":8,"minecraft:crafting_table":3,"minecraft:chicken":2,"minecraft:gold_block":1,"minecraft:item_frame":1,"minecraft:beef":69,"minecraft:jungle_sapling":2,"minecraft:poppy":12,"minecraft:spruce_slab":6,"minecraft:quartz_stairs":6,"minecraft:sugar_cane":66,"minecraft:egg":1,"minecraft:raw_iron":13,"iceandfire:dragonbone":17,"minecraft:redstone":151,"minecraft:prismarine_crystals":4,"minecraft:purple_terracotta":2,"iceandfire:sea_serpent_scales_purple":4,"minecraft:arrow":17,"minecraft:hay_block":74,"minecraft:mutton":2,"minecraft:white_wool":2,"minecraft:leather":33,"minecraft:filled_map":1,"minecraft:oak_log":17,"iceandfire:ectoplasm":1,"minecraft:gunpowder":2,"vampirism:human_heart":3,"minecraft:stone_bricks":55,"minecraft:kelp":5,"guideapi_vp:vampirism-guidebook":1,"minecraft:iron_ingot":3,"minecraft:glass_bottle":2,"minecraft:acacia_sapling":16,"minecraft:iron_sword":2,"iceandfire:copper_nugget":14,"minecraft:smooth_basalt":20,"minecraft:dandelion":3,"minecraft:dripstone_block":5,"minecraft:gravel":49,"minecraft:amethyst_shard":64,"minecraft:blast_furnace":3,"minecraft:spider_eye":4,"travelersbackpack:standard":8,"tombstone:magic_scroll":2,"minecraft:acacia_slab":1,"minecraft:melon_seeds":2,"minecraft:coal":73,"minecraft:mangrove_propagule":2,"minecraft:ender_pearl":2}},"DataVersion":3120}