{"stats":{"minecraft:broken":{"minecraft:iron_helmet":1},"minecraft:mined":{"minecraft:spruce_planks":17,"minecraft:farmland":1,"minecraft:quartz_stairs":4,"minecraft:deepslate_diamond_ore":49,"iceandfire:copper_pile":2,"minecraft:jungle_slab":4,"minecraft:granite":2,"minecraft:acacia_log":7,"minecraft:purple_terracotta":2,"minecraft:grass_block":194,"minecraft:jungle_planks":10,"minecraft:coal_block":5,"minecraft:mangrove_propagule":1,"minecraft:spawner":3,"minecraft:hay_block":37,"minecraft:cobbled_deepslate":1,"minecraft:fire":8,"minecraft:gold_block":1,"iceandfire:gold_pile":3,"minecraft:potatoes":8,"minecraft:vine":1,"minecraft:deepslate_iron_ore":8,"minecraft:light_gray_concrete":15,"minecraft:bamboo":1,"minecraft:stone":16,"minecraft:spruce_slab":2,"minecraft:tripwire":1,"minecraft:deepslate_redstone_ore":12,"minecraft:acacia_leaves":6,"minecraft:gray_concrete":11,"minecraft:amethyst_cluster":17,"travelersbackpack:standard":6,"minecraft:chiseled_quartz_block":3,"minecraft:crafting_table":1,"minecraft:torch":6,"minecraft:poppy":4,"minecraft:melon":1,"minecraft:andesite_slab":2,"minecraft:tall_grass":57,"minecraft:deepslate_gold_ore":16,"minecraft:sugar_cane":20,"minecraft:wall_torch":14,"minecraft:amethyst_block":2,"minecraft:wheat":133,"minecraft:wither_rose":1,"iceandfire:silver_pile":3,"minecraft:grass":660,"vampirism:garlic":1,"minecraft:oak_log":7,"minecraft:smooth_quartz":5,"minecraft:gravel":7,"minecraft:sand":66,"minecraft:dirt":70,"minecraft:cobweb":3,"minecraft:stonecutter":1,"minecraft:deepslate":54,"minecraft:oak_leaves":8,"minecraft:fern":1},"minecraft:used":{"minecraft:armor_stand":2,"minecraft:poppy":2,"minecraft:diamond_hoe":123,"minecraft:oak_sign":1,"minecraft:chest":27,"minecraft:spruce_planks":3,"minecraft:stone":12,"minecraft:iron_sword":42,"securitycraft:keypad_door_item":1,"minecraft:oak_door":2,"minecraft:torch":65,"minecraft:dirt":217,"securitycraft:keypad_item":1,"minecraft:jungle_planks":241,"minecraft:cobblestone_wall":45,"minecraft:stone_stairs":21,"minecraft:jungle_slab":3,"minecraft:granite":38,"minecraft:acacia_sapling":5,"minecraft:oak_fence_gate":1,"minecraft:glass":12,"minecraft:villager_spawn_egg":2,"minecraft:lantern":32,"minecraft:grass_block":39,"minecraft:melon_seeds":6,"minecraft:item_frame":16,"minecraft:hay_block":2,"minecraft:oak_sapling":1,"minecraft:furnace":3,"minecraft:acacia_fence":17,"tombstone:gift":5,"minecraft:potato":18,"minecraft:cobbled_deepslate":166,"minecraft:orange_terracotta":1,"minecraft:wheat_seeds":195,"minecraft:water_bucket":16,"minecraft:acacia_boat":1,"minecraft:cobblestone_stairs":33,"minecraft:dirt_path":31,"minecraft:baked_potato":7,"vampirism:item_garlic":2,"securitycraft:scanner_door_item":1,"minecraft:diamond_axe":58,"minecraft:fletching_table":5,"minecraft:crafting_table":1,"minecraft:blast_furnace":3,"minecraft:purple_terracotta":2,"minecraft:painting":6,"minecraft:cobbled_deepslate_stairs":23,"justhammers:iron_hammer":432,"minecraft:smoker":3,"waystones:waystone":5,"easy_villagers:villager":8,"minecraft:diamond_pickaxe":231,"minecraft:diamond_shovel":353,"minecraft:melon_slice":2,"minecraft:bread":90,"minecraft:mangrove_propagule":2,"minecraft:lectern":1,"minecraft:jungle_stairs":4,"tombstone:grave_key":2,"minecraft:gravel":2,"minecraft:jungle_sign":6,"minecraft:diamond_sword":742,"travelersbackpack:standard":2,"minecraft:smithing_table":1,"minecraft:bucket":14,"minecraft:kelp":8,"minecraft:bone_meal":12},"minecraft:custom":{"minecraft:interact_with_smithing_table":2,"minecraft:mob_kills":135,"minecraft:interact_with_crafting_table":13,"minecraft:open_barrel":13,"minecraft:bell_ring":14,"minecraft:damage_dealt_resisted":526,"minecraft:leave_game":11,"minecraft:time_since_death":804,"minecraft:climb_one_cm":15347,"minecraft:sprint_one_cm":689991,"minecraft:walk_one_cm":807332,"minecraft:drop":173,"minecraft:talked_to_villager":29,"minecraft:play_time":522180,"minecraft:sneak_time":7634,"minecraft:deaths":6,"minecraft:walk_under_water_one_cm":43810,"minecraft:boat_one_cm":763292,"minecraft:jump":4376,"minecraft:interact_with_blast_furnace":1,"minecraft:walk_on_water_one_cm":63594,"minecraft:total_world_time":522180,"minecraft:interact_with_furnace":8,"tombstone:raider_killed":21,"minecraft:interact_with_stonecutter":1,"minecraft:sleep_in_bed":11,"minecraft:waystone_activated":7,"minecraft:time_since_rest":610,"minecraft:damage_taken":5335,"minecraft:trigger_trapped_chest":1,"minecraft:damage_dealt":30817,"minecraft:swim_one_cm":114911,"minecraft:fly_one_cm":1205262,"minecraft:player_kills":1,"minecraft:open_chest":269,"minecraft:crouch_one_cm":24027,"tombstone:undead_killed":26,"tombstone:villager_killed":2,"minecraft:fall_one_cm":90593,"minecraft:interact_with_smoker":2},"minecraft:killed_by":{"iceandfire:sea_serpent":1,"iceandfire:lightning_dragon":1},"minecraft:crafted":{"minecraft:coal":45,"minecraft:melon_seeds":6,"minecraft:chest":3,"minecraft:wheat":45,"paraglider:paraglider":2,"travelersbackpack:iron_tier_upgrade":2,"travelersbackpack:backpack_tank":2,"travelersbackpack:standard":3,"minecraft:smithing_table":1,"minecraft:bread":62,"minecraft:stick":12,"minecraft:gold_ingot":9,"vampirism:vampire_clothing_crown":1},"minecraft:dropped":{"minecraft:wheat_seeds":76,"minecraft:prismarine_shard":2,"minecraft:cobblestone":6,"minecraft:prismarine_crystals":4,"minecraft:amethyst_block":2,"travelersbackpack:iron_tier_upgrade":1,"travelersbackpack:standard":4,"minecraft:coal":96,"minecraft:stick":6,"minecraft:dirt":3,"minecraft:jungle_slab":3,"minecraft:gray_concrete":8,"minecraft:smooth_quartz":5,"minecraft:iron_leggings":2,"minecraft:sand":1,"paraglider:paraglider":1,"minecraft:acacia_planks":39,"minecraft:smooth_basalt":20,"minecraft:gravel":3,"minecraft:kelp":5,"minecraft:chiseled_quartz_block":3,"minecraft:cobbled_deepslate":3692,"minecraft:andesite_slab":2,"minecraft:tuff":126,"minecraft:rotten_flesh":13,"minecraft:light_gray_concrete":13,"justhammers:iron_hammer":6,"minecraft:filled_map":1,"minecraft:diamond_sword":2,"minecraft:poppy":3,"minecraft:skeleton_skull":1,"minecraft:andesite":1,"minecraft:quartz_stairs":4,"minecraft:acacia_slab":1,"minecraft:spruce_slab":6,"minecraft:glass":14,"minecraft:calcite":15},"minecraft:killed":{"vampirism:vampire":1,"minecraft:witch":1,"vampirism:advanced_vampire":1,"minecraft:spider":6,"minecraft:vindicator":15,"minecraft:skeleton":11,"iceandfire:siren":1,"minecraft:chicken":2,"minecraft:drowned":2,"minecraft:magma_cube":1,"minecraft:pig":24,"minecraft:creeper":3,"minecraft:squid":1,"vampirism:hunter":6,"minecraft:sheep":1,"minecraft:pillager":5,"minecraft:zombie":13,"minecraft:villager":2,"iceandfire:sea_serpent":1,"minecraft:enderman":1,"minecraft:cow":28},"minecraft:picked_up":{"minecraft:cocoa_beans":2,"minecraft:crafting_table":1,"minecraft:wheat":133,"minecraft:chicken":2,"minecraft:prismarine_shard":2,"minecraft:diamond_sword":4,"minecraft:wither_rose":1,"minecraft:potion":1,"minecraft:gold_block":1,"minecraft:amethyst_block":2,"minecraft:string":13,"minecraft:iron_leggings":2,"minecraft:item_frame":1,"minecraft:gold_nugget":8,"minecraft:cobbled_deepslate":3693,"minecraft:spruce_planks":17,"minecraft:beef":53,"minecraft:calcite":15,"minecraft:jungle_sapling":1,"minecraft:poppy":5,"minecraft:smooth_quartz":5,"minecraft:spruce_slab":6,"minecraft:quartz_stairs":6,"minecraft:coal_block":5,"minecraft:melon_slice":6,"minecraft:sugar_cane":36,"minecraft:egg":1,"minecraft:stick":11,"minecraft:raw_iron":13,"minecraft:torch":25,"minecraft:acacia_log":7,"minecraft:porkchop":48,"tombstone:grave_dust":4,"vampirism:vampire_fang":1,"minecraft:redstone":114,"minecraft:prismarine_crystals":4,"minecraft:purple_terracotta":2,"vampirism:blood_bottle":1,"minecraft:arrow":9,"iceandfire:sea_serpent_scales_purple":4,"minecraft:rotten_flesh":26,"minecraft:hay_block":36,"minecraft:mutton":1,"minecraft:white_wool":1,"minecraft:blaze_powder":5,"minecraft:cobblestone":92,"minecraft:feather":2,"minecraft:andesite":1,"minecraft:jungle_log":5,"minecraft:leather":27,"minecraft:chiseled_quartz_block":3,"minecraft:potato":27,"minecraft:filled_map":1,"paraglider:spirit_orb":2,"minecraft:tuff":126,"minecraft:oak_log":12,"minecraft:gunpowder":2,"minecraft:acacia_boat":1,"minecraft:lapis_lazuli":40,"minecraft:gray_concrete":9,"minecraft:dirt":325,"minecraft:bone":11,"minecraft:glass":26,"vampirism:human_heart":3,"minecraft:acacia_planks":47,"minecraft:stonecutter":1,"minecraft:kelp":5,"minecraft:bow":1,"minecraft:wheat_seeds":432,"minecraft:raw_gold":23,"guideapi_vp:vampirism-guidebook":1,"vampirism:item_garlic":4,"minecraft:iron_ingot":3,"minecraft:glass_bottle":2,"minecraft:bamboo":14,"minecraft:iron_sword":2,"iceandfire:copper_nugget":14,"minecraft:smooth_basalt":20,"minecraft:gravel":5,"justhammers:iron_hammer":1,"iceandfire:shiny_scales":4,"minecraft:sand":65,"minecraft:jungle_planks":11,"minecraft:amethyst_shard":64,"minecraft:jungle_slab":6,"minecraft:spider_eye":3,"travelersbackpack:white_sleeping_bag":2,"travelersbackpack:standard":6,"minecraft:light_gray_concrete":15,"minecraft:diamond":54,"waystones:waystone":4,"minecraft:granite":2,"iceandfire:silver_nugget":10,"minecraft:emerald":7,"minecraft:mangrove_propagule":2,"tombstone:magic_scroll":1,"minecraft:oak_sapling":2,"minecraft:acacia_slab":1,"minecraft:melon_seeds":2,"minecraft:andesite_slab":2,"minecraft:ender_pearl":1}},"DataVersion":3120}