{"stats":{"minecraft:crafted":{"minecraft:crafting_table":1,"minecraft:furnace":1,"minecraft:bucket":1,"justhammers:iron_hammer":1,"minecraft:stick":4,"minecraft:cobbled_deepslate_stairs":16,"minecraft:chest":1,"minecraft:acacia_planks":32},"minecraft:dropped":{"minecraft:wheat_seeds":11,"minecraft:raw_copper":14,"minecraft:tuff":40,"minecraft:rotten_flesh":3,"minecraft:diamond_shovel":1,"minecraft:granite":305,"justhammers:iron_hammer":1,"justhammers:stone_hammer":1,"minecraft:dirt":4,"minecraft:diorite":6,"minecraft:iron_chestplate":1,"minecraft:diamond_pickaxe":1,"minecraft:andesite":1,"minecraft:melon_slice":25,"minecraft:arrow":1,"minecraft:string":2,"minecraft:acacia_planks":1},"minecraft:killed":{"vampirism:vampire":1,"minecraft:witch":1,"minecraft:bat":5,"minecraft:spider":2,"minecraft:creeper":2,"minecraft:skeleton":3,"minecraft:trader_llama":2,"minecraft:zombie":3,"minecraft:chicken":1,"minecraft:cow":7},"minecraft:custom":{"minecraft:interact_with_furnace":3,"minecraft:mob_kills":26,"tombstone:raider_killed":1,"minecraft:interact_with_crafting_table":8,"minecraft:bell_ring":190,"minecraft:damage_dealt_resisted":245,"minecraft:leave_game":9,"minecraft:time_since_death":84561,"minecraft:sleep_in_bed":11,"minecraft:climb_one_cm":32,"minecraft:time_since_rest":9914,"minecraft:waystone_activated":3,"minecraft:sprint_one_cm":324092,"minecraft:damage_taken":1220,"minecraft:walk_one_cm":487530,"minecraft:drop":40,"minecraft:damage_dealt":5173,"minecraft:swim_one_cm":42525,"minecraft:talked_to_villager":8,"minecraft:player_kills":1,"minecraft:fly_one_cm":809731,"minecraft:open_chest":31,"minecraft:play_time":248380,"minecraft:crouch_one_cm":5607,"minecraft:sneak_time":2093,"tombstone:undead_killed":6,"minecraft:deaths":2,"minecraft:walk_under_water_one_cm":10005,"minecraft:jump":2540,"minecraft:walk_on_water_one_cm":17402,"minecraft:total_world_time":248380,"minecraft:interact_with_smoker":2,"minecraft:fall_one_cm":50214},"minecraft:mined":{"minecraft:deepslate_redstone_ore":15,"minecraft:tuff":1,"minecraft:acacia_leaves":4,"minecraft:glass_pane":1,"minecraft:attached_melon_stem":1,"minecraft:farmland":3,"minecraft:cobbled_deepslate_stairs":1,"minecraft:smoker":1,"minecraft:crafting_table":3,"minecraft:torch":1,"minecraft:granite":14,"minecraft:acacia_log":9,"minecraft:grass_block":64,"minecraft:melon":54,"minecraft:tall_grass":33,"minecraft:deepslate_gold_ore":13,"minecraft:sugar_cane":4,"minecraft:wall_torch":2,"minecraft:deepslate_copper_ore":4,"minecraft:hay_block":58,"minecraft:iron_ore":8,"minecraft:wheat":27,"minecraft:grass":406,"minecraft:coal_ore":37,"minecraft:dirt_path":141,"minecraft:deepslate_iron_ore":10,"minecraft:water_cauldron":2,"minecraft:gravel":2,"minecraft:acacia_door":1,"minecraft:dirt":25,"minecraft:acacia_planks":4,"minecraft:stone":100,"minecraft:stone_bricks":1,"minecraft:deepslate":129},"minecraft:used":{"minecraft:wheat_seeds":23,"minecraft:water_bucket":7,"minecraft:acacia_log":5,"minecraft:diamond_hoe":91,"minecraft:chest":2,"minecraft:sugar_cane":6,"minecraft:diamond_axe":139,"minecraft:bell":1,"minecraft:torch":14,"minecraft:dirt":199,"minecraft:red_bed":17,"minecraft:crafting_table":4,"minecraft:jungle_planks":21,"minecraft:acacia_sapling":2,"minecraft:cobbled_deepslate_stairs":17,"justhammers:iron_hammer":108,"minecraft:smoker":1,"minecraft:oak_fence_gate":2,"minecraft:jungle_sapling":8,"waystones:waystone":2,"minecraft:diamond_pickaxe":343,"minecraft:diamond_shovel":644,"minecraft:acacia_door":2,"minecraft:grass_block":322,"minecraft:melon_slice":79,"minecraft:jungle_log":1,"justhammers:stone_hammer":54,"minecraft:melon_seeds":3,"minecraft:stone_bricks":1,"minecraft:item_frame":1,"minecraft:diamond_sword":50,"minecraft:hay_block":58,"minecraft:furnace":1,"minecraft:acacia_fence":78,"minecraft:bucket":9,"tombstone:gift":1,"minecraft:cobbled_deepslate":69,"minecraft:acacia_planks":2,"minecraft:bone_meal":41},"minecraft:killed_by":{"minecraft:skeleton":1,"minecraft:creeper":1},"minecraft:picked_up":{"minecraft:crafting_table":3,"minecraft:iron_chestplate":1,"minecraft:wheat":15,"minecraft:chicken":1,"minecraft:glow_ink_sac":4,"minecraft:andesite":1,"minecraft:leather":5,"minecraft:lead":2,"minecraft:smoker":1,"minecraft:tuff":40,"minecraft:cobbled_deepslate_stairs":1,"minecraft:gunpowder":2,"minecraft:dirt":220,"minecraft:string":7,"minecraft:raw_copper":18,"minecraft:acacia_door":2,"minecraft:item_frame":1,"minecraft:bone":1,"minecraft:acacia_planks":3,"minecraft:stone_bricks":1,"minecraft:wheat_seeds":122,"minecraft:cobbled_deepslate":1110,"minecraft:raw_gold":13,"minecraft:beef":14,"minecraft:melon_slice":309,"minecraft:sugar_cane":10,"minecraft:acacia_sapling":2,"minecraft:stick":2,"minecraft:raw_iron":22,"minecraft:torch":6,"vampirism:ring":1,"minecraft:acacia_log":9,"justhammers:stone_hammer":1,"minecraft:diorite":6,"vampirism:vampire_fang":1,"minecraft:redstone":62,"minecraft:cauldron":2,"minecraft:diamond_shovel":1,"minecraft:arrow":1,"minecraft:rotten_flesh":3,"minecraft:diamond":12,"waystones:waystone":2,"minecraft:hay_block":58,"minecraft:diamond_axe":1,"minecraft:granite":113,"minecraft:melon_seeds":3,"minecraft:coal":49,"minecraft:cobblestone":179,"minecraft:diamond_pickaxe":1}},"DataVersion":3120}