{"stats":{"minecraft:custom":{"minecraft:time_since_rest":0,"minecraft:open_chest":3,"minecraft:crouch_one_cm":565,"minecraft:sprint_one_cm":20928,"minecraft:play_time":29053,"minecraft:walk_one_cm":43167,"minecraft:sneak_time":592,"minecraft:bell_ring":168,"minecraft:jump":189,"minecraft:leave_game":2,"minecraft:time_since_death":29053,"minecraft:sleep_in_bed":2,"minecraft:climb_one_cm":32,"minecraft:total_world_time":29053,"minecraft:fly_one_cm":205636,"minecraft:fall_one_cm":627,"minecraft:talked_to_villager":4},"minecraft:used":{"minecraft:torch":4,"minecraft:dirt":6,"minecraft:red_bed":17,"minecraft:grass_block":34,"minecraft:acacia_fence":26,"minecraft:oak_fence_gate":2,"minecraft:bell":1},"minecraft:picked_up":{"minecraft:wheat_seeds":2}},"DataVersion":3120}