{"stats":{"minecraft:mined":{"minecraft:hay_block":10,"minecraft:grass":10,"minecraft:grass_block":2,"minecraft:dirt_path":4},"minecraft:dropped":{"minecraft:wheat_seeds":1},"minecraft:custom":{"minecraft:time_since_rest":11940,"minecraft:open_chest":4,"minecraft:crouch_one_cm":565,"minecraft:sprint_one_cm":25749,"minecraft:play_time":41053,"minecraft:walk_one_cm":54538,"minecraft:sneak_time":600,"minecraft:bell_ring":168,"minecraft:drop":1,"minecraft:jump":242,"minecraft:leave_game":2,"minecraft:walk_on_water_one_cm":1296,"minecraft:time_since_death":41053,"minecraft:sleep_in_bed":2,"minecraft:climb_one_cm":32,"minecraft:total_world_time":41053,"minecraft:fly_one_cm":229383,"minecraft:fall_one_cm":1672,"minecraft:talked_to_villager":4},"minecraft:used":{"minecraft:torch":4,"minecraft:dirt":12,"minecraft:diamond_shovel":28,"minecraft:red_bed":17,"minecraft:grass_block":44,"minecraft:diamond_hoe":8,"minecraft:acacia_fence":26,"minecraft:chest":1,"minecraft:oak_fence_gate":2,"minecraft:bell":1},"minecraft:picked_up":{"minecraft:wheat_seeds":4,"minecraft:hay_block":10,"minecraft:dirt":6}},"DataVersion":3120}