{"stats":{"minecraft:crafted":{"minecraft:furnace":1,"minecraft:chest":5,"minecraft:cobbled_deepslate_stairs":24,"minecraft:crafting_table":1,"minecraft:bucket":1,"justhammers:iron_hammer":1,"minecraft:stick":4,"minecraft:acacia_planks":32},"minecraft:dropped":{"minecraft:wheat_seeds":11,"minecraft:granite":352,"minecraft:dirt":11,"minecraft:diorite":6,"minecraft:melon_slice":25,"minecraft:string":2,"minecraft:acacia_planks":1,"minecraft:raw_copper":14,"minecraft:tuff":40,"minecraft:rotten_flesh":3,"minecraft:diamond_shovel":1,"justhammers:iron_hammer":1,"justhammers:stone_hammer":1,"minecraft:diamond_pickaxe":1,"minecraft:iron_chestplate":1,"minecraft:andesite":10,"minecraft:arrow":1},"minecraft:custom":{"minecraft:mob_kills":26,"minecraft:interact_with_crafting_table":11,"minecraft:bell_ring":190,"minecraft:damage_dealt_resisted":245,"minecraft:leave_game":9,"minecraft:time_since_death":99302,"minecraft:climb_one_cm":32,"minecraft:sprint_one_cm":351397,"minecraft:walk_one_cm":565290,"minecraft:drop":45,"minecraft:talked_to_villager":8,"minecraft:play_time":263121,"minecraft:deaths":2,"minecraft:sneak_time":2093,"minecraft:walk_under_water_one_cm":10005,"minecraft:jump":2625,"minecraft:walk_on_water_one_cm":17402,"minecraft:total_world_time":263121,"minecraft:interact_with_furnace":3,"tombstone:raider_killed":1,"minecraft:sleep_in_bed":11,"minecraft:time_since_rest":24655,"minecraft:waystone_activated":3,"minecraft:damage_taken":1220,"minecraft:damage_dealt":5173,"minecraft:swim_one_cm":42525,"minecraft:fly_one_cm":825322,"minecraft:player_kills":1,"minecraft:open_chest":41,"minecraft:crouch_one_cm":5607,"tombstone:undead_killed":6,"minecraft:interact_with_smoker":2,"minecraft:fall_one_cm":50214},"minecraft:killed":{"vampirism:vampire":1,"minecraft:witch":1,"minecraft:spider":2,"minecraft:skeleton":3,"minecraft:chicken":1,"minecraft:bat":5,"minecraft:creeper":2,"minecraft:trader_llama":2,"minecraft:zombie":3,"minecraft:cow":7},"minecraft:mined":{"minecraft:tuff":1,"minecraft:attached_melon_stem":1,"minecraft:farmland":3,"minecraft:cobbled_deepslate_stairs":1,"minecraft:granite":58,"minecraft:acacia_log":9,"minecraft:grass_block":64,"minecraft:jungle_planks":10,"minecraft:hay_block":58,"minecraft:iron_ore":8,"minecraft:cobbled_deepslate":13,"minecraft:andesite":11,"minecraft:water_cauldron":2,"minecraft:deepslate_iron_ore":10,"minecraft:dirt_path":141,"minecraft:stone":272,"minecraft:deepslate_redstone_ore":15,"minecraft:acacia_leaves":4,"minecraft:glass_pane":1,"minecraft:smoker":1,"minecraft:crafting_table":4,"minecraft:torch":2,"minecraft:melon":54,"minecraft:chest":2,"minecraft:tall_grass":33,"minecraft:deepslate_gold_ore":13,"minecraft:sugar_cane":4,"minecraft:wall_torch":6,"minecraft:deepslate_copper_ore":4,"minecraft:wheat":27,"minecraft:grass":406,"minecraft:coal_ore":37,"minecraft:gravel":2,"minecraft:acacia_door":1,"minecraft:dirt":25,"minecraft:acacia_planks":4,"minecraft:stone_bricks":1,"minecraft:deepslate":129},"minecraft:used":{"minecraft:acacia_log":5,"minecraft:diamond_hoe":108,"minecraft:chest":8,"minecraft:bell":1,"minecraft:torch":23,"minecraft:dirt":199,"minecraft:jungle_planks":227,"minecraft:acacia_sapling":2,"minecraft:oak_fence_gate":2,"minecraft:jungle_sapling":8,"minecraft:grass_block":322,"minecraft:jungle_log":1,"minecraft:melon_seeds":3,"minecraft:stone_bricks":1,"minecraft:item_frame":1,"minecraft:hay_block":58,"minecraft:furnace":1,"minecraft:acacia_fence":78,"tombstone:gift":1,"minecraft:acacia_planks":2,"minecraft:cobbled_deepslate":178,"minecraft:wheat_seeds":40,"minecraft:water_bucket":7,"minecraft:diamond_axe":152,"minecraft:sugar_cane":6,"minecraft:crafting_table":5,"minecraft:red_bed":17,"minecraft:cobbled_deepslate_stairs":25,"minecraft:smoker":1,"justhammers:iron_hammer":118,"waystones:waystone":2,"minecraft:diamond_pickaxe":583,"minecraft:diamond_shovel":644,"minecraft:acacia_door":2,"minecraft:melon_slice":83,"justhammers:stone_hammer":54,"minecraft:diamond_sword":51,"minecraft:bucket":9,"minecraft:bone_meal":41},"minecraft:killed_by":{"minecraft:creeper":1,"minecraft:skeleton":1},"minecraft:picked_up":{"minecraft:iron_chestplate":1,"minecraft:crafting_table":4,"minecraft:wheat":15,"minecraft:chicken":1,"minecraft:lead":2,"minecraft:string":7,"minecraft:raw_copper":18,"minecraft:acacia_door":2,"minecraft:item_frame":1,"minecraft:cobbled_deepslate":1123,"minecraft:beef":14,"minecraft:melon_slice":309,"minecraft:sugar_cane":10,"minecraft:chest":2,"minecraft:raw_iron":22,"minecraft:stick":2,"minecraft:torch":11,"minecraft:acacia_log":9,"vampirism:vampire_fang":1,"minecraft:diorite":6,"minecraft:redstone":62,"minecraft:cauldron":2,"minecraft:rotten_flesh":3,"minecraft:arrow":1,"minecraft:hay_block":58,"minecraft:cobblestone":418,"minecraft:glow_ink_sac":4,"minecraft:andesite":21,"minecraft:leather":5,"minecraft:smoker":1,"minecraft:tuff":40,"minecraft:cobbled_deepslate_stairs":1,"minecraft:gunpowder":2,"minecraft:dirt":227,"minecraft:bone":1,"minecraft:acacia_planks":3,"minecraft:stone_bricks":1,"minecraft:wheat_seeds":122,"minecraft:raw_gold":13,"minecraft:acacia_sapling":2,"vampirism:ring":1,"minecraft:jungle_planks":10,"justhammers:stone_hammer":1,"minecraft:diamond_shovel":1,"minecraft:diamond":12,"waystones:waystone":2,"minecraft:granite":210,"minecraft:diamond_axe":1,"minecraft:melon_seeds":3,"minecraft:coal":49,"minecraft:diamond_pickaxe":1}},"DataVersion":3120}