{"stats":{"minecraft:crafted":{"minecraft:bread":15,"minecraft:wheat":45},"minecraft:dropped":{"minecraft:rotten_flesh":1,"minecraft:diamond_sword":1},"minecraft:killed":{"minecraft:spider":1},"minecraft:custom":{"minecraft:open_chest":13,"minecraft:time_since_rest":114150,"minecraft:crouch_one_cm":2126,"minecraft:sprint_one_cm":44816,"minecraft:play_time":118075,"minecraft:damage_taken":21,"minecraft:walk_one_cm":45473,"minecraft:bell_ring":14,"minecraft:sneak_time":382,"minecraft:mob_kills":2,"minecraft:drop":2,"minecraft:jump":338,"minecraft:damage_dealt":368,"minecraft:leave_game":4,"minecraft:time_since_death":118075,"minecraft:sleep_in_bed":1,"minecraft:climb_one_cm":451,"minecraft:total_world_time":118075,"minecraft:interact_with_crafting_table":1,"minecraft:talked_to_villager":5,"minecraft:fall_one_cm":6511,"minecraft:fly_one_cm":70045},"minecraft:mined":{"minecraft:hay_block":5,"minecraft:grass":14,"minecraft:grass_block":1,"minecraft:dirt":1,"minecraft:tall_grass":2,"minecraft:wall_torch":5},"minecraft:used":{"minecraft:torch":9,"minecraft:diamond_sword":10,"minecraft:dirt":2,"minecraft:bread":3,"minecraft:melon_slice":2,"justhammers:iron_hammer":8},"minecraft:picked_up":{"minecraft:rotten_flesh":1,"minecraft:wheat_seeds":2,"minecraft:torch":5,"minecraft:diamond_sword":1,"minecraft:hay_block":5,"minecraft:cobblestone":72,"minecraft:dirt":2,"minecraft:string":1}},"DataVersion":3120}