{"stats":{"minecraft:mined":{"minecraft:spruce_planks":17,"minecraft:farmland":1,"iceandfire:silver_ore":1,"minecraft:quartz_stairs":4,"minecraft:deepslate_diamond_ore":57,"minecraft:jungle_slab":4,"iceandfire:copper_pile":2,"minecraft:jungle_leaves":8,"minecraft:granite":2,"minecraft:acacia_log":24,"minecraft:purple_terracotta":2,"minecraft:grass_block":461,"minecraft:jungle_planks":10,"minecraft:jungle_log":51,"minecraft:coal_block":5,"minecraft:mangrove_propagule":1,"minecraft:spawner":3,"minecraft:hay_block":75,"minecraft:fire":10,"minecraft:cobbled_deepslate":1,"minecraft:gold_block":1,"minecraft:potatoes":8,"minecraft:vine":9,"minecraft:pointed_dripstone":5,"iceandfire:gold_pile":3,"minecraft:deepslate_iron_ore":8,"minecraft:light_gray_concrete":15,"minecraft:bamboo":3,"minecraft:stone":17,"minecraft:spruce_slab":2,"minecraft:tripwire":1,"minecraft:deepslate_redstone_ore":20,"minecraft:acacia_leaves":8,"minecraft:gray_concrete":11,"minecraft:amethyst_cluster":17,"minecraft:dandelion":1,"travelersbackpack:standard":8,"minecraft:chiseled_quartz_block":3,"minecraft:crafting_table":1,"minecraft:torch":9,"minecraft:poppy":4,"minecraft:melon":1,"minecraft:andesite_slab":2,"minecraft:tall_grass":75,"minecraft:deepslate_gold_ore":16,"minecraft:sugar_cane":40,"minecraft:wall_torch":15,"minecraft:amethyst_block":2,"minecraft:wheat":141,"minecraft:wither_rose":1,"minecraft:grass":1163,"vampirism:garlic":1,"minecraft:oak_log":7,"iceandfire:silver_pile":3,"minecraft:smooth_quartz":5,"minecraft:gravel":33,"minecraft:sand":67,"minecraft:dripstone_block":8,"minecraft:dirt":88,"minecraft:cobweb":4,"minecraft:stonecutter":1,"minecraft:deepslate":55,"minecraft:oak_leaves":38,"minecraft:fern":2},"minecraft:killed_by":{"minecraft:creeper":1,"iceandfire:sea_serpent":1,"iceandfire:lightning_dragon":1,"minecraft:zombie":1,"iceandfire:cockatrice":1},"minecraft:killed":{"vampirism:vampire":2,"minecraft:witch":1,"vampirism:advanced_vampire":1,"minecraft:spider":9,"minecraft:vindicator":15,"minecraft:skeleton":14,"iceandfire:siren":1,"minecraft:chicken":2,"minecraft:drowned":2,"minecraft:magma_cube":1,"minecraft:pig":29,"minecraft:creeper":3,"minecraft:squid":1,"vampirism:hunter":6,"minecraft:sheep":3,"minecraft:pillager":5,"minecraft:zombie":19,"minecraft:villager":2,"minecraft:enderman":1,"iceandfire:sea_serpent":1,"minecraft:cow":36},"minecraft:used":{"minecraft:armor_stand":2,"minecraft:poppy":2,"minecraft:diamond_hoe":162,"minecraft:oak_sign":1,"minecraft:chest":27,"minecraft:spruce_planks":3,"minecraft:stone":12,"minecraft:iron_sword":42,"securitycraft:keypad_door_item":1,"minecraft:oak_door":2,"minecraft:torch":75,"minecraft:dirt":283,"securitycraft:keypad_item":1,"minecraft:jungle_planks":241,"minecraft:cobblestone_wall":45,"minecraft:stone_stairs":21,"minecraft:jungle_slab":3,"minecraft:granite":38,"minecraft:acacia_sapling":8,"minecraft:oak_fence_gate":1,"minecraft:glass":12,"minecraft:villager_spawn_egg":2,"minecraft:lantern":32,"minecraft:grass_block":39,"minecraft:jungle_log":9,"easy_villagers:trader":1,"easy_villagers:iron_farm":1,"minecraft:melon_seeds":6,"minecraft:item_frame":16,"minecraft:hay_block":2,"minecraft:oak_sapling":1,"minecraft:furnace":3,"minecraft:acacia_fence":17,"tombstone:gift":5,"minecraft:skeleton_skull":1,"minecraft:potato":18,"minecraft:cooked_beef":6,"minecraft:cobbled_deepslate":166,"minecraft:orange_terracotta":1,"minecraft:cooked_mutton":2,"minecraft:wheat_seeds":203,"minecraft:water_bucket":23,"minecraft:acacia_boat":1,"minecraft:cobblestone_stairs":33,"minecraft:dirt_path":31,"vampirism:item_garlic":2,"minecraft:baked_potato":14,"minecraft:sugar_cane":20,"securitycraft:scanner_door_item":1,"minecraft:diamond_axe":179,"minecraft:fletching_table":5,"minecraft:crafting_table":1,"minecraft:blast_furnace":3,"minecraft:painting":6,"minecraft:purple_terracotta":2,"minecraft:cobbled_deepslate_stairs":23,"justhammers:iron_hammer":432,"minecraft:smoker":3,"waystones:waystone":9,"easy_villagers:villager":8,"minecraft:diamond_pickaxe":268,"minecraft:diamond_shovel":671,"minecraft:melon_slice":2,"minecraft:bread":90,"minecraft:mangrove_propagule":2,"minecraft:lectern":1,"minecraft:jungle_stairs":4,"tombstone:grave_key":4,"minecraft:gravel":2,"minecraft:jungle_sign":6,"minecraft:diamond_sword":844,"travelersbackpack:standard":14,"minecraft:cooked_porkchop":4,"minecraft:smithing_table":1,"minecraft:bucket":22,"minecraft:kelp":8,"minecraft:bone_meal":12},"minecraft:crafted":{"minecraft:coal":45,"minecraft:stone":1,"easy_villagers:iron_farm":1,"minecraft:cooked_mutton":2,"minecraft:melon_seeds":6,"minecraft:chest":3,"easy_villagers:trader":1,"minecraft:wheat":45,"minecraft:cooked_beef":11,"paraglider:paraglider":2,"travelersbackpack:iron_tier_upgrade":2,"minecraft:cooked_porkchop":12,"minecraft:acacia_slab":6,"travelersbackpack:backpack_tank":2,"travelersbackpack:standard":3,"minecraft:smithing_table":1,"minecraft:bread":62,"minecraft:air":0,"minecraft:lectern":1,"minecraft:stick":12,"minecraft:gold_ingot":9,"vampirism:vampire_clothing_crown":1},"minecraft:picked_up":{"iceandfire:dragon_skull_lightning":1,"minecraft:cocoa_beans":8,"minecraft:crafting_table":1,"minecraft:wheat":141,"minecraft:chicken":2,"minecraft:prismarine_shard":2,"minecraft:diamond_sword":5,"minecraft:wither_rose":1,"minecraft:gold_block":1,"minecraft:potion":1,"minecraft:amethyst_block":2,"minecraft:string":18,"minecraft:iron_leggings":2,"minecraft:item_frame":1,"minecraft:gold_nugget":8,"minecraft:cobbled_deepslate":3695,"minecraft:spruce_planks":17,"minecraft:beef":69,"minecraft:calcite":15,"minecraft:jungle_sapling":2,"minecraft:poppy":6,"minecraft:smooth_quartz":5,"minecraft:spruce_slab":6,"minecraft:quartz_stairs":6,"minecraft:coal_block":5,"minecraft:melon_slice":6,"minecraft:sugar_cane":56,"minecraft:egg":1,"minecraft:stick":17,"minecraft:raw_iron":13,"iceandfire:dragonbone":17,"minecraft:torch":30,"minecraft:acacia_log":24,"iceandfire:silver_ore":1,"minecraft:porkchop":66,"minecraft:pointed_dripstone":10,"tombstone:grave_dust":4,"vampirism:vampire_fang":1,"minecraft:redstone":151,"minecraft:prismarine_crystals":4,"minecraft:purple_terracotta":2,"vampirism:blood_bottle":1,"minecraft:arrow":11,"iceandfire:sea_serpent_scales_purple":4,"minecraft:rotten_flesh":31,"minecraft:hay_block":74,"minecraft:mutton":2,"minecraft:white_wool":2,"minecraft:blaze_powder":5,"minecraft:cobblestone":92,"minecraft:feather":2,"minecraft:andesite":1,"minecraft:jungle_log":53,"minecraft:leather":33,"minecraft:chiseled_quartz_block":3,"minecraft:potato":27,"minecraft:filled_map":1,"paraglider:spirit_orb":2,"minecraft:flint":3,"minecraft:tuff":126,"minecraft:oak_log":12,"iceandfire:ectoplasm":1,"minecraft:gunpowder":2,"minecraft:acacia_boat":1,"minecraft:gray_concrete":9,"minecraft:lapis_lazuli":40,"minecraft:dirt":616,"minecraft:glass":26,"minecraft:bone":15,"vampirism:human_heart":3,"minecraft:acacia_planks":47,"minecraft:kelp":5,"minecraft:bow":1,"minecraft:stonecutter":1,"minecraft:wheat_seeds":523,"minecraft:raw_gold":23,"guideapi_vp:vampirism-guidebook":1,"vampirism:item_garlic":4,"minecraft:iron_ingot":3,"minecraft:glass_bottle":2,"minecraft:bamboo":33,"minecraft:iron_sword":2,"minecraft:acacia_sapling":3,"iceandfire:copper_nugget":14,"minecraft:smooth_basalt":20,"minecraft:dripstone_block":5,"minecraft:gravel":28,"justhammers:iron_hammer":1,"iceandfire:shiny_scales":4,"minecraft:sand":66,"minecraft:jungle_planks":11,"minecraft:amethyst_shard":64,"minecraft:jungle_slab":6,"minecraft:spider_eye":4,"travelersbackpack:white_sleeping_bag":2,"travelersbackpack:standard":8,"minecraft:light_gray_concrete":15,"minecraft:diamond":62,"waystones:waystone":8,"minecraft:granite":2,"minecraft:emerald":7,"tombstone:magic_scroll":1,"minecraft:oak_sapling":6,"minecraft:acacia_slab":1,"minecraft:melon_seeds":2,"iceandfire:silver_nugget":10,"minecraft:mangrove_propagule":2,"minecraft:andesite_slab":2,"minecraft:ender_pearl":1},"minecraft:custom":{"minecraft:interact_with_smithing_table":2,"minecraft:mob_kills":163,"minecraft:interact_with_crafting_table":18,"minecraft:open_barrel":13,"minecraft:bell_ring":14,"minecraft:damage_dealt_resisted":526,"minecraft:leave_game":14,"minecraft:time_since_death":11720,"minecraft:climb_one_cm":16527,"minecraft:sprint_one_cm":864643,"minecraft:walk_one_cm":1007355,"minecraft:drop":189,"minecraft:talked_to_villager":30,"minecraft:play_time":640793,"minecraft:sneak_time":8331,"minecraft:deaths":9,"minecraft:walk_under_water_one_cm":58968,"minecraft:boat_one_cm":763292,"minecraft:jump":5947,"minecraft:interact_with_blast_furnace":1,"minecraft:walk_on_water_one_cm":82266,"minecraft:total_world_time":640793,"minecraft:interact_with_furnace":18,"tombstone:raider_killed":21,"minecraft:tune_noteblock":1,"minecraft:interact_with_stonecutter":1,"minecraft:sleep_in_bed":19,"minecraft:waystone_activated":11,"minecraft:time_since_rest":1150,"minecraft:damage_taken":6961,"minecraft:trigger_trapped_chest":1,"minecraft:damage_dealt":35724,"minecraft:swim_one_cm":121084,"minecraft:fly_one_cm":1628581,"minecraft:player_kills":1,"minecraft:crouch_one_cm":26275,"minecraft:open_chest":321,"tombstone:undead_killed":35,"tombstone:villager_killed":2,"minecraft:fall_one_cm":119803,"minecraft:interact_with_smoker":7},"minecraft:broken":{"minecraft:iron_chestplate":1,"minecraft:iron_helmet":1},"minecraft:dropped":{"minecraft:porkchop":2,"minecraft:wheat_seeds":83,"minecraft:prismarine_shard":2,"minecraft:cobblestone":6,"minecraft:prismarine_crystals":4,"minecraft:amethyst_block":2,"travelersbackpack:iron_tier_upgrade":1,"travelersbackpack:standard":4,"minecraft:coal":96,"minecraft:stick":6,"minecraft:flint":3,"minecraft:dirt":3,"minecraft:jungle_slab":3,"minecraft:gray_concrete":8,"minecraft:smooth_quartz":5,"minecraft:iron_leggings":2,"minecraft:sand":2,"paraglider:paraglider":1,"minecraft:acacia_planks":39,"minecraft:smooth_basalt":20,"minecraft:gravel":3,"minecraft:kelp":5,"minecraft:chiseled_quartz_block":3,"minecraft:cobbled_deepslate":3694,"minecraft:andesite_slab":2,"minecraft:tuff":126,"minecraft:rotten_flesh":15,"minecraft:light_gray_concrete":13,"justhammers:iron_hammer":6,"minecraft:filled_map":1,"minecraft:diamond_sword":3,"minecraft:poppy":4,"minecraft:skeleton_skull":1,"minecraft:andesite":1,"minecraft:quartz_stairs":4,"minecraft:acacia_slab":1,"minecraft:oak_sapling":1,"minecraft:spider_eye":1,"minecraft:spruce_slab":6,"minecraft:glass":14,"minecraft:calcite":15}},"DataVersion":3120}