{"stats":{"minecraft:mined":{"minecraft:hay_block":15,"minecraft:acacia_leaves":4,"minecraft:farmland":3,"minecraft:wheat":17,"minecraft:grass":194,"minecraft:acacia_log":7,"minecraft:grass_block":34,"minecraft:dirt_path":139,"minecraft:melon":35,"minecraft:dirt":4,"minecraft:tall_grass":9,"minecraft:acacia_planks":2},"minecraft:killed":{"minecraft:zombie":1},"minecraft:dropped":{"minecraft:wheat_seeds":3,"minecraft:rotten_flesh":2,"minecraft:acacia_planks":1},"minecraft:custom":{"minecraft:time_since_rest":13194,"minecraft:sprint_one_cm":71963,"minecraft:damage_taken":50,"minecraft:walk_one_cm":169435,"minecraft:mob_kills":1,"minecraft:drop":6,"minecraft:damage_dealt":200,"minecraft:talked_to_villager":4,"minecraft:fly_one_cm":296115,"minecraft:open_chest":5,"minecraft:crouch_one_cm":1301,"minecraft:play_time":71583,"tombstone:undead_killed":1,"minecraft:bell_ring":168,"minecraft:sneak_time":791,"minecraft:jump":579,"minecraft:leave_game":3,"minecraft:time_since_death":71583,"minecraft:walk_on_water_one_cm":1370,"minecraft:sleep_in_bed":4,"minecraft:total_world_time":71583,"minecraft:climb_one_cm":32,"minecraft:fall_one_cm":6328},"minecraft:crafted":{"minecraft:crafting_table":1,"minecraft:acacia_planks":28},"minecraft:used":{"minecraft:diamond_shovel":469,"minecraft:grass_block":136,"minecraft:melon_slice":7,"minecraft:diamond_hoe":18,"minecraft:chest":1,"minecraft:bell":1,"minecraft:diamond_axe":60,"minecraft:torch":4,"minecraft:dirt":174,"minecraft:red_bed":17,"minecraft:acacia_fence":26,"minecraft:acacia_sapling":2,"minecraft:oak_fence_gate":2},"minecraft:picked_up":{"minecraft:stick":2,"minecraft:wheat":6,"minecraft:acacia_log":7,"minecraft:dirt":168,"minecraft:acacia_planks":2,"minecraft:rotten_flesh":2,"minecraft:wheat_seeds":57,"minecraft:hay_block":15,"minecraft:melon_slice":190,"minecraft:melon_seeds":1,"minecraft:acacia_sapling":2}},"DataVersion":3120}