{"stats":{"minecraft:mined":{"iceandfire:copper_pile":2,"iceandfire:podium_dark_oak":1,"minecraft:jungle_leaves":342,"minecraft:obsidian":1,"minecraft:granite":28,"minecraft:acacia_log":383,"minecraft:jungle_log":169,"minecraft:coal_block":6,"minecraft:nether_wart":40,"minecraft:spawner":6,"minecraft:weeping_vines_plant":1,"minecraft:cobbled_deepslate":15,"minecraft:fire":20,"minecraft:enchanting_table":1,"iceandfire:gold_pile":3,"minecraft:dirt_path":2,"minecraft:light_gray_concrete":21,"minecraft:white_banner":1,"minecraft:tripwire":1,"minecraft:piston_head":2,"minecraft:red_bed":15,"minecraft:player_wall_head":6,"minecraft:crimson_nylium":13,"minecraft:amethyst_cluster":17,"minecraft:torch":21,"minecraft:blast_furnace":3,"minecraft:melon":1,"minecraft:sugar_cane":209,"minecraft:damaged_anvil":2,"minecraft:amethyst_block":3,"minecraft:wheat":302,"minecraft:wither_rose":2,"minecraft:stone_brick_stairs":13,"minecraft:grass":2350,"minecraft:smooth_quartz":5,"minecraft:stonecutter":1,"minecraft:deepslate":101,"iceandfire:silver_ore":7,"minecraft:nether_bricks":1,"minecraft:jungle_planks":10,"minecraft:crimson_roots":19,"minecraft:kelp":1,"minecraft:jungle_sapling":4,"minecraft:acacia_wood":12,"minecraft:andesite":72,"minecraft:potatoes":62,"minecraft:vine":41,"minecraft:bamboo":3,"minecraft:redstone_block":1,"minecraft:gray_concrete":11,"minecraft:soul_sand":41,"travelersbackpack:nether":1,"minecraft:dandelion":3,"minecraft:warped_roots":4,"minecraft:tall_grass":199,"minecraft:copper_ore":6,"minecraft:deepslate_gold_ore":57,"vampirism:totem_base":1,"vampirism:garlic":1,"iceandfire:silver_pile":3,"minecraft:gravel":137,"minecraft:dripstone_block":8,"minecraft:cobweb":23,"minecraft:acacia_planks":10,"minecraft:stone_bricks":56,"minecraft:fern":19,"vampirism:altar_tip":3,"vampirism:blood_sieve":1,"minecraft:spruce_planks":35,"minecraft:farmland":1,"minecraft:jungle_slab":40,"minecraft:cobblestone_stairs":4,"vampirism:totem_top_crafted":1,"minecraft:grass_block":3297,"minecraft:soul_soil":2,"minecraft:glowstone":13,"minecraft:iron_ore":9,"minecraft:skeleton_wall_skull":1,"minecraft:pointed_dripstone":5,"minecraft:iron_bars":5,"minecraft:spruce_slab":2,"minecraft:deepslate_redstone_ore":20,"minecraft:chiseled_quartz_block":3,"vampirism:blood_grinder":3,"minecraft:calcite":2,"minecraft:poppy":8,"iceandfire:fire_lily":1,"minecraft:nether_quartz_ore":26,"minecraft:wither_skeleton_wall_skull":2,"minecraft:cobblestone":80,"minecraft:wall_torch":20,"minecraft:nether_wart_block":72,"paraglider:kakariko_goddess_statue":1,"minecraft:smooth_stone_slab":15,"minecraft:oak_log":17,"minecraft:beetroots":3,"minecraft:acacia_fence":1,"minecraft:sand":222,"minecraft:dirt":1496,"minecraft:crimson_planks":2,"minecraft:netherrack":28,"minecraft:oak_leaves":982,"minecraft:quartz_stairs":4,"minecraft:deepslate_diamond_ore":110,"travelersbackpack:fox":2,"minecraft:purple_terracotta":2,"minecraft:weeping_vines":1,"vampirism:vampire_orchid":1,"minecraft:mangrove_propagule":1,"minecraft:crimson_stem":19,"minecraft:hay_block":75,"easy_villagers:iron_farm":1,"minecraft:furnace":5,"minecraft:carrots":1,"minecraft:nether_sprouts":1,"minecraft:gold_block":3,"minecraft:deepslate_iron_ore":9,"minecraft:shroomlight":23,"easy_villagers:trader":4,"minecraft:lantern":10,"minecraft:stripped_acacia_log":6,"minecraft:packed_ice":1,"minecraft:stone":577,"minecraft:acacia_leaves":90,"travelersbackpack:standard":15,"minecraft:crafting_table":3,"minecraft:andesite_slab":2,"minecraft:lectern":1,"minecraft:stone_slab":3,"minecraft:lapis_ore":4,"minecraft:birch_planks":2,"minecraft:coal_ore":24,"minecraft:stripped_acacia_wood":2},"minecraft:killed_by":{"minecraft:piglin_brute":1,"minecraft:zombie":2,"minecraft:vex":1,"minecraft:husk":1,"iceandfire:cockatrice":2,"minecraft:evoker":2,"minecraft:wither_skeleton":2,"minecraft:creeper":1,"iceandfire:sea_serpent":1,"vampirism:vampire_baron":2,"iceandfire:fire_dragon":2,"minecraft:player":2,"minecraft:enderman":1,"iceandfire:lightning_dragon":1},"minecraft:killed":{"vampirism:vampire":25,"iceandfire:hippogryph":1,"vampirism:advanced_vampire":4,"vampirism:blinding_bat":1,"minecraft:skeleton":33,"minecraft:chicken":3,"vampirism:advanced_hunter":1,"minecraft:magma_cube":1,"vampirism:converted_cow":1,"minecraft:pillager":24,"minecraft:zombie":69,"iceandfire:sea_serpent":2,"minecraft:cow":46,"minecraft:evoker":2,"minecraft:vindicator":21,"minecraft:horse":1,"iceandfire:siren":1,"iceandfire:hippocampus":3,"minecraft:rabbit":1,"iceandfire:ghost":4,"minecraft:enderman":12,"minecraft:witch":1,"minecraft:zombified_piglin":4,"minecraft:spider":60,"minecraft:illusioner":3,"minecraft:pig":40,"minecraft:zombie_villager":1,"minecraft:creeper":9,"vampirism:hunter":15,"minecraft:sheep":16,"minecraft:blaze":3,"minecraft:phantom":4,"minecraft:drowned":2,"minecraft:hoglin":9,"minecraft:squid":1,"minecraft:wither_skeleton":7,"minecraft:villager":2},"minecraft:used":{"iceandfire:lectern":1,"iceandfire:dragon_skull_ice":1,"minecraft:spruce_slab":41,"minecraft:poppy":2,"minecraft:ladder":12,"vampirism:altar_infusion":1,"minecraft:chest":63,"minecraft:stone":207,"vampirism:blood_container":12,"minecraft:soul_sand":79,"securitycraft:keypad_item":1,"minecraft:jungle_slab":285,"minecraft:acacia_sapling":70,"minecraft:weeping_vines":2,"minecraft:jungle_sapling":28,"minecraft:lava_bucket":4,"minecraft:villager_spawn_egg":3,"minecraft:grass_block":283,"easy_villagers:iron_farm":8,"vampirism:blood_sieve":5,"minecraft:stone_brick_stairs":54,"minecraft:oak_sapling":3,"minecraft:furnace":5,"minecraft:acacia_fence":261,"minecraft:egg":7,"minecraft:potato":78,"travelersbackpack:nether":3,"minecraft:damaged_anvil":6,"minecraft:cow_spawn_egg":66,"vampirism:human_heart":1,"minecraft:glow_berries":1,"minecraft:sand":21,"minecraft:blast_furnace":6,"minecraft:purple_terracotta":2,"minecraft:lightning_rod":4,"minecraft:lectern":2,"minecraft:nether_wart_block":119,"minecraft:diamond_sword":2349,"minecraft:smithing_table":1,"iceandfire:fire_lily":1,"travelersbackpack:sandstone":1,"minecraft:enchanting_table":1,"minecraft:acacia_log":382,"minecraft:armor_stand":7,"minecraft:netherrack":259,"minecraft:torch":153,"minecraft:anvil":1,"minecraft:target":2,"minecraft:stone_stairs":25,"tombstone:decorative_tombstone":1,"minecraft:oak_fence_gate":1,"minecraft:shroomlight":7,"tombstone:ankh_of_pray":5,"iceandfire:podium_dark_oak":2,"minecraft:jungle_log":216,"easy_villagers:trader":24,"minecraft:melon_seeds":6,"minecraft:glowstone":5,"tombstone:gift":10,"minecraft:acacia_planks":701,"minecraft:cobbled_deepslate":537,"minecraft:orange_terracotta":1,"minecraft:pointed_dripstone":4,"minecraft:calcite":2,"minecraft:wheat_seeds":371,"minecraft:water_bucket":126,"vampirism:altar_inspiration":1,"minecraft:dirt_path":31,"minecraft:birch_planks":2,"vampirism:item_garlic":2,"minecraft:cauldron":4,"minecraft:fletching_table":5,"iceandfire:dragon_skull_lightning":9,"securitycraft:scanner_door_item":1,"vampirism:blood_grinder":7,"justhammers:diamond_hammer":323,"minecraft:crafting_table":6,"justhammers:iron_hammer":511,"minecraft:diamond_pickaxe":1404,"minecraft:diamond_shovel":4091,"minecraft:mangrove_propagule":2,"minecraft:iron_pickaxe":69,"minecraft:pig_spawn_egg":6,"vampirism:altar_tip":7,"minecraft:cobblestone":704,"travelersbackpack:standard":21,"minecraft:cooked_porkchop":88,"vampirism:coffin_black":6,"vampirism:totem_base":3,"minecraft:kelp":8,"vampirism:vampire_orchid":1,"iceandfire:tide_trident":50,"minecraft:iron_shovel":1017,"easy_villagers:breeder":1,"minecraft:oak_sign":1,"minecraft:diamond_hoe":1530,"minecraft:shield":19,"minecraft:iron_sword":42,"minecraft:player_head":9,"minecraft:iron_chestplate":1,"minecraft:mutton":2,"minecraft:jungle_planks":241,"minecraft:nether_bricks":1,"minecraft:carrot":3,"minecraft:axolotl_bucket":1,"minecraft:obsidian":25,"minecraft:milk_bucket":1,"minecraft:glass":12,"vampirism:totem_top_crafted":1,"minecraft:lantern":123,"minecraft:iron_helmet":1,"minecraft:crimson_roots":1,"minecraft:stone_bricks":720,"minecraft:item_frame":16,"minecraft:deepslate_diamond_ore":35,"minecraft:hay_block":2,"minecraft:beetroot_seeds":4,"minecraft:gold_block":1,"minecraft:skeleton_skull":4,"minecraft:wither_skeleton_skull":3,"minecraft:stripped_acacia_log":56,"minecraft:mangrove_planks":65,"minecraft:sugar_cane":285,"minecraft:diamond_axe":973,"vampirism:totem_top":3,"minecraft:stone_brick_wall":72,"minecraft:black_bed":1,"minecraft:cobbled_deepslate_stairs":23,"waystones:waystone":14,"easy_villagers:villager":25,"minecraft:acacia_door":3,"minecraft:melon_slice":2,"minecraft:bread":90,"vampirism:altar_pillar":12,"paraglider:kakariko_goddess_statue":1,"tombstone:grave_key":7,"minecraft:gravel":81,"minecraft:jungle_sign":6,"iceandfire:dragon_skull_fire":3,"minecraft:andesite":3,"minecraft:smooth_stone_slab":57,"minecraft:bone_meal":201,"minecraft:experience_bottle":30,"vampirism:vampire_cloak_red_black":1,"minecraft:flint_and_steel":19,"minecraft:spruce_planks":10,"securitycraft:keypad_door_item":1,"minecraft:deepslate_gold_ore":1,"minecraft:oak_door":5,"minecraft:dirt":3050,"minecraft:hopper":1,"minecraft:cobblestone_wall":45,"minecraft:granite":38,"minecraft:stone_brick_slab":34,"minecraft:acacia_slab":6,"minecraft:iron_boots":1,"minecraft:crimson_planks":66,"minecraft:deepslate_tile_stairs":40,"easy_villagers:incubator":1,"minecraft:cooked_beef":11,"travelersbackpack:fox":5,"minecraft:iron_leggings":1,"minecraft:cooked_mutton":2,"minecraft:acacia_boat":1,"minecraft:amethyst_block":1,"minecraft:cobblestone_stairs":74,"minecraft:baked_potato":14,"tombstone:scroll_of_feather_fall":1,"minecraft:painting":20,"minecraft:smoker":3,"tombstone:bag_of_seeds":3,"minecraft:acacia_stairs":12,"iceandfire:dragonbone_bow":238,"minecraft:chicken":1,"minecraft:jungle_stairs":4,"minecraft:white_banner":2,"minecraft:bucket":125,"minecraft:chainmail_leggings":1},"minecraft:picked_up":{"minecraft:prismarine_shard":2,"minecraft:diamond_sword":15,"minecraft:wither_rose":2,"minecraft:enchanted_book":2,"minecraft:amethyst_block":3,"iceandfire:manuscript":10,"minecraft:string":100,"minecraft:soul_soil":2,"minecraft:shroomlight":22,"vampirism:obi_belt":1,"minecraft:beetroot":2,"minecraft:gold_nugget":9,"minecraft:cobbled_deepslate":7105,"minecraft:spruce_planks":44,"minecraft:coal_block":6,"minecraft:melon_slice":6,"iceandfire:silver_ore":8,"minecraft:acacia_log":433,"paraglider:kakariko_goddess_statue":2,"easy_villagers:iron_farm":1,"minecraft:golden_chestplate":1,"minecraft:stone_sword":1,"vampirism:blood_bottle":8,"iceandfire:fire_dragon_heart":2,"vampirism:blood_grinder":3,"minecraft:blaze_rod":2,"minecraft:iron_bars":1,"minecraft:feather":9,"minecraft:jungle_log":214,"minecraft:flint":14,"minecraft:gray_concrete":9,"minecraft:lantern":11,"minecraft:stonecutter":1,"minecraft:rabbit":1,"minecraft:glowstone_dust":42,"iceandfire:dragonscales_sapphire":32,"minecraft:stripped_acacia_wood":3,"iceandfire:dragon_skull_fire":4,"iceandfire:shiny_scales":14,"minecraft:bundle":1,"minecraft:stripped_acacia_log":7,"minecraft:deepslate":33,"minecraft:deepslate_gold_ore":1,"minecraft:granite":435,"minecraft:golden_horse_armor":1,"minecraft:crimson_roots":40,"iceandfire:dragon_skull_lightning":9,"minecraft:crafting_table":3,"iceandfire:witherbone":4,"minecraft:nether_wart":45,"travelersbackpack:sandstone":1,"iceandfire:sea_serpent_scales_blue":9,"minecraft:red_bed":15,"minecraft:iron_shovel":1,"vampirism:totem_base":2,"minecraft:deepslate_diamond_ore":35,"minecraft:beef":97,"minecraft:jungle_sapling":27,"minecraft:poppy":27,"minecraft:spruce_slab":6,"minecraft:quartz_stairs":6,"minecraft:chest":1,"minecraft:egg":7,"minecraft:carrot":36,"minecraft:redstone":160,"minecraft:prismarine_crystals":4,"iceandfire:dragon_skull_ice":1,"minecraft:beetroot_seeds":4,"minecraft:hay_block":74,"minecraft:gold_ingot":1,"minecraft:totem_of_undying":1,"minecraft:glow_berries":5,"minecraft:mutton":29,"minecraft:white_wool":23,"minecraft:rail":1,"vampirism:vampire_blood_bottle":1,"iceandfire:sea_serpent_fang":6,"minecraft:acacia_wood":8,"minecraft:filled_map":1,"minecraft:oak_log":22,"minecraft:white_banner":3,"minecraft:apple":9,"minecraft:stone_bricks":56,"minecraft:kelp":5,"guideapi_vp:vampirism-guidebook":1,"tombstone:bag_of_seeds":2,"minecraft:glass_bottle":20,"minecraft:iron_sword":3,"iceandfire:copper_nugget":14,"minecraft:smooth_basalt":20,"minecraft:gravel":127,"minecraft:crying_obsidian":1,"travelersbackpack:standard":15,"vampirism:blood_container":8,"minecraft:painting":14,"minecraft:warped_roots":1,"vampirism:vampire_orchid":1,"minecraft:melon_seeds":2,"minecraft:warped_nylium":2,"minecraft:mangrove_propagule":2,"minecraft:ender_pearl":5,"minecraft:wheat":314,"minecraft:redstone_block":1,"tombstone:tablet_of_home":1,"minecraft:potion":3,"minecraft:nether_brick":4,"minecraft:stone_brick_stairs":13,"minecraft:crimson_planks":56,"minecraft:raw_copper":71,"minecraft:smooth_stone_slab":19,"minecraft:iron_leggings":2,"minecraft:bucket":1,"minecraft:calcite":17,"minecraft:smooth_quartz":5,"minecraft:iron_pickaxe":2,"iceandfire:dragonscales_red":26,"minecraft:furnace":4,"minecraft:stick":124,"minecraft:acacia_fence":3,"minecraft:torch":50,"minecraft:porkchop":140,"minecraft:pointed_dripstone":10,"tombstone:grave_dust":25,"vampirism:vampire_fang":10,"minecraft:rotten_flesh":104,"minecraft:obsidian":25,"minecraft:blaze_powder":5,"minecraft:cobblestone":1753,"paraglider:paraglider":1,"minecraft:enchanting_table":1,"minecraft:magma_cream":11,"minecraft:andesite":277,"minecraft:chiseled_quartz_block":3,"minecraft:potato":221,"paraglider:spirit_orb":10,"minecraft:tuff":149,"minecraft:wither_skeleton_skull":3,"minecraft:acacia_boat":1,"minecraft:lapis_lazuli":65,"minecraft:dirt":4784,"minecraft:glass":26,"minecraft:bone":39,"minecraft:acacia_planks":146,"minecraft:bow":3,"minecraft:wheat_seeds":1262,"easy_villagers:trader":4,"minecraft:raw_gold":75,"vampirism:item_garlic":5,"minecraft:bamboo":33,"vampirism:totem_top_crafted":2,"vampirism:blood_sieve":1,"minecraft:cooked_porkchop":3,"justhammers:iron_hammer":3,"minecraft:sand":221,"minecraft:jungle_planks":11,"minecraft:grass_block":3,"iceandfire:podium_dark_oak":1,"minecraft:jungle_slab":49,"travelersbackpack:white_sleeping_bag":2,"minecraft:light_gray_concrete":27,"minecraft:diamond":85,"waystones:waystone":16,"travelersbackpack:nether":1,"minecraft:crossbow":2,"minecraft:bone_meal":8,"minecraft:emerald":179,"iceandfire:silver_nugget":10,"minecraft:oak_sapling":46,"minecraft:netherrack":312,"minecraft:andesite_slab":2,"minecraft:cocoa_beans":8,"minecraft:chicken":4,"iceandfire:fire_lily":1,"minecraft:gold_block":3,"minecraft:shield":2,"minecraft:item_frame":1,"minecraft:player_head":7,"minecraft:light_gray_wool":1,"minecraft:lectern":1,"minecraft:sugar_cane":361,"minecraft:phantom_membrane":2,"iceandfire:ice_dragon_heart":1,"minecraft:raw_iron":25,"iceandfire:dragonbone":60,"minecraft:purple_terracotta":2,"minecraft:weeping_vines":11,"iceandfire:sea_serpent_scales_purple":4,"minecraft:arrow":24,"minecraft:nether_bricks":1,"minecraft:saddle":3,"minecraft:skeleton_skull":1,"minecraft:air":0,"minecraft:golden_carrot":11,"minecraft:crimson_stem":19,"minecraft:leather":65,"minecraft:birch_planks":2,"minecraft:crimson_fungus":1,"minecraft:chainmail_chestplate":1,"iceandfire:ectoplasm":2,"minecraft:nether_wart_block":70,"minecraft:gunpowder":11,"minecraft:cobblestone_stairs":4,"vampirism:human_heart":6,"minecraft:rabbit_hide":1,"minecraft:iron_ingot":3,"iceandfire:fire_dragon_flesh":6,"minecraft:acacia_sapling":86,"minecraft:soul_sand":38,"minecraft:book":2,"minecraft:warped_fungus":1,"minecraft:quartz":26,"minecraft:dandelion":11,"minecraft:dripstone_block":5,"minecraft:amethyst_shard":64,"minecraft:blast_furnace":3,"minecraft:spider_eye":21,"travelersbackpack:fox":3,"vampirism:altar_tip":3,"minecraft:chainmail_leggings":1,"minecraft:iron_helmet":1,"tombstone:magic_scroll":2,"minecraft:acacia_slab":1,"minecraft:damaged_anvil":2,"minecraft:coal":112},"minecraft:crafted":{"minecraft:smooth_stone":21,"minecraft:diamond_shovel":2,"minecraft:bookshelf":6,"minecraft:cooked_mutton":2,"minecraft:glass":132,"minecraft:quartz_block":4,"minecraft:diamond_helmet":1,"minecraft:diamond_leggings":1,"minecraft:melon_seeds":6,"iceandfire:dragonbone_arrow":5,"minecraft:acacia_fence":45,"easy_villagers:trader":2,"minecraft:emerald":60,"minecraft:cooked_porkchop":22,"minecraft:acacia_slab":24,"travelersbackpack:standard":4,"minecraft:smithing_table":2,"iceandfire:wither_shard":3,"minecraft:fletching_table":3,"minecraft:hay_block":56,"waystones:warp_stone":1,"tombstone:white_marble":5,"minecraft:lectern":7,"minecraft:iron_block":21,"minecraft:gold_ingot":27,"iceandfire:armor_sapphire_boots":1,"vampirism:altar_tip":4,"minecraft:smooth_stone_slab":42,"minecraft:iron_nugget":72,"easy_villagers:iron_farm":1,"minecraft:bone_meal":66,"travelersbackpack:gold_tier_upgrade":1,"minecraft:lantern":7,"minecraft:diamond_boots":1,"minecraft:redstone_block":17,"minecraft:wheat":72,"minecraft:enchanting_table":1,"minecraft:acacia_stairs":8,"minecraft:enchanted_book":9,"minecraft:jungle_slab":258,"minecraft:writable_book":1,"minecraft:iron_shovel":4,"minecraft:iron_leggings":1,"vampirism:vampire_clothing_crown":1,"minecraft:oak_planks":68,"iceandfire:armor_sapphire_chestplate":1,"minecraft:cobblestone_stairs":44,"minecraft:stone":497,"tombstone:decorative_tombstone":1,"minecraft:hopper":4,"minecraft:iron_boots":1,"vampirism:altar_inspiration":1,"justhammers:diamond_hammer":2,"minecraft:chest":32,"vampirism:blood_grinder":4,"minecraft:stone_bricks":496,"minecraft:golden_boots":1,"travelersbackpack:iron_tier_upgrade":2,"iceandfire:armor_sapphire_helmet":1,"minecraft:cauldron":4,"minecraft:crafting_table":2,"minecraft:spruce_planks":16,"minecraft:iron_helmet":1,"minecraft:gold_block":7,"iceandfire:dragonbone_bow":2,"minecraft:book":1,"minecraft:iron_chestplate":1,"minecraft:paper":15,"minecraft:diamond_pickaxe":1,"minecraft:stick":724,"minecraft:iron_ingot":18,"minecraft:coal":45,"minecraft:stone_brick_wall":42,"minecraft:furnace":2,"iceandfire:armor_sapphire_leggings":1,"minecraft:glass_pane":160,"vampirism:blood_sieve":4,"vampirism:altar_infusion":1,"travelersbackpack:diamond_tier_upgrade":1,"minecraft:cooked_beef":11,"paraglider:paraglider":2,"minecraft:crimson_planks":136,"minecraft:diamond_sword":1,"travelersbackpack:backpack_tank":2,"iceandfire:tide_trident":1,"tombstone:ankh_of_pray":1,"minecraft:air":0,"minecraft:bread":64,"minecraft:jungle_planks":500,"vampirism:altar_pillar":12,"minecraft:anvil":1,"vampirism:blood_container":6,"minecraft:acacia_planks":616,"minecraft:diamond_chestplate":1},"minecraft:custom":{"minecraft:interact_with_crafting_table":88,"minecraft:open_barrel":42,"minecraft:bell_ring":14,"minecraft:leave_game":40,"minecraft:time_since_death":68292,"minecraft:damage_blocked_by_shield":465,"minecraft:play_time":2091204,"minecraft:deaths":27,"minecraft:jump":20859,"minecraft:interact_with_furnace":99,"minecraft:traded_with_villager":69,"minecraft:sleep_in_bed":50,"minecraft:waystone_activated":18,"minecraft:damage_dealt":107484,"tombstone:undead_killed":124,"minecraft:interact_with_smoker":7,"minecraft:use_cauldron":4,"minecraft:interact_with_smithing_table":9,"minecraft:interact_with_anvil":4,"vampirism:infected_creatures":1,"minecraft:sneak_time":49041,"minecraft:interact_with_blast_furnace":5,"minecraft:total_world_time":2091204,"vampirism:win_village_capture":1,"tombstone:raider_killed":55,"minecraft:tune_noteblock":1,"minecraft:interact_with_stonecutter":1,"tombstone:pray_on_grave":1,"minecraft:time_since_rest":68028,"tombstone:cast_on_ally":0,"minecraft:swim_one_cm":321716,"minecraft:fly_one_cm":6810192,"minecraft:open_chest":1218,"minecraft:fall_one_cm":351413,"minecraft:animals_bred":25,"minecraft:damage_resisted":635,"minecraft:sprint_one_cm":3552429,"minecraft:drop":629,"minecraft:play_noteblock":1,"minecraft:talked_to_villager":41,"minecraft:walk_on_water_one_cm":209748,"tombstone:steal_effect":16,"minecraft:player_kills":2,"minecraft:crouch_one_cm":163937,"tombstone:villager_killed":2,"minecraft:mob_kills":461,"minecraft:damage_dealt_resisted":1600,"minecraft:climb_one_cm":43265,"minecraft:walk_one_cm":3990347,"vampirism:capture_village":1,"minecraft:walk_under_water_one_cm":164090,"minecraft:boat_one_cm":763292,"minecraft:raid_trigger":1,"minecraft:damage_taken":1028238,"minecraft:trigger_trapped_chest":2},"minecraft:broken":{"minecraft:golden_boots":1,"minecraft:iron_chestplate":1,"minecraft:iron_leggings":1,"minecraft:diamond_shovel":2,"minecraft:iron_helmet":2,"minecraft:iron_shovel":3,"minecraft:diamond_hoe":1},"minecraft:dropped":{"minecraft:iron_sword":1,"minecraft:acacia_wood":4,"minecraft:porkchop":3,"minecraft:cooked_porkchop":1,"minecraft:weeping_vines":9,"minecraft:crossbow":1,"minecraft:warped_roots":1,"travelersbackpack:iron_tier_upgrade":1,"minecraft:rail":1,"minecraft:emerald":1,"minecraft:dirt":30,"minecraft:gray_concrete":8,"minecraft:jungle_sapling":19,"minecraft:bone_meal":16,"minecraft:gold_nugget":1,"minecraft:phantom_membrane":1,"minecraft:sand":2,"minecraft:bone":14,"minecraft:sugar_cane":87,"minecraft:golden_chestplate":1,"minecraft:cobbled_deepslate":4563,"minecraft:nether_brick":4,"minecraft:wheat":32,"minecraft:rotten_flesh":78,"minecraft:oak_planks":1,"justhammers:iron_hammer":9,"minecraft:acacia_sapling":27,"minecraft:spruce_slab":6,"minecraft:glass":14,"minecraft:beef":1,"minecraft:crying_obsidian":1,"minecraft:acacia_fence":3,"minecraft:egg":1,"minecraft:crimson_planks":116,"minecraft:enchanted_book":5,"minecraft:wheat_seeds":254,"minecraft:prismarine_crystals":4,"minecraft:iron_helmet":1,"minecraft:cobblestone":380,"minecraft:book":2,"minecraft:granite":268,"minecraft:coal":99,"minecraft:coal_block":1,"minecraft:jungle_slab":12,"minecraft:chainmail_leggings":1,"minecraft:iron_shovel":2,"minecraft:string":27,"iceandfire:dragon_skull_fire":1,"minecraft:acacia_planks":50,"minecraft:furnace":3,"minecraft:soul_soil":2,"minecraft:stone_sword":1,"minecraft:smooth_stone_slab":4,"minecraft:deepslate":33,"minecraft:light_gray_concrete":25,"minecraft:diamond_sword":6,"minecraft:shroomlight":14,"minecraft:spruce_planks":68,"minecraft:bundle":1,"vampirism:crossbow_arrow_normal":2,"iceandfire:dragonbone_arrow":1,"minecraft:spider_eye":5,"minecraft:bow":2,"vampirism:totem_top_crafted":1,"minecraft:soul_sand":7,"minecraft:warped_fungus":1,"iceandfire:fire_dragon_flesh":3,"minecraft:leather":3,"minecraft:honeycomb":53,"travelersbackpack:standard":4,"paraglider:spirit_orb":6,"minecraft:flint":14,"minecraft:cobblestone_stairs":8,"minecraft:crimson_roots":39,"iceandfire:dragonscales_red":26,"paraglider:paraglider":2,"minecraft:gravel":26,"minecraft:crimson_fungus":1,"minecraft:andesite_slab":2,"minecraft:beetroot":2,"vampirism:blood_bottle":1,"minecraft:diamond_shovel":1,"minecraft:poppy":605,"travelersbackpack:gold_tier_upgrade":1,"minecraft:gunpowder":4,"minecraft:skeleton_skull":1,"minecraft:beetroot_seeds":3,"minecraft:acacia_slab":1,"minecraft:chest":1,"minecraft:arrow":5,"minecraft:netherrack":153,"minecraft:enchanting_table":1,"minecraft:bread":27,"minecraft:prismarine_shard":2,"minecraft:amethyst_block":2,"minecraft:grass_block":1,"minecraft:stick":285,"minecraft:torch":2,"minecraft:nether_wart_block":14,"minecraft:smooth_quartz":5,"tombstone:grave_dust":7,"minecraft:iron_leggings":2,"minecraft:tripwire_hook":1,"minecraft:bucket":1,"iceandfire:dragonbone":3,"minecraft:redstone_block":1,"minecraft:dandelion":11,"minecraft:smooth_basalt":20,"minecraft:kelp":5,"minecraft:warped_nylium":2,"minecraft:chiseled_quartz_block":3,"minecraft:tuff":149,"minecraft:raw_iron":2,"minecraft:light_gray_wool":1,"iceandfire:silver_ore":6,"minecraft:stripped_acacia_wood":3,"minecraft:filled_map":1,"vampirism:totem_base":1,"minecraft:shield":1,"minecraft:andesite":165,"minecraft:quartz_stairs":4,"minecraft:oak_sapling":1,"iceandfire:dragonbone_bow":1,"iceandfire:fire_dragon_heart":1,"minecraft:calcite":15}},"DataVersion":3120}